product_id,product_name,size,color,price,cogs,categoriescategory_id,segmentssegment_id
536,SaigonFlex UC-01,S,green,11059.65,9704.842875,4,4
537,SaigonFlex UC-02,M,silver,9523.076012658228,5393.87025356962,4,4
538,SaigonFlex UC-03,L,pink,15951.633157894736,11371.919278263158,4,4
539,SaigonFlex UC-04,XL,yellow,15753.7172985782,8573.172953886256,4,4
540,SaigonFlex UC-05,S,red,15766.334536082471,14063.570406185569,4,4
541,SaigonFlex UC-06,M,black,16095.853846153846,15291.061153846153,4,4
542,SaigonFlex UC-07,L,orange,9213.817741935483,6152.066106290323,4,4
543,SaigonFlex UC-08,XL,blue,40.39417781955786,22.4877477162706,4,4
544,SaigonFlex UC-09,S,white,11334.106451612904,8528.91510483871,4,4
545,SaigonFlex UC-10,M,purple,10045.678411214954,9091.338962149532,4,4
546,SaigonFlex UC-11,L,green,16066.115625,13338.089191875,4,4
547,SaigonFlex UC-12,XL,silver,6544.421470588235,4298.376021882353,4,4
548,SaigonFlex UC-13,S,pink,6163.409553488373,4883.885730184186,4,4
549,SaigonFlex UC-14,M,yellow,6655.753057615516,5205.464466361095,4,4
550,SaigonFlex UC-15,L,red,5184.6242217898825,3404.7427264494163,4,4
551,SaigonFlex UC-16,XL,black,11245.40662055336,10683.136289525692,4,4
552,SaigonFlex UC-17,S,orange,11588.85,11009.4075,4,4
553,SaigonFlex UC-18,M,blue,11516.617241379312,9748.816494827586,4,4
554,SaigonFlex UC-19,L,white,10501.44709090909,6426.885619636364,4,4
555,SaigonFlex UC-20,XL,purple,10520.478996539792,9994.455046712805,4,4
556,SaigonFlex UC-21,S,green,10268.64391304348,9686.411803173914,4,4
557,SaigonFlex UC-22,M,silver,10090.442604501608,7554.714377990354,4,4
558,SaigonFlex UC-23,L,pink,18269.37,14094.818955,4,4
559,SaigonFlex UC-24,XL,yellow,7658.988223707352,6569.1141994737945,4,4
560,SaigonFlex UC-25,S,red,8428.274494382023,7354.512323797754,4,4
561,SaigonFlex UC-26,M,black,8951.670000000002,7753.936554000001,4,4
562,SaigonFlex UC-27,L,orange,11109.750837988828,10554.263296089386,4,4
563,SaigonFlex UC-28,XL,blue,9445.094755700327,8972.84001791531,4,4
564,SaigonFlex UC-29,S,white,11503.8,7876.651859999999,4,4
565,SaigonFlex UC-30,M,purple,10752.791426927502,9051.699823187571,4,4
566,SaigonFlex UC-31,L,green,11783.942843326886,9612.16217730174,4,4
567,SaigonFlex UC-32,XL,silver,10134.776887966806,8711.854212896265,4,4
568,SaigonFlex UC-33,S,pink,10532.698282442749,7628.833365973283,4,4
569,SaigonFlex UC-34,M,yellow,12601.622727272726,11971.54159090909,4,4
570,SaigonFlex UC-35,L,red,6934.761627906977,6364.030745930232,4,4
571,SaigonFlex UC-36,XL,black,6325.199999999999,6008.939999999999,4,4
572,SaigonFlex UC-37,S,orange,5428.175373134329,5156.766604477612,4,4
573,SaigonFlex UC-38,M,blue,3743.690322580645,2813.7576464516133,4,4
574,SaigonFlex UC-39,L,white,10912.659378640778,10134.58676494369,4,4
575,SaigonFlex UC-40,XL,purple,11157.957055214723,10600.059202453987,4,4
576,SaigonFlex UC-41,S,green,18775.840588235293,12572.302857882352,4,4
577,SaigonFlex UC-42,M,silver,12288.258347826088,9234.626148391304,4,4
578,SaigonFlex UC-43,L,pink,9414.213956043955,6648.317895758242,4,4
579,SaigonFlex UC-44,XL,yellow,15941.109130434785,14039.334811173912,4,4
580,SaigonFlex UC-45,S,red,9901.548539325842,9406.47111235955,4,4
581,SaigonFlex UC-46,M,black,16696.35,14125.112099999997,4,4
582,SaigonFlex UC-47,L,orange,4283.701578947369,3193.499527105263,4,4
583,SaigonFlex UC-48,XL,blue,6610.571739130435,4418.506150434782,4,4
584,SaigonFlex UC-49,S,white,7436.313925233644,4666.286988084112,4,4
585,SaigonFlex UC-50,M,purple,5044.252669537136,4792.040036060279,4,4
586,SaigonFlex UC-51,L,green,4552.686272040302,4325.051958438287,4,4
587,SaigonFlex UC-52,XL,silver,31.33370262797137,19.58344028160639,4,4
588,SaigonFlex UC-53,S,pink,7437.165180722891,6317.871821024096,4,4
589,SaigonFlex UC-54,M,yellow,10207.29366412214,7250.240689625954,4,4
590,SaigonFlex UC-55,L,red,10658.332964467008,10125.416316243656,4,4
591,SaigonFlex UC-56,XL,black,11048.621805273831,10496.190715010142,4,4
592,SaigonFlex UC-57,S,orange,11573.637804878048,7346.945278536587,4,4
593,SaigonFlex UC-58,M,blue,10942.190633484162,8946.335061936654,4,4
594,SaigonFlex UC-59,L,white,42.90873487037344,24.500482522900096,4,4
595,SaigonFlex UC-60,XL,purple,8975.727475247524,5284.908337425743,4,4
596,SaigonFlex UC-61,S,green,9577.146989690722,5842.05966371134,4,4
597,SaigonFlex UC-62,M,silver,60.89870697563103,38.963323338682926,4,4
598,SaigonFlex UC-63,L,pink,11489.45256880734,7924.275436706423,4,4
599,SaigonFlex UC-64,XL,yellow,10648.856285414482,10116.413471143758,4,4
600,SaigonFlex UC-65,S,red,9148.348757120662,4647.361168617297,4,4
601,SaigonFlex UC-66,M,black,15754.49563106796,14966.770849514562,4,4
602,SaigonFlex UC-67,L,orange,15756.270560747664,11752.60221126168,4,4
603,SaigonFlex UC-68,XL,blue,11026.336363636365,8163.899443636364,4,4
604,SaigonFlex UC-69,S,white,6135.298830630299,4141.940240558514,4,4
605,SaigonFlex UC-70,M,purple,4940.962741935484,3748.214336032258,4,4
606,SaigonFlex UC-71,L,green,4042.8549822064056,3552.4566728647687,4,4
607,SaigonFlex UC-72,XL,silver,11408.04,7676.470116,4,4
608,SaigonFlex UC-73,S,pink,11699.1,11114.145,4,4
609,SaigonFlex UC-74,M,yellow,10426.571033557047,8987.704230926174,4,4
610,SaigonFlex UC-75,L,red,11122.506,9587.600172,4,4
611,SaigonFlex UC-76,XL,black,17959.956617647054,12395.962057499995,4,4
612,SaigonFlex UC-77,S,orange,11727.45,7625.187989999999,4,4
613,SaigonFlex UC-78,M,blue,30.15463522343498,17.203640475749392,4,4
614,SaigonFlex UC-79,L,white,8263.487647058824,6609.137420117648,4,4
615,SaigonFlex UC-80,XL,purple,8328.96637057599,4873.278223424012,4,4
616,SaigonFlex UC-81,S,green,8545.56230769231,7898.663241,4,4
617,SaigonFlex UC-82,M,silver,10151.263043478262,6680.546208913043,4,4
618,SaigonFlex UC-83,L,pink,14262.4125,13549.291875,4,4
619,SaigonFlex UC-84,XL,yellow,11336.85,6509.61927,4,4
620,SaigonFlex UC-85,S,red,30.15483325288156,17.16017393108335,4,4
621,SaigonFlex UC-86,M,black,62.2827889133325,34.48317542707641,4,4
622,SaigonFlex UC-87,L,orange,9946.84289008455,7374.589318708685,4,4
623,SaigonFlex UC-88,XL,blue,17011.958108108105,9844.820157162165,4,4
624,SaigonFlex UC-89,S,white,45.01401526716507,26.88267126437134,4,4
625,SaigonFlex UC-90,M,purple,16075.5,8733.81915,4,4
626,SaigonFlex UC-91,L,green,17013.896946107783,16163.202098802392,4,4
627,SaigonFlex UC-92,XL,silver,11006.55,7708.987620000001,4,4
628,SaigonFlex UC-93,S,pink,11516.4,9278.76348,4,4
629,SaigonFlex UC-94,M,yellow,9968.7,9470.265,4,4
630,SaigonFlex UC-95,L,red,6176.85,3866.090415,4,4
631,SaigonFlex UC-96,XL,black,4677.019784172662,4443.168794964029,4,4
632,SaigonFlex UC-97,S,orange,4844.7,2618.07588,4,4
633,SaigonFlex UC-98,M,blue,6803.801506849315,3769.3060347945207,4,4
634,SaigonFlex UC-99,L,white,10788.273954983924,6005.8321107395495,4,4
635,SaigonFlex UC-00,XL,purple,10745.220588235294,9205.430477941176,4,4
636,SaigonFlex UC-01,S,green,10891.997347272134,9183.042963485135,4,4
637,SaigonFlex UC-02,M,silver,10938.358303886926,8362.374923321555,4,4
638,SaigonFlex UC-03,L,pink,12105.45,11500.1775,4,4
639,SaigonFlex UC-04,XL,yellow,10586.428125,10057.10671875,4,4
640,SaigonFlex UC-05,S,red,9757.343076923078,9269.475923076923,4,4
641,SaigonFlex UC-06,M,black,9957.778918764305,8252.011389979976,4,4
642,SaigonFlex UC-07,L,orange,10862.120949720673,7602.398452709498,4,4
643,SaigonFlex UC-08,XL,blue,13917.75,9639.43365,4,4
644,SaigonFlex UC-09,S,white,10607.752256033578,8623.041808929696,4,4
645,SaigonFlex UC-10,M,purple,8950.095000000001,8502.590250000001,4,4
646,SaigonFlex UC-11,L,green,11258.1,8881.51509,4,4
647,SaigonFlex UC-12,XL,silver,11033.912927650028,6038.860545302861,4,4
648,SaigonFlex UC-13,S,pink,10560.816,10032.7752,4,4
649,SaigonFlex UC-14,M,yellow,10084.343684210527,9580.1265,4,4
650,SaigonFlex UC-15,L,red,6110.106266552755,5804.600953225117,4,4
651,SaigonFlex UC-16,XL,black,9885.465808383236,5627.795684712575,4,4
652,SaigonFlex UC-17,S,orange,9960.631578947368,9462.6,4,4
653,SaigonFlex UC-18,M,blue,10584.532361623616,10055.305743542434,4,4
654,SaigonFlex UC-19,L,white,12297.939230769232,11683.04226923077,4,4
655,SaigonFlex UC-20,XL,purple,11836.938926174498,7837.237263020134,4,4
656,SaigonFlex UC-21,S,green,10963.752007822686,8877.35000073403,4,4
657,SaigonFlex UC-22,M,silver,11020.21447260834,10469.203748977923,4,4
658,SaigonFlex UC-23,L,pink,11169.79043478261,8112.6187927826095,4,4
659,SaigonFlex UC-24,XL,yellow,18102.50513513513,10184.469389027028,4,4
660,SaigonFlex UC-25,S,red,8500.351456310678,5856.742153398059,4,4
661,SaigonFlex UC-26,M,black,27.4457202657164,16.64539331995362,4,4
662,SaigonFlex UC-27,L,orange,10139.144776119403,5848.258706865672,4,4
663,SaigonFlex UC-28,XL,blue,8397.9,7978.004999999999,4,4
664,SaigonFlex UC-29,S,white,41.1417745385124,22.89831299904119,4,4
665,SaigonFlex UC-30,M,purple,27.512292997345988,17.265415450344953,4,4
666,SaigonFlex UC-31,L,green,9766.924054054054,7154.271869594596,4,4
667,SaigonFlex UC-32,XL,silver,9799.404146341463,9309.43393902439,4,4
668,SaigonFlex UC-33,S,pink,16826.67,12741.154524,4,4
669,SaigonFlex UC-34,M,yellow,16376.85,13867.91658,4,4
670,SaigonFlex UC-35,L,red,10899.88914893617,10354.894691489362,4,4
671,SaigonFlex UC-36,XL,black,11194.626315789474,7866.463912105264,4,4
672,SaigonFlex UC-37,S,orange,11024.427272727276,10473.20590909091,4,4
673,SaigonFlex UC-38,M,blue,27.486860722153324,16.36372210394695,4,4
674,SaigonFlex UC-39,L,white,8419.577208862469,6274.268936044312,4,4
675,SaigonFlex UC-40,XL,purple,7873.649577861162,5241.488523982176,4,4
676,SaigonFlex UC-41,S,green,9891.036652260638,9195.696775606715,4,4
677,SaigonFlex UC-42,M,silver,36.480756727820456,21.977431584878826,4,4
678,SaigonFlex UC-43,L,pink,15.4049348383473,9.151706300666453,4,4
679,SaigonFlex UC-44,XL,yellow,16.610464145853648,9.801441325584722,4,4
680,SaigonFlex UC-45,S,red,26.44547294094096,16.0250054413446,4,4
681,SaigonFlex UC-46,M,black,8907.554838709679,8272.446178709677,4,4
682,SaigonFlex UC-47,L,orange,11641.827272727272,11059.735909090909,4,4
683,SaigonFlex UC-48,XL,blue,10477.884955752212,6262.6318380530965,4,4
684,SaigonFlex UC-49,S,white,10989.136432160803,10439.679610552765,4,4
685,SaigonFlex UC-50,M,purple,10129.728957654725,8328.663148983715,4,4
686,SaigonFlex UC-51,L,green,9634.396153846154,5513.764918846154,4,4
687,SaigonFlex UC-52,XL,silver,5610.653125000001,4180.4976434375,4,4
688,SaigonFlex UC-53,S,pink,6694.905,5116.246400999999,4,4
689,SaigonFlex UC-54,M,yellow,4162.627714977795,3842.937906467501,4,4
690,SaigonFlex UC-55,L,red,4598.817231121282,3100.062695498856,4,4
691,SaigonFlex UC-56,XL,black,4663.545057034221,4430.36780418251,4,4
692,SaigonFlex UC-57,S,orange,3023.37,1991.191482,4,4
693,SaigonFlex UC-58,M,blue,22.084313317745423,12.489209747825754,4,4
189,DragonWear UC-01,M,yellow,9513.0,6181.5474,4,4
190,DragonWear UC-02,L,red,9443.7,7547.405040000001,4,4
191,DragonWear UC-03,XL,black,9513.0,9029.7396,4,4
192,DragonWear UC-04,S,orange,37.55095959605123,21.336185365589483,4,4
193,DragonWear UC-05,M,blue,9191.7,7248.57462,4,4
194,DragonWear UC-06,L,white,23.029830867355027,14.651084686631249,4,4
195,DragonWear UC-07,XL,purple,9191.7,5645.5421400000005,4,4
196,DragonWear UC-08,S,green,10073.7,7970.31144,4,4
387,LotusWear UC-01,XL,silver,11966.85,11368.5075,4,4
388,LotusWear UC-02,S,pink,12720.344318181818,12084.327102272728,4,4
389,LotusWear UC-03,M,yellow,11063.057547169812,10102.784152075472,4,4
390,LotusWear UC-04,L,red,16691.85,12462.13521,4,4
391,LotusWear UC-05,XL,black,12281.85,7574.216895,4,4
938,HanoiStreet UC-01,L,pink,18.82298104757963,12.133510917425138,4,4
939,HanoiStreet UC-02,XL,yellow,4494.106487018096,4269.401162667191,4,4
940,HanoiStreet UC-03,S,red,8270.437924528303,7856.916028301888,4,4
941,HanoiStreet UC-04,M,black,11339.37,9661.14324,4,4
942,HanoiStreet UC-05,L,orange,7413.811748878924,6891.879401757848,4,4
943,HanoiStreet UC-06,XL,blue,8063.37,7660.201499999999,4,4
944,HanoiStreet UC-07,S,white,8971.2,4491.8798400000005,4,4
945,HanoiStreet UC-08,M,purple,8241.386433389545,7829.317111720067,4,4
946,HanoiStreet UC-09,L,green,8360.990689655173,4980.642153827586,4,4
947,HanoiStreet UC-10,XL,silver,8472.12,7214.857392000001,4,4
948,HanoiStreet UC-11,S,pink,9063.348260869563,5344.656469434784,4,4
949,HanoiStreet UC-12,M,yellow,15434.37,14662.6515,4,4
950,HanoiStreet UC-13,L,red,17009.37,10601.940321,4,4
951,HanoiStreet UC-14,XL,black,59.51685248967167,34.956088420323645,4,4
952,HanoiStreet UC-15,S,orange,3321.4462564991336,3155.3739436741766,4,4
953,HanoiStreet UC-16,M,blue,30.25584774884125,17.459877222806806,4,4
954,HanoiStreet UC-17,L,white,8325.9412900097,7430.902601333657,4,4
955,HanoiStreet UC-18,XL,purple,9605.663617021277,6085.187901382978,4,4
956,HanoiStreet UC-19,S,green,9913.23,9417.5685,4,4
957,HanoiStreet UC-20,M,silver,9761.416875,6531.3640310625005,4,4
958,HanoiStreet UC-21,L,pink,8992.782371134022,5238.295731185568,4,4
959,HanoiStreet UC-22,XL,yellow,10276.115901639345,6593.155962491804,4,4
960,HanoiStreet UC-23,S,red,34.02213294761335,20.90319692901535,4,4
961,HanoiStreet UC-24,M,black,18.72951694189724,11.066773676274895,4,4
962,HanoiStreet UC-25,L,orange,5887.006363636364,5592.656045454545,4,4
963,HanoiStreet UC-26,XL,blue,5122.755359042553,2717.10944243617,4,4
964,HanoiStreet UC-27,S,white,3906.510139211137,2223.9762222529,4,4
965,HanoiStreet UC-28,M,purple,6039.659921465968,3816.461104374345,4,4
966,HanoiStreet UC-29,L,green,5858.236646507408,3333.336651862716,4,4
967,HanoiStreet UC-30,XL,silver,8161.481464968154,6491.642357235669,4,4
968,HanoiStreet UC-31,S,pink,8354.878474576273,7937.134550847459,4,4
969,HanoiStreet UC-32,M,yellow,5039.37,3478.6771110000004,4,4
970,HanoiStreet UC-33,L,red,26.6355532099264,14.717172228159244,4,4
971,HanoiStreet UC-34,XL,black,15434.37,14662.6515,4,4
972,HanoiStreet UC-35,S,orange,8000.37,5880.27195,4,4
973,HanoiStreet UC-36,M,blue,7486.731672597865,4697.92412455516,4,4
974,HanoiStreet UC-37,L,white,8151.269169550173,6372.662236754326,4,4
975,HanoiStreet UC-38,XL,purple,8846.74,8404.403,4,4
976,HanoiStreet UC-39,S,green,3962.158343558282,3764.050426380368,4,4
977,HanoiStreet UC-40,M,silver,5978.196828266228,4912.882153469187,4,4
978,HanoiStreet UC-41,L,pink,9462.733636363637,7198.301477181818,4,4
979,HanoiStreet UC-42,XL,yellow,4727.334705882353,4490.967970588235,4,4
980,HanoiStreet UC-43,S,red,4989.868578947368,4740.37515,4,4
981,HanoiStreet UC-44,M,black,2032.929931253305,1931.28343469064,4,4
982,HanoiStreet UC-45,L,orange,17194.14653631285,15180.711976910614,4,4
983,HanoiStreet UC-46,XL,blue,5354.37,5086.6515,4,4
984,HanoiStreet UC-47,S,white,34.617835837670064,19.5803762088434,4,4
985,HanoiStreet UC-48,M,purple,9262.49837837838,5465.800293081082,4,4
986,HanoiStreet UC-49,L,green,4409.37,2725.431597,4,4
987,HanoiStreet UC-50,XL,silver,20.896936494805555,12.9894776919699,4,4
988,HanoiStreet UC-51,S,pink,38.48540995794976,23.70287128042441,4,4
989,HanoiStreet UC-52,M,yellow,5262.4712658227845,2638.603092683544,4,4
990,HanoiStreet UC-53,L,red,5403.094003466204,3895.0904670987866,4,4
991,HanoiStreet UC-54,XL,black,26.042882961841165,14.394151405162956,4,4
992,HanoiStreet UC-55,S,orange,3453.456099585062,2504.7917090290457,4,4
993,HanoiStreet UC-56,M,blue,4262.353834196891,3732.117017222798,4,4
994,HanoiStreet UC-57,L,white,5821.2,3037.50216,4,4
995,HanoiStreet UC-58,XL,purple,7071.587821782178,6718.008430693069,4,4
996,HanoiStreet UC-59,S,green,8557.10595505618,6923.554428235956,4,4
997,HanoiStreet UC-60,M,silver,9456.745,7530.4060435,4,4
998,HanoiStreet UC-61,L,pink,8613.57,5197.428138000001,4,4
999,HanoiStreet UC-62,XL,yellow,9245.030869565218,5388.9284938695655,4,4
1029,MekongStyle UC-01,M,yellow,14486.85,13762.5075,4,4
1030,MekongStyle UC-02,L,red,29.468517794501352,16.86180384735625,4,4
1031,MekongStyle UC-03,XL,black,12596.85,11885.127975,4,4
1032,MekongStyle UC-04,S,orange,26.03176062726932,14.918996724175685,4,4
1033,MekongStyle UC-05,M,blue,12136.393255813957,8029.437778046513,4,4
1034,MekongStyle UC-06,L,white,10885.35,10341.0825,4,4
1035,MekongStyle UC-07,XL,purple,14486.85,12723.800355,4,4
1036,MekongStyle UC-08,S,green,69.47113022348645,42.87683645159384,4,4
1037,MekongStyle UC-09,M,silver,17006.85,13571.466299999998,4,4
1038,MekongStyle UC-10,L,pink,32.93714703716061,18.18035175845804,4,4
1039,MekongStyle UC-11,XL,yellow,21.6913947894699,12.156093169488374,4,4
1040,MekongStyle UC-12,S,red,13324.978153846156,9943.0986984,4,4
1041,MekongStyle UC-13,M,black,11954.96320754717,6095.835739528302,4,4
1042,MekongStyle UC-14,L,orange,14486.85,11301.191685,4,4
1199,MekongFit UC-01,XL,yellow,1637.37,1262.248533,4,4
1200,MekongFit UC-02,S,red,1243.935,895.2600195,4,4
1201,MekongFit UC-03,M,black,6929.37,6443.621163,4,4
1202,MekongFit UC-04,L,orange,7253.09891566265,6218.081700397591,4,4
1203,MekongFit UC-05,XL,blue,3885.7044481605353,3634.6879408093646,4,4
1204,MekongFit UC-06,S,white,4808.37,4567.9515,4,4
1205,MekongFit UC-07,M,purple,4409.37,3289.39002,4,4
1206,MekongFit UC-08,L,green,6110.37,5286.081087,4,4
1207,MekongFit UC-09,XL,silver,8323.85076923077,7907.658230769231,4,4
1208,MekongFit UC-10,S,pink,46.01732540609539,28.990528853171263,4,4
1209,MekongFit UC-11,M,yellow,20.32115659247737,11.539459529498265,4,4
1210,MekongFit UC-12,L,red,7044.87,6692.626499999999,4,4
1211,MekongFit UC-13,XL,black,8670.87,8237.326500000001,4,4
1212,MekongFit UC-14,S,orange,4947.391856581533,3803.060120154224,4,4
1213,MekongFit UC-15,M,blue,6198.434516129032,4649.445730548388,4,4
1214,MekongFit UC-16,L,white,8189.370000000001,4614.709995,4,4
1215,MekongFit UC-17,XL,purple,4138.55297271872,2641.63836248636,4,4
1216,MekongFit UC-18,S,green,36.0009539962887,22.15047295796197,4,4
1217,MekongFit UC-19,M,silver,7001.426663168941,5863.694830403987,4,4
1218,MekongFit UC-20,L,pink,15.121717422544467,8.677117853389895,4,4
1219,MekongFit UC-21,XL,yellow,19.46709453458012,10.900485493368713,4,4
1220,MekongFit UC-22,S,red,7693.690754716981,5870.286045849057,4,4
1221,MekongFit UC-23,M,black,9335.13,8663.00064,4,4
1222,MekongFit UC-24,L,orange,35.82852967556213,20.57694152770872,4,4
1223,MekongFit UC-25,XL,blue,4751.004708205353,4513.454472795085,4,4
1224,MekongFit UC-26,S,white,44.49543643977257,27.68624827776821,4,4
1225,MekongFit UC-27,M,purple,2511.495,2353.773114,4,4
1226,MekongFit UC-28,L,green,6689.096277372263,5573.355018306569,4,4
1227,MekongFit UC-29,XL,silver,3803.996185958254,3196.497995060721,4,4
1228,MekongFit UC-30,S,pink,1644.4317128463476,1030.2364680982369,4,4
1229,MekongFit UC-31,M,yellow,3180.5832888349514,2331.049492387136,4,4
1230,MekongFit UC-32,L,red,5786.595352112676,3670.437431845072,4,4
1231,MekongFit UC-33,XL,black,9063.754615384616,7768.5440808461535,4,4
1232,MekongFit UC-34,S,orange,4566.726164383562,4338.389856164384,4,4
1689,NamStyle UC-01,M,yellow,2708.37,1355.268348,4,4
1795,SaigonCore UC-01,XL,purple,6835.118181818181,5533.711679999999,4,4
1796,SaigonCore UC-02,S,green,9002.7,7059.017070000001,4,4
1797,SaigonCore UC-03,M,silver,5696.857894736842,3744.544694210525,4,4
1798,SaigonCore UC-04,L,pink,8498.7,5991.583500000001,4,4
1799,SaigonCore UC-05,XL,yellow,9443.7,8971.515,4,4
1800,SaigonCore UC-06,S,red,7633.08,7251.425999999999,4,4
1801,SaigonCore UC-07,M,black,9474.183870967743,7096.16371935484,4,4
1802,SaigonCore UC-08,L,orange,8498.7,7093.864890000001,4,4
1803,SaigonCore UC-09,XL,blue,5351.85,4369.2503400000005,4,4
1804,SaigonCore UC-10,S,white,8096.862162162162,5747.152762702703,4,4
1805,SaigonCore UC-11,M,purple,5532.45,3212.1404700000003,4,4
1882,BambooCraft UC-01,L,orange,35.46503609707341,22.54050046634314,4,4
1883,BambooCraft UC-02,XL,blue,9147.14027027027,8689.783256756757,4,4
1884,BambooCraft UC-03,S,white,10289.225985037408,8385.719177805486,4,4
1885,BambooCraft UC-04,M,purple,10079.37,8501.948595000002,4,4
1886,BambooCraft UC-05,L,green,10602.988421052632,8157.939291157894,4,4
1887,BambooCraft UC-06,XL,silver,31.61844608161177,20.01517154725592,4,4
1888,BambooCraft UC-07,S,pink,10940.58,10050.016788,4,4
1889,BambooCraft UC-08,M,yellow,8251.836923076922,7839.245076923075,4,4
1890,BambooCraft UC-09,L,red,29.35780741888176,17.312837837634,4,4
1891,BambooCraft UC-10,XL,black,8630.37,5459.572062000001,4,4
1892,BambooCraft UC-11,S,orange,10488.371582278482,9963.953003164555,4,4
1893,BambooCraft UC-12,M,blue,8686.73842105263,7189.144717263159,4,4
1894,BambooCraft UC-13,L,white,8725.29,4900.122864000001,4,4
1895,BambooCraft UC-14,XL,purple,9014.516341463415,8563.790524390244,4,4
1896,BambooCraft UC-15,S,green,8833.75888888889,7271.950317333333,4,4
1897,BambooCraft UC-16,M,silver,8661.21827586207,4709.104376586208,4,4
1898,BambooCraft UC-17,L,pink,12242.036896551725,11629.935051724138,4,4
1899,BambooCraft UC-18,XL,yellow,11430.57895522388,10859.050007462683,4,4
1900,BambooCraft UC-19,S,red,18.330955787804072,11.306689593388796,4,4
1901,BambooCraft UC-20,M,black,9899.9325,9404.935875,4,4
1902,BambooCraft UC-21,L,orange,19529.37,16287.49458,4,4
1903,BambooCraft UC-22,XL,blue,9629.856486486486,9148.36366216216,4,4
1904,BambooCraft UC-23,S,white,8222.527894736842,5716.301392421053,4,4
1905,BambooCraft UC-24,M,purple,11412.145352112677,8450.693633239436,4,4
1906,BambooCraft UC-25,L,green,8808.87,7972.027350000001,4,4
1907,BambooCraft UC-26,XL,silver,12729.083973799128,6993.358735205241,4,4
2066,UrbanVN UC-01,L,green,4537.142983114447,3082.081228429644,4,4
2067,UrbanVN UC-02,XL,silver,6547.54571884984,6220.168432907348,4,4
2068,UrbanVN UC-03,S,pink,24.830241277312545,14.165613653845371,4,4
2069,UrbanVN UC-04,M,yellow,6299.37,5984.4015,4,4
2070,UrbanVN UC-05,L,red,6299.110953947368,5095.98076174342,4,4
2071,UrbanVN UC-06,XL,black,4194.771265822785,2699.7547866835444,4,4
2072,UrbanVN UC-07,S,orange,27.54289180542567,15.95600411474264,4,4
2073,UrbanVN UC-08,M,blue,4327.885273311897,4111.491009646303,4,4
2074,UrbanVN UC-09,L,white,4031.37,2954.1879360000003,4,4
2075,UrbanVN UC-10,XL,purple,5543.37,4112.626203,4,4
2076,UrbanVN UC-11,S,green,8618.809655172414,8187.869172413792,4,4
2077,UrbanVN UC-12,M,silver,4480.875720823799,2845.356082723112,4,4
2078,UrbanVN UC-13,L,pink,6929.37,4147.227945,4,4
2079,UrbanVN UC-14,XL,yellow,6564.18724137931,6235.977879310344,4,4
2080,UrbanVN UC-15,S,red,6929.37,3718.992879,4,4
2081,UrbanVN UC-16,M,black,2708.37,2432.11626,4,4
2082,UrbanVN UC-17,L,orange,4066.0944094488186,3089.418532299212,4,4
2083,UrbanVN UC-18,XL,blue,3872.079591474245,3180.913384396092,4,4
2084,UrbanVN UC-19,S,white,8001.930483870968,7425.791489032258,4,4
2085,UrbanVN UC-20,M,purple,8000.37,7600.3515,4,4
2086,UrbanVN UC-21,L,green,2916.6541918294847,2528.4475188969805,4,4
2087,UrbanVN UC-22,XL,silver,8712.525405405406,7795.096480216216,4,4
2088,UrbanVN UC-23,S,pink,7055.37,6285.629133,4,4
2089,UrbanVN UC-24,M,yellow,9449.37,5547.725127000001,4,4
2090,UrbanVN UC-25,L,red,4301.704266090053,3533.8500545929787,4,4
2091,UrbanVN UC-26,XL,black,2019.996121076233,1168.1637568183855,4,4
2092,UrbanVN UC-27,S,orange,4099.841652593486,3894.849569963812,4,4
2093,UrbanVN UC-28,M,blue,5324.792535211268,3625.118757971831,4,4
2094,UrbanVN UC-29,L,white,5259.781764705882,4996.792676470587,4,4
2095,UrbanVN UC-30,XL,purple,50.54423484959421,32.32978997882029,4,4
2096,UrbanVN UC-31,S,green,37.99472429809594,20.946498813866302,4,4
2171,PhoenixWear UC-01,XL,black,5395.671662707839,3942.077716774347,4,4
2172,PhoenixWear UC-02,S,orange,16.359093790389007,9.137385792326617,4,4
2173,PhoenixWear UC-03,M,blue,9084.633157894736,6667.212274578948,4,4
2174,PhoenixWear UC-04,L,white,5039.37,2880.503892,4,4
2175,PhoenixWear UC-05,XL,purple,5666.85,3381.409395,4,4
2176,PhoenixWear UC-06,S,green,8819.37,7504.401933000001,4,4
2177,PhoenixWear UC-07,M,silver,7876.33875,5431.523202,4,4
2178,PhoenixWear UC-08,L,pink,10331.37,9814.8015,4,4
2179,PhoenixWear UC-09,XL,yellow,9154.692580645162,7143.40662067742,4,4
2180,PhoenixWear UC-10,S,red,5147.283148371532,4889.918990952955,4,4
2181,PhoenixWear UC-11,M,black,9449.37,8976.9015,4,4
2182,PhoenixWear UC-12,L,orange,9449.37,8976.9015,4,4
2183,PhoenixWear UC-13,XL,blue,8685.852954545455,8251.56030681818,4,4
2184,PhoenixWear UC-14,S,white,10003.168713136727,9503.010277479892,4,4
2185,PhoenixWear UC-15,M,purple,10064.304782608697,6988.653241043479,4,4
2186,PhoenixWear UC-16,L,green,5332.6458620689655,4611.672141517241,4,4
2353,VietMotion UC-01,M,blue,5207.482449799197,4504.993067321285,4,4
2354,VietMotion UC-02,L,white,4403.300272479564,4183.135258855586,4,4
2355,VietMotion UC-03,XL,purple,7179.426821292776,5081.598304111027,4,4
2356,VietMotion UC-04,S,green,8744.4,5883.232319999999,4,4
2357,VietMotion UC-05,M,silver,37.69900071080301,21.51816079899328,4,4
2358,VietMotion UC-06,L,pink,28.38801610084744,15.688728518542188,4,4
2359,VietMotion UC-07,XL,yellow,5399.825901259964,3136.7588660419133,4,4
2360,VietMotion UC-08,S,red,7081.97732079906,5403.548695769683,4,4
2361,VietMotion UC-09,M,black,7197.0143712574845,6837.16365269461,4,4
2362,VietMotion UC-10,L,orange,25.26022943649214,14.351436261898485,4,4
2363,VietMotion UC-11,XL,blue,11768.959539473684,11180.5115625,4,4
2364,VietMotion UC-12,S,white,42.29506935456758,25.72826647079302,4,4
2365,VietMotion UC-13,M,purple,6423.10253164557,4688.222537848101,4,4
2366,VietMotion UC-14,L,green,5124.649910554562,4868.417415026834,4,4
2367,VietMotion UC-15,XL,silver,5855.092405063291,3272.4111451898734,4,4
2368,VietMotion UC-16,S,pink,9060.457987126976,5234.226579163253,4,4
2369,VietMotion UC-17,M,yellow,5168.688326848249,2624.143063540856,4,4
2370,VietMotion UC-18,L,red,8898.12,4748.926644000001,4,4
2371,VietMotion UC-19,XL,black,6958.29715231788,4658.5799434768205,4,4
2372,VietMotion UC-20,S,orange,4787.37,2481.772608,4,4
2373,VietMotion UC-21,M,blue,7213.408461538462,4297.748761384616,4,4
2374,VietMotion UC-22,L,white,7830.721535836178,5726.606659156997,4,4
2375,VietMotion UC-23,XL,purple,8378.37,5122.535418,4,4
2376,VietMotion UC-24,S,green,8381.717836456559,7962.63194463373,4,4
2377,VietMotion UC-25,M,silver,10451.7,9744.11991,4,4
2378,VietMotion UC-26,L,pink,9752.4,9264.78,4,4
2379,VietMotion UC-27,XL,yellow,2324.005436893204,2207.805165048544,4,4
2380,VietMotion UC-28,S,red,3754.7071009305655,2446.9426176764496,4,4
2381,VietMotion UC-29,M,black,7536.502486388385,7159.677362068965,4,4
2382,VietMotion UC-30,L,orange,50.01884372848085,29.61828092460761,4,4
2383,VietMotion UC-31,XL,blue,48.06297103310155,30.72507952736204,4,4
2384,VietMotion UC-32,S,white,7792.531998777506,4305.373929324572,4,4
2385,VietMotion UC-33,M,purple,9105.602557856271,6343.873302058465,4,4
2386,VietMotion UC-34,L,green,23.67247523468209,14.954952626175505,4,4
2387,VietMotion UC-35,XL,silver,6091.44509881423,4494.268193905138,4,4
2388,VietMotion UC-36,S,pink,3825.871123778501,2462.330655263844,4,4
2389,VietMotion UC-37,M,yellow,10194.304335260116,9156.524153930635,4,4
2390,VietMotion UC-38,L,red,29.26274044634108,17.094758489766654,4,4
2391,VietMotion UC-39,XL,black,9057.265510948906,8604.40223540146,4,4
173,DragonWear UE-01,M,blue,12869.200657894737,10770.234030592104,4,5
174,DragonWear UE-02,L,white,8386.030434782608,7570.06967347826,4,5
175,DragonWear UE-03,XL,purple,7553.7,7176.014999999999,4,5
176,DragonWear UE-04,S,green,9216.9,7344.947609999999,4,5
177,DragonWear UE-05,M,silver,9443.35,8471.629284999999,4,5
178,DragonWear UE-06,L,pink,6268.5,3509.7331500000005,4,5
179,DragonWear UE-07,XL,yellow,37.8074197316877,21.77489391602548,4,5
180,DragonWear UE-08,S,red,9746.469642857142,9106.126587321429,4,5
181,DragonWear UE-09,M,black,8498.7,8073.765,4,5
182,DragonWear UE-10,L,orange,16000.568181818182,12051.627954545454,4,5
183,DragonWear UE-11,XL,blue,9191.446033810143,8731.873732119637,4,5
184,DragonWear UE-12,S,white,48.92155274690822,28.76436822817508,4,5
185,DragonWear UE-13,M,purple,9741.693307086614,5492.3666865354335,4,5
186,DragonWear UE-14,L,green,27.339438813056244,16.650524593434948,4,5
187,DragonWear UE-15,XL,silver,8798.352127659575,7129.304729042554,4,5
188,DragonWear UE-16,S,pink,9261.0,6645.6936,4,5
513,SaigonFlex UE-01,M,blue,5635.854,4186.3123512,4,5
514,SaigonFlex UE-02,L,white,5606.580000000001,4206.056316,4,5
515,SaigonFlex UE-03,XL,purple,6514.160126582279,3614.7074542405057,4,5
516,SaigonFlex UE-04,S,green,6653.520616438356,3389.968754075343,4,5
517,SaigonFlex UE-05,M,silver,8186.85,6897.421125000001,4,5
518,SaigonFlex UE-06,L,pink,6281.421428571429,3173.374105714286,4,5
519,SaigonFlex UE-07,XL,yellow,19526.85,9948.930075,4,5
520,SaigonFlex UE-08,S,red,7367.85,6999.4575,4,5
521,SaigonFlex UE-09,M,black,6740.37,5806.828755,4,5
522,SaigonFlex UE-10,L,orange,30.74527762642181,17.734071800396872,4,5
523,SaigonFlex UE-11,XL,blue,6819.422254335261,6351.609887687862,4,5
524,SaigonFlex UE-12,S,white,7556.850000000001,7179.007500000001,4,5
525,SaigonFlex UE-13,M,purple,6289.682000000001,3754.3111858,4,5
526,SaigonFlex UE-14,L,green,21.2735817693572,13.02825825588481,4,5
527,SaigonFlex UE-15,XL,silver,6485.85,5394.2814450000005,4,5
528,SaigonFlex UE-16,S,pink,7241.85,4674.614175000001,4,5
529,SaigonFlex UE-17,M,yellow,5574.45347107438,2865.269084132232,4,5
530,SaigonFlex UE-18,L,red,7519.365,5786.151367500001,4,5
531,SaigonFlex UE-19,XL,black,7557.783882352941,7179.894688235294,4,5
532,SaigonFlex UE-20,S,orange,6825.528620689655,5999.639657586208,4,5
533,SaigonFlex UE-21,M,blue,6086.914024390244,3334.4115025609763,4,5
534,SaigonFlex UE-22,L,white,6526.873255813954,5059.632147906977,4,5
535,SaigonFlex UE-23,XL,purple,6485.85,5704.305075,4,5
892,HanoiStreet UE-01,S,orange,20.522407754185355,12.127535551360282,4,5
893,HanoiStreet UE-02,M,blue,10520.37,8970.719499,4,5
894,HanoiStreet UE-03,L,white,45.83327377383366,27.7385135332147,4,5
895,HanoiStreet UE-04,XL,purple,7118.876024096385,4305.496219373494,4,5
896,HanoiStreet UE-05,S,green,11024.37,7005.987135000001,4,5
897,HanoiStreet UE-06,M,silver,8438.654,4981.3374562,4,5
898,HanoiStreet UE-07,L,pink,56.96835917004511,33.8171388190614,4,5
899,HanoiStreet UE-08,XL,yellow,7171.244594594595,6812.682364864864,4,5
900,HanoiStreet UE-09,S,red,3541.482,2763.7725528,4,5
901,HanoiStreet UE-10,M,black,4913.37,3388.259952,4,5
902,HanoiStreet UE-11,L,orange,1889.37,1062.959562,4,5
903,HanoiStreet UE-12,XL,blue,32.17519941758961,18.643809133165608,4,5
904,HanoiStreet UE-13,S,white,49.47231198090706,31.90198937963436,4,5
905,HanoiStreet UE-14,M,purple,7216.908461538461,5134.830370384615,4,5
906,HanoiStreet UE-15,L,green,5178.670998573467,4255.831826627675,4,5
907,HanoiStreet UE-16,XL,silver,7343.25255526658,6976.089927503251,4,5
908,HanoiStreet UE-17,S,pink,2601.282045889101,2461.3330718202674,4,5
909,HanoiStreet UE-18,M,yellow,2910.238085106382,1759.82097006383,4,5
910,HanoiStreet UE-19,L,red,5226.117562296858,4846.178815517877,4,5
911,HanoiStreet UE-20,XL,black,38.26954499465669,23.97053437683893,4,5
912,HanoiStreet UE-21,S,orange,25.583614760726004,14.429448269570385,4,5
913,HanoiStreet UE-22,M,blue,4566.493505976096,2456.77350621514,4,5
914,HanoiStreet UE-23,L,white,6929.37,3953.205585,4,5
915,HanoiStreet UE-24,XL,purple,6677.37,6343.501499999999,4,5
916,HanoiStreet UE-25,S,green,10079.37,9575.4015,4,5
917,HanoiStreet UE-26,M,silver,38.26586487306465,24.36949350141491,4,5
918,HanoiStreet UE-27,L,pink,61.26536202728733,36.682213997423126,4,5
919,HanoiStreet UE-28,XL,yellow,32.64427789136191,20.874553988555785,4,5
920,HanoiStreet UE-29,S,red,61.92088131636448,39.00925896137887,4,5
921,HanoiStreet UE-30,M,black,6299.37,5324.227524,4,5
922,HanoiStreet UE-31,L,orange,5687.85,2991.240315,4,5
923,HanoiStreet UE-32,XL,blue,11.61273055946667,6.880790793471447,4,5
924,HanoiStreet UE-33,S,white,3853.8245454545454,3304.6545477272725,4,5
925,HanoiStreet UE-34,M,purple,3806.7319302949054,3616.395333780161,4,5
926,HanoiStreet UE-35,L,green,6977.845321100917,4222.991988330276,4,5
927,HanoiStreet UE-36,XL,silver,5860.36417215682,5567.345963548979,4,5
928,HanoiStreet UE-37,S,pink,46.00550217104349,25.406397375344223,4,5
929,HanoiStreet UE-38,M,yellow,34.288801956462315,19.78010355266784,4,5
930,HanoiStreet UE-39,L,red,6577.813298969071,6180.513375711341,4,5
931,HanoiStreet UE-40,XL,black,4142.897027027027,3834.665488216217,4,5
932,HanoiStreet UE-41,S,orange,29.38243538174741,17.75179269124272,4,5
933,HanoiStreet UE-42,M,blue,6929.370000000001,3488.244858,4,5
934,HanoiStreet UE-43,L,white,34.35351390805887,21.070652932957373,4,5
935,HanoiStreet UE-44,XL,purple,9448.74,7307.655516,4,5
936,HanoiStreet UE-45,S,green,6240.3075,5928.292125,4,5
937,HanoiStreet UE-46,M,silver,6299.37,5984.4015,4,5
1165,MekongFit UE-01,M,purple,6929.37,6582.9015,4,5
1166,MekongFit UE-02,L,green,6410.831538461538,4801.071739153846,4,5
1167,MekongFit UE-03,XL,silver,3123.1200000000003,1696.166472,4,5
1168,MekongFit UE-04,S,pink,4290.57664206642,4000.104603398525,4,5
1169,MekongFit UE-05,M,yellow,5039.37,4378.708593,4,5
1170,MekongFit UE-06,L,red,5606.37,3703.568022,4,5
1171,MekongFit UE-07,XL,black,4297.006363636363,3953.675555181818,4,5
1172,MekongFit UE-08,S,orange,5704.611251325557,3429.041823171792,4,5
1173,MekongFit UE-09,M,blue,6051.284201183432,5634.350719721893,4,5
1174,MekongFit UE-10,L,white,6929.37,6582.9015,4,5
1175,MekongFit UE-11,XL,purple,7960.852541018091,7562.809913967186,4,5
1176,MekongFit UE-12,S,green,7474.808502673796,7035.289762716578,4,5
1177,MekongFit UE-13,M,silver,3193.262400806994,3033.599280766644,4,5
1178,MekongFit UE-14,L,pink,7106.041802773498,3850.764052922958,4,5
1179,MekongFit UE-15,XL,yellow,7152.328536585365,6404.194971658536,4,5
1180,MekongFit UE-16,S,red,6400.83170678337,3691.359645301969,4,5
1181,MekongFit UE-17,M,black,5039.37,2798.362161,4,5
1182,MekongFit UE-18,L,orange,2220.567622820919,2109.539241679873,4,5
1183,MekongFit UE-19,XL,blue,7901.32826306914,4835.612896998314,4,5
1184,MekongFit UE-20,S,white,7559.37,5095.771317,4,5
1185,MekongFit UE-21,M,purple,14.95390446790117,8.61029023848727,4,5
1186,MekongFit UE-22,L,green,4625.500177514793,2901.113711337278,4,5
1187,MekongFit UE-23,XL,silver,5444.799864253394,5172.559871040724,4,5
1188,MekongFit UE-24,S,pink,5589.408461538462,5309.938038461539,4,5
1189,MekongFit UE-25,M,yellow,2618.91,2284.475193,4,5
1190,MekongFit UE-26,L,red,2330.37,1277.974908,4,5
1191,MekongFit UE-27,XL,black,3202.148350515464,2351.657748618557,4,5
1192,MekongFit UE-28,S,orange,4031.37,3140.43723,4,5
1193,MekongFit UE-29,M,blue,30.32981569013947,17.104063033769727,4,5
1194,MekongFit UE-30,L,white,9476.444380165289,7068.47986316529,4,5
1195,MekongFit UE-31,XL,purple,3527.37,2364.748848,4,5
1196,MekongFit UE-32,S,green,5291.37,2884.325787,4,5
1197,MekongFit UE-33,M,silver,5291.37,3505.003488,4,5
1198,MekongFit UE-34,L,pink,5574.101707317073,5295.39662195122,4,5
1671,VietMode UE-01,XL,black,4408.74,4188.303,4,5
1672,VietMode UE-02,S,orange,8188.74,4955.825448,4,5
1673,VietMode UE-03,M,blue,11048.487692307694,6622.463522769231,4,5
1674,VietMode UE-04,L,white,12599.37,11969.4015,4,5
1675,VietMode UE-05,XL,purple,5857.74,4998.409541999999,4,5
1676,VietMode UE-06,S,green,6171.308181818182,4136.010743454545,4,5
1677,VietMode UE-07,M,silver,10520.370000000004,6982.369569,4,5
1678,VietMode UE-08,L,pink,8819.02,8378.069,4,5
1679,VietMode UE-09,XL,yellow,10719.602068965518,10183.62196551724,4,5
1680,VietMode UE-10,S,red,4610.20875,2840.81063175,4,5
1681,VietMode UE-11,M,black,6053.190447761194,5750.530925373134,4,5
1682,VietMode UE-12,L,orange,8921.640000000001,8475.558,4,5
1683,VietMode UE-13,XL,blue,6613.74,5271.812153999999,4,5
1684,VietMode UE-14,S,white,5416.74,3482.422146,4,5
1685,VietMode UE-15,M,purple,8188.74,4606.985124,4,5
1686,VietMode UE-16,L,green,9826.74,9335.403,4,5
1687,VietMode UE-17,XL,silver,8819.221764705884,8378.260676470589,4,5
1688,NamStyle UE-01,S,pink,1889.37,1143.446724,4,5
1766,SaigonCore UE-01,L,green,8892.502867132867,5203.892677846154,4,5
1767,SaigonCore UE-02,XL,silver,11969.37,6986.521269000002,4,5
1768,SaigonCore UE-03,S,pink,10898.37,10353.4515,4,5
1769,SaigonCore UE-04,M,yellow,12221.37,11610.3015,4,5
1770,SaigonCore UE-05,L,red,7559.37,4246.098129,4,5
1771,SaigonCore UE-06,XL,black,10709.37,7600.439889000001,4,5
1772,SaigonCore UE-07,S,orange,7868.7,5265.73404,4,5
1773,SaigonCore UE-08,M,blue,13497.12,7885.017504,4,5
1774,SaigonCore UE-09,L,white,10302.293076923075,8867.183651307692,4,5
1775,SaigonCore UE-10,XL,purple,8504.37,7461.734238000001,4,5
1776,SaigonCore UE-11,S,green,17639.37,16157.66292,4,5
1777,SaigonCore UE-12,M,silver,7626.910344827586,6550.753295172413,4,5
1778,SaigonCore UE-13,L,pink,8251.727142857142,4414.674021428571,4,5
1779,SaigonCore UE-14,XL,yellow,9449.37,6418.012104000001,4,5
1780,SaigonCore UE-15,S,red,17143.7,14587.57433,4,5
1781,SaigonCore UE-16,M,black,6970.45695652174,6092.876425695652,4,5
1782,SaigonCore UE-17,L,orange,6087.37,3511.803753,4,5
1783,SaigonCore UE-18,XL,blue,7627.724999999999,6845.8831875,4,5
1784,SaigonCore UE-19,S,white,7238.7,5703.37173,4,5
1785,SaigonCore UE-20,M,purple,9443.7,8971.515,4,5
1786,SaigonCore UE-21,L,green,7948.03935483871,7430.62199283871,4,5
1787,SaigonCore UE-22,XL,silver,9128.7,8672.265,4,5
1788,SaigonCore UE-23,S,pink,7245.0,6546.582,4,5
1789,SaigonCore UE-24,M,yellow,11313.77625,8076.904864875,4,5
1790,SaigonCore UE-25,L,red,5087.7,4690.35063,4,5
1791,SaigonCore UE-26,XL,black,9507.396315789476,8027.094709421053,4,5
1792,SaigonCore UE-27,S,orange,11339.37,7818.495615000001,4,5
1793,SaigonCore UE-28,M,blue,6713.7,3936.91368,4,5
1794,SaigonCore UE-29,L,white,38.20036339802935,24.19966371468973,4,5
2041,UrbanVN UE-01,M,black,8922.087391304349,8475.983021739132,4,5
2042,UrbanVN UE-02,L,orange,7307.37,5269.344507,4,5
2043,UrbanVN UE-03,XL,blue,9308.546470588237,5375.685586764706,4,5
2044,UrbanVN UE-04,S,white,4691.61,4457.0295,4,5
2045,UrbanVN UE-05,M,purple,5569.462312746386,2996.370724257556,4,5
2046,UrbanVN UE-06,L,green,5196.87,3738.628278,4,5
2047,UrbanVN UE-07,XL,silver,4488.827570715474,2369.652074580699,4,5
2048,UrbanVN UE-08,S,pink,59.80908771546647,38.78261788080608,4,5
2049,UrbanVN UE-09,M,yellow,5425.358472622478,5021.169266412104,4,5
2050,UrbanVN UE-10,L,red,6047.043575129534,5297.814876170984,4,5
2051,UrbanVN UE-11,XL,black,9008.37,6208.568604000001,4,5
2052,UrbanVN UE-12,S,orange,9086.843684210527,7847.398205684211,4,5
2053,UrbanVN UE-13,M,blue,4015.5242288557215,2068.3965302835823,4,5
2054,UrbanVN UE-14,L,white,7071.6015724815725,6718.021493857494,4,5
2055,UrbanVN UE-15,XL,purple,7240.102907348243,6878.097761980831,4,5
2056,UrbanVN UE-16,S,green,3991.447338129497,3791.8749712230215,4,5
2057,UrbanVN UE-17,M,silver,5726.07,5053.256775,4,5
2058,UrbanVN UE-18,L,pink,3259.523492647059,1700.4934061139704,4,5
2059,UrbanVN UE-19,XL,yellow,26.91521964553438,16.21827747726169,4,5
2060,UrbanVN UE-20,S,red,4438.989402985075,2234.5872654626864,4,5
2061,UrbanVN UE-21,M,black,4375.115247148289,4156.359484790874,4,5
2062,UrbanVN UE-22,L,orange,23.96519474592031,13.592289862175685,4,5
2063,UrbanVN UE-23,XL,blue,27.093590379955067,15.639253025192934,4,5
2064,UrbanVN UE-24,S,white,6479.721271860095,5307.5396937806045,4,5
2065,UrbanVN UE-25,M,purple,47.75868079133171,26.35510588030915,4,5
2148,PhoenixWear UE-01,S,pink,7739.005135135135,4210.018793513513,4,5
2149,PhoenixWear UE-02,M,yellow,5228.37,4966.951499999999,4,5
2150,PhoenixWear UE-03,L,red,5932.945301204819,4969.434984289157,4,5
2151,PhoenixWear UE-04,XL,black,6235.610963855422,4723.4753051204825,4,5
2152,PhoenixWear UE-05,S,orange,37.769445054736096,24.22645063390461,4,5
2153,PhoenixWear UE-06,M,blue,6751.031538461538,6413.479961538461,4,5
2154,PhoenixWear UE-07,L,white,10009.10076923077,5308.827048,4,5
2155,PhoenixWear UE-08,XL,purple,7564.62,3894.266376,4,5
2156,PhoenixWear UE-09,S,green,26.79180128450725,15.05096706786181,4,5
2157,PhoenixWear UE-10,M,silver,5480.37,3292.606296,4,5
2158,PhoenixWear UE-11,L,pink,40.66252770930223,24.70865195616299,4,5
2159,PhoenixWear UE-12,XL,yellow,5663.07,4892.326173,4,5
2160,PhoenixWear UE-13,S,red,34.426651583277966,19.87813873052056,4,5
2161,PhoenixWear UE-14,M,black,6821.850000000001,5840.86797,4,5
2162,PhoenixWear UE-15,L,orange,48.7867127569287,29.53634431880544,4,5
2163,PhoenixWear UE-16,XL,blue,8504.37,7320.561696000001,4,5
2164,PhoenixWear UE-17,S,white,4574.496315789474,2482.5791505789475,4,5
2165,PhoenixWear UE-18,M,purple,7994.642727272727,6223.829363181818,4,5
2166,PhoenixWear UE-19,L,green,7559.37,4870.502091,4,5
2167,PhoenixWear UE-20,XL,silver,6928.53,6582.103499999999,4,5
2168,PhoenixWear UE-21,S,pink,5039.37,4227.527493,4,5
2169,PhoenixWear UE-22,M,yellow,6603.962565789473,3515.949670026316,4,5
2170,PhoenixWear UE-23,L,red,8441.37,5207.481153000001,4,5
2327,VietMotion UE-01,XL,silver,7343.27605427975,6976.112251565762,4,5
2328,VietMotion UE-02,S,pink,4409.37,4087.926927,4,5
2329,VietMotion UE-03,M,yellow,25.00757458677702,15.383210417633013,4,5
2330,VietMotion UE-04,L,red,8976.87,5674.279527000001,4,5
2331,VietMotion UE-05,XL,black,7365.661770148853,6671.816431400832,4,5
2332,VietMotion UE-06,S,orange,5799.628950298211,4554.448614669184,4,5
2333,VietMotion UE-07,M,blue,29.04757901761544,18.38636752042886,4,5
2334,VietMotion UE-08,L,white,4289.179586909871,2661.435933677575,4,5
2335,VietMotion UE-09,XL,purple,28.308347865946484,16.15393584306359,4,5
2336,VietMotion UE-10,S,green,8688.96482388974,8254.516582695253,4,5
2337,VietMotion UE-11,M,silver,5033.7,3153.61305,4,5
2338,VietMotion UE-12,L,pink,18.441324087824835,10.163006012294185,4,5
2339,VietMotion UE-13,XL,yellow,37.27966899266416,21.01412304384703,4,5
2340,VietMotion UE-14,S,red,5543.37,5210.7678,4,5
2341,VietMotion UE-15,M,black,5457.505970149254,5184.630671641791,4,5
2342,VietMotion UE-16,L,orange,36.760434189057285,23.526746409239703,4,5
2343,VietMotion UE-17,XL,blue,5703.50918918919,4446.455763891891,4,5
2344,VietMotion UE-18,S,white,33.18325504779973,21.150642009039696,4,5
2345,VietMotion UE-19,M,purple,5244.730035211268,4313.265980957745,4,5
2346,VietMotion UE-20,L,green,30.14940374371988,18.38333694095801,4,5
2347,VietMotion UE-21,XL,silver,18.79990286711682,11.468912441536114,4,5
2348,VietMotion UE-22,S,pink,9921.92680327869,6549.463882844263,4,5
2349,VietMotion UE-23,M,yellow,27.987049096151683,17.254118409010175,4,5
2350,VietMotion UE-24,L,red,4649.896261682243,4417.401448598131,4,5
2351,VietMotion UE-25,XL,black,28.87321051425695,16.38661896742625,4,5
2352,VietMotion UE-26,S,orange,4441.3230201342285,3680.968519087248,4,5
280,LotusWear UE-01,S,red,12596.85,11967.0075,4,5
281,LotusWear UE-02,M,black,15746.85,8750.524545,4,5
282,LotusWear UE-03,L,orange,14486.85,12008.149965,4,5
283,LotusWear UE-04,XL,blue,24.02485915276915,15.410534354868703,4,5
284,LotusWear UE-05,S,white,31.046488659482907,18.375704197914345,4,5
285,LotusWear UE-06,M,purple,38.924362608567606,22.89974173500181,4,5
286,LotusWear UE-07,L,green,70.41979203295656,42.38509330694976,4,5
287,LotusWear UE-08,XL,silver,35.510595798089696,19.697606635190883,4,5
288,LotusWear UE-09,S,pink,36.70893391230743,20.80032217120737,4,5
289,LotusWear UE-10,M,yellow,10606.05,10075.7475,4,5
290,LotusWear UE-11,L,red,32.14386581904002,20.051451554107025,4,5
291,LotusWear UE-12,XL,black,9887.85,9393.4575,4,5
292,LotusWear UE-13,S,orange,8269.868691588787,7282.446369813084,4,5
293,LotusWear UE-14,M,blue,8405.192465753425,6159.3250389041095,4,5
294,LotusWear UE-15,L,white,9446.85,8663.706135,4,5
295,LotusWear UE-16,XL,purple,12596.85,8588.53233,4,5
296,LotusWear UE-17,S,green,27716.85,14598.464895,4,5
297,LotusWear UE-18,M,silver,8483.475,6521.247232500001,4,5
298,LotusWear UE-19,L,pink,15.371136750824675,8.581396177699897,4,5
299,LotusWear UE-20,XL,yellow,8584.023913043478,4506.6125543478265,4,5
300,LotusWear UE-21,S,red,9320.85,6524.595,4,5
301,LotusWear UE-22,M,black,32.76610017965032,19.997649343041985,4,5
302,LotusWear UE-23,L,orange,33.92296043112892,19.489925051074124,4,5
303,LotusWear UE-24,XL,blue,88.70327802926064,52.23998262488708,4,5
304,LotusWear UE-25,S,white,11204.147872340429,7121.356387659575,4,5
305,LotusWear UE-26,M,purple,18589.783333333333,11094.382693333331,4,5
306,LotusWear UE-27,L,green,14648.60675675676,7768.156163108108,4,5
307,LotusWear UE-28,XL,silver,13856.85,8174.155815000001,4,5
308,LotusWear UE-29,S,pink,15162.94756097561,10231.95701414634,4,5
309,LotusWear UE-30,M,yellow,40950.0,30319.38,4,5
310,LotusWear UE-31,L,red,11336.85,10173.68919,4,5
311,LotusWear UE-32,XL,black,7633.679268292683,6058.087867317074,4,5
312,LotusWear UE-33,S,orange,9320.85,8854.8075,4,5
313,LotusWear UE-34,M,blue,9131.85,5436.190305,4,5
314,LotusWear UE-35,L,white,30.66296621161576,17.749852045999173,4,5
315,LotusWear UE-36,XL,purple,37.36068457495183,21.87719413339984,4,5
316,LotusWear UE-37,S,green,32.658830942362144,20.310676884020182,4,5
317,LotusWear UE-38,M,silver,20.749637672379645,12.028817514186477,4,5
318,LotusWear UE-39,L,pink,10553.85,5995.642185,4,5
319,LotusWear UE-40,XL,yellow,13226.85,10914.79662,4,5
320,LotusWear UE-41,S,red,52.30694353353064,31.731508497155808,4,5
321,LotusWear UE-42,M,black,11235.502173913044,10673.727065217392,4,5
322,LotusWear UE-43,L,orange,8816.85,7946.626905,4,5
323,LotusWear UE-44,XL,blue,9450.0,6288.975,4,5
324,LotusWear UE-45,S,white,13905.652816901407,7827.491970633802,4,5
325,LotusWear UE-46,M,purple,6645.975000000001,4429.5423375,4,5
326,LotusWear UE-47,L,green,8344.35,5868.581355,4,5
327,LotusWear UE-48,XL,silver,14014.35,13313.6325,4,5
328,LotusWear UE-49,S,pink,44.73576139954138,26.734316490441223,4,5
329,LotusWear UE-50,M,yellow,45.4409090092245,28.00828205880248,4,5
330,LotusWear UE-51,L,red,6926.85,6520.93659,4,5
331,LotusWear UE-52,XL,black,11147.85,10590.4575,4,5
332,LotusWear UE-53,S,orange,11613.773076923078,9075.002282307692,4,5
333,LotusWear UE-54,M,blue,9807.470689655172,8751.20609637931,4,5
334,LotusWear UE-55,L,white,25196.85,23937.0075,4,5
335,LotusWear UE-56,XL,purple,10391.85,9872.2575,4,5
336,LotusWear UE-57,S,green,11336.85,10770.0075,4,5
337,LotusWear UE-58,M,silver,18896.85,11857.773375,4,5
338,LotusWear UE-59,L,pink,17636.85,11541.55464,4,5
339,LotusWear UE-60,XL,yellow,9215.85,6827.101680000001,4,5
340,LotusWear UE-61,S,red,23.017274933735184,14.815827981168097,4,5
341,LotusWear UE-62,M,black,5011.65,4215.79998,4,5
342,LotusWear UE-63,L,orange,8412.978526645767,7352.101934435736,4,5
343,LotusWear UE-64,XL,blue,58.03914660691861,36.17331656881759,4,5
344,LotusWear UE-65,S,white,18.9018457283694,10.80229213829515,4,5
345,LotusWear UE-66,M,purple,41.87725491953321,23.16307661535843,4,5
346,LotusWear UE-67,L,green,12596.85,11967.0075,4,5
347,LotusWear UE-68,XL,silver,40950.0,38902.5,4,5
348,LotusWear UE-69,S,pink,7556.85,5611.71681,4,5
349,LotusWear UE-70,M,yellow,6296.85,5735.170980000001,4,5
350,LotusWear UE-71,L,red,6949.759090909091,6602.271136363636,4,5
351,LotusWear UE-72,XL,black,14045.85,8674.71696,4,5
352,LotusWear UE-73,S,orange,12596.85,11250.246735,4,5
353,LotusWear UE-74,M,blue,20786.85,15267.941325,4,5
354,LotusWear UE-75,L,white,13924.604716981134,13228.374481132076,4,5
355,LotusWear UE-76,XL,purple,5576.85,2954.61513,4,5
356,LotusWear UE-77,S,green,5234.413106796117,4911.449818106797,4,5
357,LotusWear UE-78,M,silver,79.5338128673553,45.82948301916322,4,5
358,LotusWear UE-79,L,pink,22.282140205705893,13.581138101656684,4,5
359,LotusWear UE-80,XL,yellow,13730.850000000002,13044.3075,4,5
360,LotusWear UE-81,S,red,9338.85,6702.492645,4,5
361,LotusWear UE-82,M,black,5023.154347826087,3094.2630782608694,4,5
362,LotusWear UE-83,L,orange,8816.85,4773.442590000001,4,5
363,LotusWear UE-84,XL,blue,26.40308628776172,14.657477477353249,4,5
364,LotusWear UE-85,S,white,14297.85,8923.288185000001,4,5
365,LotusWear UE-86,M,purple,7556.85,4276.421415000001,4,5
366,LotusWear UE-87,L,green,9131.85,6334.764345,4,5
367,LotusWear UE-88,XL,silver,9257.85,8448.71391,4,5
368,LotusWear UE-89,S,pink,9257.85,7730.304749999999,4,5
369,LotusWear UE-90,M,yellow,10489.213636363636,9695.180164090909,4,5
370,LotusWear UE-91,L,red,6485.85,3774.7647,4,5
371,LotusWear UE-92,XL,black,9446.85,8974.5075,4,5
372,LotusWear UE-93,S,orange,11966.85,6104.290185,4,5
373,LotusWear UE-94,M,blue,4532.85,3197.4723900000004,4,5
374,LotusWear UE-95,L,white,34.462112977447376,20.664745106520115,4,5
375,LotusWear UE-96,XL,purple,9362.19375,7022.581531875,4,5
376,LotusWear UE-97,S,green,27.074971448519623,16.507184606053585,4,5
377,LotusWear UE-98,M,silver,17.80954638992059,10.390523722361548,4,5
378,LotusWear UE-99,L,pink,9446.85,5805.089325,4,5
379,LotusWear UE-00,XL,yellow,6296.85,5142.00771,4,5
380,LotusWear UE-01,S,red,34.03621789696054,21.34381341794018,4,5
381,LotusWear UE-02,M,black,21.651581808104726,12.139172074290292,4,5
382,LotusWear UE-03,L,orange,11147.85,10315.105605,4,5
383,LotusWear UE-04,XL,blue,7286.85,6664.5530100000005,4,5
384,LotusWear UE-05,S,white,12596.850000000002,10771.566435,4,5
385,LotusWear UE-06,M,purple,8816.85,7770.289905,4,5
386,LotusWear UE-07,L,green,5761.350000000001,3392.28288,4,5
396,SaigonFlex UM-01,S,green,11028.42869470343,10091.01225565364,4,3
397,SaigonFlex UM-02,M,silver,17955.91601226994,17058.120211656442,4,3
398,SaigonFlex UM-03,L,pink,18902.079677419355,15269.099963419354,4,3
399,SaigonFlex UM-04,XL,yellow,40.02230694329042,22.312987555176583,4,3
400,SaigonFlex UM-05,S,red,9886.802879868348,7227.252905183763,4,3
401,SaigonFlex UM-06,M,black,11384.1,10814.895,4,3
402,SaigonFlex UM-07,L,orange,12352.398169014086,11202.389899478874,4,3
403,SaigonFlex UM-08,XL,blue,13752.81,7730.454500999999,4,3
404,SaigonFlex UM-09,S,white,22378.448212290503,17936.326242150837,4,3
405,SaigonFlex UM-10,M,purple,22994.37,14155.334172000004,4,3
406,SaigonFlex UM-11,L,green,23003.533636363634,15607.897572272726,4,3
407,SaigonFlex UM-12,XL,silver,19779.22981322719,18790.26832256583,4,3
408,SaigonFlex UM-13,S,pink,16386.067674418606,15566.764290697674,4,3
409,SaigonFlex UM-14,M,yellow,11606.281900452488,10763.665834479638,4,3
410,SaigonFlex UM-15,L,red,17643.046721311475,16760.8943852459,4,3
411,SaigonFlex UM-16,XL,black,22.925052456218573,14.278155394319832,4,3
412,SaigonFlex UM-17,S,orange,19533.022173913043,17015.21561569565,4,3
413,SaigonFlex UM-18,M,blue,14675.85,10280.432925,4,3
414,SaigonFlex UM-19,L,white,6484.525568181818,4763.532482386364,4,3
415,SaigonFlex UM-20,XL,purple,9929.025555555556,9299.525335333334,4,3
416,SaigonFlex UM-21,S,green,10765.597500000002,9498.48667425,4,3
417,SaigonFlex UM-22,M,silver,11199.107872340424,8260.461966638297,4,3
418,SaigonFlex UM-23,L,pink,10896.09205263158,9394.610567778947,4,3
419,SaigonFlex UM-24,XL,yellow,18774.585398230087,12475.711997123895,4,3
420,SaigonFlex UM-25,S,red,14672.77455621302,13939.135828402366,4,3
421,SaigonFlex UM-26,M,black,21110.51634146341,17857.385773243903,4,3
422,SaigonFlex UM-27,L,orange,10127.632355305466,5669.448592500001,4,3
423,SaigonFlex UM-28,XL,blue,12518.475688073391,11892.551903669722,4,3
424,SaigonFlex UM-29,S,white,20475.451545064378,12027.280237570814,4,3
425,SaigonFlex UM-30,M,purple,12149.68174904943,11542.197661596958,4,3
426,SaigonFlex UM-31,L,green,11422.280511627909,9893.979379172091,4,3
427,SaigonFlex UM-32,XL,silver,12186.983009708738,8692.974980825244,4,3
428,SaigonFlex UM-33,S,pink,14291.702003988035,13021.1696958335,4,3
429,SaigonFlex UM-34,M,yellow,22679.37,16660.265202,4,3
430,SaigonFlex UM-35,L,red,11001.0495,10450.997025,4,3
431,SaigonFlex UM-36,XL,black,12437.648350515465,9655.346414505157,4,3
432,SaigonFlex UM-37,S,orange,11109.203179972936,10553.743020974289,4,3
433,SaigonFlex UM-38,M,blue,11459.313318584072,6543.267904911505,4,3
434,SaigonFlex UM-39,L,white,61.55762709465135,36.90682186922416,4,3
435,SaigonFlex UM-40,XL,purple,20162.558053691275,19154.43015100671,4,3
436,SaigonFlex UM-41,S,green,22367.919512195123,16637.258533170734,4,3
437,SaigonFlex UM-42,M,silver,9651.796875,9169.20703125,4,3
438,SaigonFlex UM-43,L,pink,11718.531191363438,6680.734632196296,4,3
439,SaigonFlex UM-44,XL,yellow,12969.81,12321.3195,4,3
440,SaigonFlex UM-45,S,red,19538.72371179039,12420.766663585153,4,3
441,SaigonFlex UM-46,M,black,24.20837585679796,14.981117116583182,4,3
442,SaigonFlex UM-47,L,orange,9240.095454545455,8778.090681818181,4,3
443,SaigonFlex UM-48,XL,blue,10801.314772663089,6176.1917870087545,4,3
444,SaigonFlex UM-49,S,white,13238.5575,12576.629625,4,3
445,SaigonFlex UM-50,M,purple,10819.789797297297,7440.769443601352,4,3
446,SaigonFlex UM-51,L,green,29.11272586459657,17.27790013624841,4,3
447,SaigonFlex UM-52,XL,silver,18516.81586715867,14254.244854538743,4,3
448,SaigonFlex UM-53,S,pink,45.85145292907159,26.348088233858423,4,3
449,SaigonFlex UM-54,M,yellow,12600.87163103917,11279.04019694316,4,3
450,SaigonFlex UM-55,L,red,20605.7840625,17102.800771874998,4,3
451,SaigonFlex UM-56,XL,black,11090.666339746598,8601.920813107461,4,3
452,SaigonFlex UM-57,S,orange,13107.434516129031,7168.455936870969,4,3
453,SaigonFlex UM-58,M,blue,20.23986700354174,12.789779049149818,4,3
454,SaigonFlex UM-59,L,white,36.26974685611732,22.847821927161068,4,3
455,SaigonFlex UM-60,XL,purple,11674.470652173914,8494.34484652174,4,3
456,SaigonFlex UM-61,S,green,14175.284700544466,10311.102091176042,4,3
457,SaigonFlex UM-62,M,silver,11969.920218340612,6455.377973751093,4,3
458,SaigonFlex UM-63,L,pink,21423.246923076924,16733.698171615386,4,3
459,SaigonFlex UM-64,XL,yellow,12111.791176470588,8626.017675882353,4,3
460,SaigonFlex UM-65,S,red,10932.551358574608,9115.56132277951,4,3
461,SaigonFlex UM-66,M,black,13863.650487804878,13170.467963414634,4,3
462,SaigonFlex UM-67,L,orange,24321.97975609756,20085.09088258537,4,3
463,SaigonFlex UM-68,XL,blue,55.86047711324281,34.60387004336497,4,3
464,SaigonFlex UM-69,S,white,7809.460209424084,4229.603649424084,4,3
465,SaigonFlex UM-70,M,purple,14179.444183976262,13470.471974777449,4,3
466,SaigonFlex UM-71,L,green,11204.621320754715,8977.14260218868,4,3
467,SaigonFlex UM-72,XL,silver,11081.167628705149,6350.61716801092,4,3
468,SaigonFlex UM-73,S,pink,17.409337603805483,10.048922339220054,4,3
469,SaigonFlex UM-74,M,yellow,35.6537219313758,21.713939069448784,4,3
470,SaigonFlex UM-75,L,red,12524.873693181818,7330.8085726193185,4,3
471,SaigonFlex UM-76,XL,black,11232.976407322654,10671.32758695652,4,3
472,SaigonFlex UM-77,S,orange,11541.579742765272,10964.500755627008,4,3
473,SaigonFlex UM-78,M,blue,18458.3,13679.446129999998,4,3
474,SaigonFlex UM-79,L,white,36.743197912068986,21.535092385273764,4,3
475,SaigonFlex UM-80,XL,purple,12606.228520360584,10040.861016467206,4,3
476,SaigonFlex UM-81,S,green,23472.73046511628,14022.609179860465,4,3
477,SaigonFlex UM-82,M,silver,16438.628181818185,10491.132505636364,4,3
478,SaigonFlex UM-83,L,pink,17103.87,10599.268238999995,4,3
479,SaigonFlex UM-84,XL,yellow,11566.749193548389,8072.434262177418,4,3
480,SaigonFlex UM-85,S,red,45.27382942735669,25.31523330168555,4,3
481,SaigonFlex UM-86,M,black,9576.343636363636,9097.526454545456,4,3
482,SaigonFlex UM-87,L,orange,7907.13,6264.028386,4,3
483,SaigonFlex UM-88,XL,blue,19535.011791044777,18558.261201492536,4,3
484,SaigonFlex UM-89,S,white,15627.15,11739.11508,4,3
485,SaigonFlex UM-90,M,purple,10231.442307692309,9719.870192307691,4,3
486,SaigonFlex UM-91,L,green,11767.717834394904,6218.062103694268,4,3
487,SaigonFlex UM-92,XL,silver,13019.79912189546,11027.769856245455,4,3
488,SaigonFlex UM-93,S,pink,12855.294845488255,8786.594026891224,4,3
489,SaigonFlex UM-94,M,yellow,10349.290430769232,7115.137171153847,4,3
490,SaigonFlex UM-95,L,red,9468.391211401426,5174.475797030879,4,3
491,SaigonFlex UM-96,XL,black,11060.080544680852,10507.076517446809,4,3
492,SaigonFlex UM-97,S,orange,11054.693628318582,9357.79815637168,4,3
493,SaigonFlex UM-98,M,blue,11636.1,11054.295,4,3
494,SaigonFlex UM-99,L,white,19351.386393442623,13062.185815573772,4,3
495,SaigonFlex UM-00,XL,purple,8656.966557377049,6242.53858452459,4,3
496,SaigonFlex UM-01,S,green,11338.433980634749,10771.51228160301,4,3
497,SaigonFlex UM-02,M,silver,17957.93108108108,17060.034527027023,4,3
498,SaigonFlex UM-03,L,pink,17636.85,15859.055519999998,4,3
499,SaigonFlex UM-04,XL,yellow,11293.2135989011,6445.037000892857,4,3
500,SaigonFlex UM-05,S,red,10989.306953642385,8723.311859801326,4,3
501,SaigonFlex UM-06,M,black,13211.57028169014,7279.575225211268,4,3
502,SaigonFlex UM-07,L,orange,13275.297368421052,10121.086713684212,4,3
503,SaigonFlex UM-08,XL,blue,21108.804545454543,18867.04950272728,4,3
504,SaigonFlex UM-09,S,white,22059.311538461538,14451.054988846152,4,3
505,SaigonFlex UM-10,M,purple,23693.57689655172,17609.06634951724,4,3
506,SaigonFlex UM-11,L,green,15456.909752650176,14463.03045555477,4,3
507,SaigonFlex UM-12,XL,silver,24574.291875,23345.57728125,4,3
508,SaigonFlex UM-13,S,pink,11576.454545454546,7095.208990909091,4,3
509,SaigonFlex UM-14,M,yellow,20.19065181083324,12.956974396309146,4,3
510,SaigonFlex UM-15,L,red,11057.58904706566,10398.556739860544,4,3
511,SaigonFlex UM-16,XL,black,20805.12,13741.781759999998,4,3
74,DragonWear UM-01,L,white,13273.377049180328,8752.464826229509,4,3
75,DragonWear UM-02,XL,purple,19.5273755372664,11.007227424141442,4,3
76,DragonWear UM-03,S,green,10388.7,9422.5509,4,3
77,DragonWear UM-04,M,silver,40.8038576116908,26.31945665469133,4,3
78,DragonWear UM-05,L,pink,37.29256098251077,22.174178289039563,4,3
79,DragonWear UM-06,XL,yellow,36.605450135907525,20.8106849942608,4,3
80,DragonWear UM-07,S,red,38.03775746056954,22.98203628371633,4,3
81,DragonWear UM-08,M,black,25.22889870213224,16.07824049275014,4,3
82,DragonWear UM-09,L,orange,36.33936099929246,22.64750699760115,4,3
83,DragonWear UM-10,XL,blue,37.23424823877981,23.48200633125174,4,3
84,DragonWear UM-11,S,white,24.88485617703392,15.326043830610496,4,3
85,DragonWear UM-12,M,purple,69.84718641169982,43.25130955146786,4,3
86,DragonWear UM-13,L,green,14175.0,13466.25,4,3
87,DragonWear UM-14,XL,silver,40.02615711874029,25.413390272717606,4,3
88,DragonWear UM-15,S,pink,10710.0,5994.387,4,3
89,DragonWear UM-16,M,yellow,10073.7,6682.89258,4,3
90,DragonWear UM-17,L,red,20.56269683739288,11.822868018182778,4,3
91,DragonWear UM-18,XL,black,43.06116054797477,25.791158994948525,4,3
92,DragonWear UM-19,S,orange,11626.60103626943,9137.345754404145,4,3
93,DragonWear UM-20,M,blue,12532.031818181818,7611.956126363636,4,3
94,DragonWear UM-21,L,white,10703.7,9943.7373,4,3
95,DragonWear UM-22,XL,purple,22.423899496901825,12.829182552408856,4,3
96,DragonWear UM-23,S,green,45.36921727539555,29.434041946543253,4,3
97,DragonWear UM-24,M,silver,7609.360194174757,3939.365772524272,4,3
98,DragonWear UM-25,L,pink,52.6379968011183,33.92023749086405,4,3
99,DragonWear UM-26,XL,yellow,9443.7,8971.515,4,3
100,DragonWear UM-27,S,red,12474.0,7666.520399999999,4,3
101,DragonWear UM-28,M,black,23.84863713844093,13.21077799792784,4,3
102,DragonWear UM-29,L,orange,48.68400086099692,30.21122270417349,4,3
103,DragonWear UM-30,XL,blue,10425.177091172214,7115.183364725037,4,3
104,DragonWear UM-31,S,white,39.06052517796674,25.097357367710305,4,3
105,DragonWear UM-32,M,purple,46.008403472897605,26.13542024368129,4,3
106,DragonWear UM-33,L,green,11626.290319148937,11044.97580319149,4,3
107,DragonWear UM-34,XL,silver,6788.18593220339,4684.52711181356,4,3
108,DragonWear UM-35,S,pink,11844.0,9063.0288,4,3
109,DragonWear UM-36,M,yellow,14767.077006507592,14028.723156182212,4,3
110,DragonWear UM-37,L,red,70.71920615351613,42.91202696876963,4,3
111,DragonWear UM-38,XL,black,9513.0,9037.35,4,3
112,DragonWear UM-39,S,orange,30.019427445814017,19.258928547891312,4,3
113,DragonWear UM-40,M,blue,24.49589455331665,13.555895715518846,4,3
114,DragonWear UM-41,L,white,10640.7,5747.04207,4,3
115,DragonWear UM-42,XL,purple,10818.745208023774,9215.40716819465,4,3
116,DragonWear UM-43,S,green,23.2009732482921,14.378618182881723,4,3
117,DragonWear UM-44,M,silver,23.89515899746957,13.852857629498953,4,3
118,DragonWear UM-45,L,pink,18868.5,10428.619950000002,4,3
119,DragonWear UM-46,XL,yellow,32.10973696022596,20.62856719618168,4,3
120,DragonWear UM-47,S,red,37.95726000127293,24.56236402951228,4,3
121,DragonWear UM-48,M,black,36.99106214195303,23.83802621581005,4,3
122,DragonWear UM-49,L,orange,46.10278220105583,27.542789685301045,4,3
123,DragonWear UM-50,XL,blue,33.288125997666015,21.17804773686574,4,3
124,DragonWear UM-51,S,white,59.22913883606159,37.57821971780847,4,3
125,DragonWear UM-52,M,purple,6671.7,6338.115,4,3
126,DragonWear UM-53,L,green,29.7889424731643,17.33448492430065,4,3
127,DragonWear UM-54,XL,silver,98.30428985475488,62.21595412371517,4,3
128,DragonWear UM-55,S,pink,42.5324340547644,23.55024120842637,4,3
129,DragonWear UM-56,M,yellow,23.503209291778774,14.328190685313045,4,3
199,IndigoViet UM-01,XL,yellow,15105.674347826089,11904.78195352174,4,3
200,IndigoViet UM-02,S,red,14491.708235294118,8826.899486117647,4,3
201,IndigoViet UM-03,M,black,18386.83451612903,15661.90564083871,4,3
202,IndigoViet UM-04,L,orange,16231.71508474576,15420.129330508473,4,3
203,IndigoViet UM-05,XL,blue,12468.703333333337,11003.630691666667,4,3
204,IndigoViet UM-06,S,white,10730.285073529412,6927.472043470589,4,3
205,IndigoViet UM-07,M,purple,12837.05181818182,7742.025951545455,4,3
206,IndigoViet UM-08,L,green,10546.53264,5820.631364016001,4,3
207,IndigoViet UM-09,XL,silver,11575.161549295775,8926.764586816902,4,3
208,IndigoViet UM-10,S,pink,17521.536666666667,9855.864375,4,3
209,IndigoViet UM-11,M,yellow,19214.37,13083.064533,4,3
210,IndigoViet UM-12,L,red,15511.570819672132,10377.240878360655,4,3
223,LotusWear UM-01,XL,blue,10136.85,5587.4317200000005,4,3
224,LotusWear UM-02,S,white,7682.090963855422,5061.729736084338,4,3
225,LotusWear UM-03,M,purple,9131.85,5558.557095,4,3
226,LotusWear UM-04,L,green,8879.85,8435.8575,4,3
227,LotusWear UM-05,XL,silver,9546.096575342466,5405.954490616439,4,3
228,LotusWear UM-06,S,pink,7714.35,4099.40559,4,3
817,HanoiStreet UM-01,M,silver,4913.37,3947.892795,4,3
818,HanoiStreet UM-02,L,pink,21.57732512939597,12.363826367646892,4,3
819,HanoiStreet UM-03,XL,yellow,14579.50153846154,12477.137416615386,4,3
820,HanoiStreet UM-04,S,red,12599.37,11653.157313000002,4,3
821,HanoiStreet UM-05,M,black,40.164718704262754,22.574848792573857,4,3
822,HanoiStreet UM-06,L,orange,4674.7290361445785,4440.992584337349,4,3
823,HanoiStreet UM-07,XL,blue,7496.369999999999,7121.551499999999,4,3
824,HanoiStreet UM-08,S,white,5543.37,4445.228403,4,3
825,HanoiStreet UM-09,M,purple,30.28385965302172,16.88916680496091,4,3
826,HanoiStreet UM-10,L,green,12730.405428472704,12093.885157049066,4,3
827,HanoiStreet UM-11,XL,silver,7496.37,6075.807885,4,3
828,HanoiStreet UM-12,S,pink,10146.73689473684,8943.333899021052,4,3
829,HanoiStreet UM-13,M,yellow,3815.5614893617017,2691.1155184468084,4,3
830,HanoiStreet UM-14,L,red,44.0621085973863,27.30215489435084,4,3
831,HanoiStreet UM-15,XL,black,40.01662728349383,23.369209980731377,4,3
832,HanoiStreet UM-16,S,orange,32.164663236602394,20.021752693261533,4,3
833,HanoiStreet UM-17,M,blue,23.600844912613496,13.1347111882626,4,3
834,HanoiStreet UM-18,L,white,13229.370000000004,10026.539523,4,3
835,HanoiStreet UM-19,XL,purple,6299.37,5984.4015,4,3
836,HanoiStreet UM-20,S,green,10079.37,9571.369752,4,3
837,HanoiStreet UM-21,M,silver,10059.6825,9556.698375,4,3
838,HanoiStreet UM-22,L,pink,10919.37,10373.4015,4,3
839,HanoiStreet UM-23,XL,yellow,9597.8685,7830.90090915,4,3
840,HanoiStreet UM-24,S,red,11024.37,9145.817352,4,3
841,HanoiStreet UM-25,M,black,18.06653099279958,10.506212312054467,4,3
842,HanoiStreet UM-26,L,orange,9071.37,6994.933407,4,3
843,HanoiStreet UM-27,XL,blue,6299.37,5984.4015,4,3
844,HanoiStreet UM-28,S,white,27.69893650605924,16.728748583640208,4,3
845,HanoiStreet UM-29,M,purple,46.644709743829566,29.34289561026984,4,3
846,HanoiStreet UM-30,L,green,6985.37,6636.1015,4,3
847,HanoiStreet UM-31,XL,silver,6929.37,5692.477455,4,3
848,HanoiStreet UM-32,S,pink,36.07634897741269,20.99193459089709,4,3
849,HanoiStreet UM-33,M,yellow,4137.985384615385,3139.075712769231,4,3
850,HanoiStreet UM-34,L,red,20.11980168384474,12.325171963068732,4,3
851,HanoiStreet UM-35,XL,black,35.49075962480593,22.664320123200994,4,3
852,HanoiStreet UM-36,S,orange,9109.170000000002,8653.711500000001,4,3
853,HanoiStreet UM-37,M,blue,5165.37,4329.613133999999,4,3
854,HanoiStreet UM-38,L,white,8770.989617224881,8332.440136363637,4,3
1027,MekongStyle UM-01,XL,silver,14736.2840625,13999.469859375,4,3
1028,MekongStyle UM-02,S,pink,13423.977329842932,12210.449779225131,4,3
1124,MekongFit UM-01,S,white,8199.463653250774,7789.490470588234,4,3
1125,MekongFit UM-02,M,purple,11760.3675,9002.56132125,4,3
1126,MekongFit UM-03,L,green,8742.781764705884,6289.557201529413,4,3
1127,MekongFit UM-04,XL,silver,9359.509534883722,8891.534058139536,4,3
1128,MekongFit UM-05,S,pink,11024.37,6125.139972,4,3
1129,MekongFit UM-06,M,yellow,5529.824602774275,3583.3263425977298,4,3
1130,MekongFit UM-07,L,red,11780.37,10067.504202,4,3
1131,MekongFit UM-08,XL,black,5230.89963671128,3135.924332208413,4,3
1132,MekongFit UM-09,S,orange,7701.12,4741.579584000001,4,3
1133,MekongFit UM-10,M,blue,7748.37,4407.272856,4,3
1134,MekongFit UM-11,L,white,11011.57028818444,8816.96432974928,4,3
1135,MekongFit UM-12,XL,purple,11528.37,10951.9515,4,3
1136,MekongFit UM-13,S,green,9134.37,8677.6515,4,3
1137,MekongFit UM-14,M,silver,9511.97335781742,5349.533816436517,4,3
1138,MekongFit UM-15,L,pink,2691.99,1457.981784,4,3
1139,MekongFit UM-16,XL,yellow,8189.176153846154,6091.928140846154,4,3
1140,MekongFit UM-17,S,red,9570.261891891892,5120.090112162163,4,3
1141,MekongFit UM-18,M,black,10507.848260869563,9982.455847826086,4,3
1142,MekongFit UM-19,L,orange,8326.33408839779,7398.780470950277,4,3
1143,MekongFit UM-20,XL,blue,6625.844226804124,6294.552015463917,4,3
1749,SaigonCore UM-01,M,yellow,7101.188181818181,6343.491402818181,4,3
1750,SaigonCore UM-02,L,red,4962.51,2940.287175,4,3
1751,SaigonCore UM-03,XL,black,8189.370000000001,6178.060728,4,3
1752,SaigonCore UM-04,S,orange,9766.063636363637,9277.760454545454,4,3
1753,SaigonCore UM-05,M,blue,11333.7,6682.34952,4,3
1754,SaigonCore UM-06,L,white,38.63377724114878,23.627889604957712,4,3
1863,BambooCraft UM-01,XL,blue,10115.099166666669,6342.1671775,4,3
1864,BambooCraft UM-02,S,white,11978.285094339622,7438.515043584906,4,3
1865,BambooCraft UM-03,M,purple,23.25353179177501,13.33115554071414,4,3
1866,BambooCraft UM-04,L,green,13638.145862068968,9430.77786362069,4,3
1867,BambooCraft UM-05,XL,silver,11388.249310344829,5870.642519482759,4,3
1868,BambooCraft UM-06,S,pink,14247.512493297589,13535.136868632708,4,3
1869,BambooCraft UM-07,M,yellow,11339.37,7381.929870000001,4,3
1870,BambooCraft UM-08,L,red,10134.107704918031,9627.402319672132,4,3
1871,BambooCraft UM-09,XL,black,12087.152608695653,7307.892467217392,4,3
1872,BambooCraft UM-10,S,orange,15214.602558139535,10097.93171783721,4,3
1873,BambooCraft UM-11,M,blue,9675.597272727273,9191.817409090909,4,3
1874,BambooCraft UM-12,L,white,10118.745,9612.80775,4,3
1875,BambooCraft UM-13,XL,purple,13973.850935875216,11114.801034395146,4,3
1876,BambooCraft UM-14,S,green,17668.006363636363,16784.606045454544,4,3
1877,BambooCraft UM-15,M,silver,35.215630853528786,19.4545258610241,4,3
1878,BambooCraft UM-16,L,pink,9708.284634146345,7207.430512390245,4,3
1879,BambooCraft UM-17,XL,yellow,12504.491621621622,11879.26704054054,4,3
1880,BambooCraft UM-18,S,red,11356.870000000004,6008.919917,4,3
1881,BambooCraft UM-19,M,black,11652.151690140843,7134.61247987324,4,3
1994,UrbanVN UM-01,L,white,7359.568083067093,5306.248587891373,4,3
1995,UrbanVN UM-02,XL,purple,5159.312850739579,3025.421055673689,4,3
1996,UrbanVN UM-03,S,green,33.89554152763984,21.59179509154807,4,3
1997,UrbanVN UM-04,M,silver,9479.086981132075,7933.047894509435,4,3
2110,PhoenixWear UM-01,L,red,10835.37,10293.6015,4,3
2111,PhoenixWear UM-02,XL,black,6929.37,5689.01277,4,3
2112,PhoenixWear UM-03,S,orange,6863.706,6505.4205468,4,3
2113,PhoenixWear UM-04,M,blue,20.96410901157047,11.5748493811317,4,3
2114,PhoenixWear UM-05,L,white,10851.12,5601.3481440000005,4,3
2115,PhoenixWear UM-06,XL,purple,7572.40448275862,5696.71989237931,4,3
2116,PhoenixWear UM-07,S,green,6892.438965517242,6547.817017241379,4,3
2117,PhoenixWear UM-08,M,silver,8322.37,7906.2515,4,3
2118,PhoenixWear UM-09,L,pink,38.210675661195815,24.35816580518184,4,3
2119,PhoenixWear UM-10,XL,yellow,8315.37,7063.906814999999,4,3
2120,PhoenixWear UM-11,S,red,6667.367225806452,3474.365061367742,4,3
2121,PhoenixWear UM-12,M,black,7559.25,6029.257799999999,4,3
2122,PhoenixWear UM-13,L,orange,12072.087391304349,9086.660179434784,4,3
2123,PhoenixWear UM-14,XL,blue,7489.429322033899,5615.574105661017,4,3
2124,PhoenixWear UM-15,S,white,10854.356301369864,6990.205458082193,4,3
2286,VietMotion UM-01,L,green,8937.973131935883,8294.439066436498,4,3
2287,VietMotion UM-02,XL,silver,10079.37,7890.130836,4,3
2288,VietMotion UM-03,S,pink,41.44278538358636,24.9855947736624,4,3
2289,VietMotion UM-04,M,yellow,11018.7,9739.428929999998,4,3
2290,VietMotion UM-05,L,red,9669.87,7081.245801000001,4,3
2291,VietMotion UM-06,XL,black,11018.7,7937.87148,4,3
2292,VietMotion UM-07,S,orange,8635.538709677421,6930.883368387097,4,3
2293,VietMotion UM-08,M,blue,9638.37,9156.4515,4,3
2294,VietMotion UM-09,L,white,51.07118772891244,32.88508352299283,4,3
2295,VietMotion UM-10,XL,purple,10934.453696808512,10387.731011968086,4,3
2296,VietMotion UM-11,S,green,10640.7,8784.961920000002,4,3
2297,VietMotion UM-12,M,silver,50.47715313856764,31.794464597878992,4,3
130,DragonWear UR-01,L,red,19.08556428728413,12.401673920112046,4,7
131,DragonWear UR-02,XL,black,22.756936136138982,13.314427513518831,4,7
132,DragonWear UR-03,S,orange,9387.0,7485.1938,4,7
133,DragonWear UR-04,M,blue,8820.985714285714,7253.496552857143,4,7
134,DragonWear UR-05,L,white,40.69129171925744,25.50199869244104,4,7
135,DragonWear UR-06,XL,purple,40.67096228171263,24.00372095766753,4,7
136,DragonWear UR-07,S,green,5005.35,4469.77755,4,7
137,DragonWear UR-08,M,silver,40.69149385940541,24.333007208360467,4,7
138,DragonWear UR-09,L,pink,154.63888062104218,94.75505858314092,4,7
139,DragonWear UR-10,XL,yellow,41.6106525032774,26.521286356649966,4,7
140,DragonWear UR-11,S,red,52.15532346340829,33.81794706998278,4,7
141,DragonWear UR-12,M,black,8183.7,7774.514999999999,4,7
142,DragonWear UR-13,L,orange,48.50179004454419,30.402248106105507,4,7
143,DragonWear UR-14,XL,blue,5549.752173913043,3170.018441739131,4,7
144,DragonWear UR-15,S,white,5789.7,5500.214999999999,4,7
145,DragonWear UR-16,M,purple,42.972333451896645,25.43002474538521,4,7
146,DragonWear UR-17,L,green,29.191930027143464,17.28558392762082,4,7
147,DragonWear UR-18,XL,silver,44.86184643545983,27.9829459342423,4,7
148,DragonWear UR-19,S,pink,8284.5,7108.101000000001,4,7
149,DragonWear UR-20,M,yellow,24.30956548346552,13.950717882006987,4,7
150,DragonWear UR-21,L,red,6524.2531914893625,4447.5834006382975,4,7
151,DragonWear UR-22,XL,black,30.12250471383129,16.90015329196289,4,7
152,DragonWear UR-23,S,orange,27.271837623888736,15.966630483240037,4,7
153,DragonWear UR-24,M,blue,34.217925895939445,19.80273149585107,4,7
154,DragonWear UR-25,L,white,83.58494554562807,48.44840986139958,4,7
155,DragonWear UR-26,XL,purple,6032.25,5730.6375,4,7
156,DragonWear UR-27,S,green,15.6911039278997,8.996663510353542,4,7
157,DragonWear UR-28,M,silver,43.57589263185027,24.15016577873028,4,7
158,DragonWear UR-29,L,pink,17.372937016254994,9.586167633175872,4,7
159,DragonWear UR-30,XL,yellow,27.418754599546137,17.788526811415327,4,7
160,DragonWear UR-31,S,red,8757.0,8319.15,4,7
161,DragonWear UR-32,M,black,51.19184483471268,30.34536424775848,4,7
162,DragonWear UR-33,L,orange,33.97795757096608,19.99374011508968,4,7
163,DragonWear UR-34,XL,blue,6636.2625,4713.73725375,4,7
164,DragonWear UR-35,S,white,6815.393617021276,3720.523375531915,4,7
165,DragonWear UR-36,M,purple,8309.284615384617,7893.820384615386,4,7
166,DragonWear UR-37,L,green,21.518264558046184,13.29752851044007,4,7
167,DragonWear UR-38,XL,silver,24.87537893001365,14.224373227866726,4,7
168,DragonWear UR-39,S,pink,43.45991850151962,28.03147873924418,4,7
169,DragonWear UR-40,M,yellow,24.725951184208856,15.543585995353366,4,7
170,DragonWear UR-41,L,red,8793.62462686567,5372.025284552239,4,7
171,DragonWear UR-42,XL,black,36.11049111896276,20.183637635922963,4,7
172,DragonWear UR-43,S,orange,33.724640286606764,19.95682830302861,4,7
229,LotusWear UR-01,M,yellow,6513.15,4765.02054,4,7
230,LotusWear UR-02,L,red,8186.85,7777.5075,4,7
231,LotusWear UR-03,XL,black,8690.85,8180.697105,4,7
232,LotusWear UR-04,S,orange,25.51738184562763,16.277839769249763,4,7
233,LotusWear UR-05,M,blue,4721.85,4485.7575,4,7
234,LotusWear UR-06,L,white,5204.85,3942.15339,4,7
235,LotusWear UR-07,XL,purple,6296.85,3378.260025,4,7
236,LotusWear UR-08,S,green,6434.257407407407,5945.253844444444,4,7
237,LotusWear UR-09,M,silver,6401.85,3225.892215,4,7
238,LotusWear UR-10,L,pink,4412.916666666667,2846.3312500000006,4,7
239,LotusWear UR-11,XL,yellow,4799.280167597765,4433.575018826817,4,7
240,LotusWear UR-12,S,red,5537.754000000001,5115.2233698,4,7
241,LotusWear UR-13,M,black,5036.85,3089.60379,4,7
242,LotusWear UR-14,L,orange,5564.335207100592,3416.501817159764,4,7
243,LotusWear UR-15,XL,blue,7241.85,6524.90685,4,7
244,LotusWear UR-16,S,white,7556.85,7036.183035,4,7
245,LotusWear UR-17,M,purple,78.06779655202614,50.31260283485738,4,7
246,LotusWear UR-18,L,green,8877.426923076924,4855.952526923077,4,7
247,LotusWear UR-19,XL,silver,4921.967647058824,4675.869264705882,4,7
248,LotusWear UR-20,S,pink,6826.622727272727,5780.784125454546,4,7
249,LotusWear UR-21,M,yellow,5036.85,3544.431345,4,7
250,LotusWear UR-22,L,red,7556.85,6491.334150000001,4,7
251,LotusWear UR-23,XL,black,6941.388461538462,5643.34881923077,4,7
252,LotusWear UR-24,S,orange,7556.85,4964.094765,4,7
253,LotusWear UR-25,M,blue,8816.85,5025.6045,4,7
254,LotusWear UR-26,L,white,10076.85,8442.38493,4,7
255,LotusWear UR-27,XL,purple,42.673051514511954,25.46472320973422,4,7
256,LotusWear UR-28,S,green,5414.85,5144.1075,4,7
257,LotusWear UR-29,M,silver,7052.85,5494.17015,4,7
258,LotusWear UR-30,L,pink,8186.85,7777.5075,4,7
259,LotusWear UR-31,XL,yellow,7345.98223140496,5610.126630123967,4,7
260,LotusWear UR-32,S,red,7624.958108108109,4062.57768,4,7
261,LotusWear UR-33,M,black,9446.85,5966.63046,4,7
262,LotusWear UR-34,L,orange,4721.85,4485.7575,4,7
263,LotusWear UR-35,XL,blue,6926.85,5641.919325000001,4,7
264,LotusWear UR-36,S,white,8501.85,4445.617365,4,7
265,LotusWear UR-37,M,purple,7871.850000000001,5976.3085200000005,4,7
266,LotusWear UR-38,L,green,8501.85,4850.3054250000005,4,7
267,LotusWear UR-39,XL,silver,4178.0440298507465,3405.105884328358,4,7
268,LotusWear UR-40,S,pink,6170.850000000001,3552.558345,4,7
269,LotusWear UR-41,M,yellow,5414.85,3976.665840000001,4,7
270,LotusWear UR-42,L,red,5477.85,4012.525125,4,7
271,LotusWear UR-43,XL,black,6296.85,5982.0075,4,7
272,LotusWear UR-44,S,orange,7556.850000000001,5834.643885,4,7
273,LotusWear UR-45,M,blue,5173.35,3073.487235,4,7
274,LotusWear UR-46,L,white,7241.85,5346.657855,4,7
275,LotusWear UR-47,XL,purple,9446.85,7969.362660000002,4,7
276,LotusWear UR-48,S,green,5749.060762331839,3331.5807117713007,4,7
277,LotusWear UR-49,M,silver,8678.25,6332.5190250000005,4,7
278,LotusWear UR-50,L,pink,4721.85,3265.1592750000004,4,7
279,LotusWear UR-51,XL,yellow,8186.85,6045.988725,4,7
512,SaigonFlex UR-01,S,orange,2895.329458972047,2518.9366293056805,4,7
855,HanoiStreet UR-01,XL,purple,14.730835728230662,9.005565891355735,4,7
856,HanoiStreet UR-02,S,green,35.679693802545806,20.219803596519814,4,7
857,HanoiStreet UR-03,M,silver,25.413624150312284,16.49641197609441,4,7
858,HanoiStreet UR-04,L,pink,46.570781307914125,26.69284293338884,4,7
859,HanoiStreet UR-05,XL,yellow,24.11880205611212,15.539097236098918,4,7
860,HanoiStreet UR-06,S,red,7496.37,4533.054939,4,7
861,HanoiStreet UR-07,M,black,31.629980582212404,19.45132040950962,4,7
862,HanoiStreet UR-08,L,orange,2246.328984375,1699.7971424765624,4,7
863,HanoiStreet UR-09,XL,blue,3653.37,3470.7015,4,7
864,HanoiStreet UR-10,S,white,40.5280736934613,24.753480692311555,4,7
865,HanoiStreet UR-11,M,purple,46.81960744428506,28.15117157705557,4,7
866,HanoiStreet UR-12,L,green,20.488862322836887,11.741490478992276,4,7
867,HanoiStreet UR-13,XL,silver,28.96822401621191,16.44389356654421,4,7
868,HanoiStreet UR-14,S,pink,27.385724542743347,15.665965957215796,4,7
869,HanoiStreet UR-15,M,yellow,25.499741298868727,14.500270459666716,4,7
870,HanoiStreet UR-16,L,red,67.0998424584302,42.13591288807336,4,7
871,HanoiStreet UR-17,XL,black,38.93885846883879,22.779719949167216,4,7
872,HanoiStreet UR-18,S,orange,19.99828296794901,11.114731053725793,4,7
873,HanoiStreet UR-19,M,blue,47.80569519896546,30.92599485473374,4,7
874,HanoiStreet UR-20,L,white,77.39037963933177,49.4043613173527,4,7
875,HanoiStreet UR-21,XL,purple,6314.414776119403,4917.666227641791,4,7
876,HanoiStreet UR-22,S,green,6929.369999999999,6582.901499999999,4,7
877,HanoiStreet UR-23,M,silver,50.04817813604396,32.16972912837173,4,7
878,HanoiStreet UR-24,L,pink,18.03387644120589,11.712836517062742,4,7
879,HanoiStreet UR-25,XL,yellow,27.28416155070732,15.480747460149525,4,7
880,HanoiStreet UR-26,S,red,54.9687289874747,32.410892958162094,4,7
881,HanoiStreet UR-27,M,black,567.63,338.13719100000003,4,7
882,HanoiStreet UR-28,L,orange,9197.37,8737.5015,4,7
883,HanoiStreet UR-29,XL,blue,24.95145691183151,15.615216767049676,4,7
884,HanoiStreet UR-30,S,white,39.54850017556203,24.50433225008864,4,7
885,HanoiStreet UR-31,M,purple,45.14383029070082,25.52385172770945,4,7
886,HanoiStreet UR-32,L,green,22.856323333326387,14.435672402411877,4,7
887,HanoiStreet UR-33,XL,silver,32.33628122463447,18.510712018461764,4,7
888,HanoiStreet UR-34,S,pink,9.056593572436444,5.183828982020106,4,7
889,HanoiStreet UR-35,M,yellow,21.98246177675812,13.270755949852088,4,7
890,HanoiStreet UR-36,L,red,29.93333491389395,18.23820116798559,4,7
891,HanoiStreet UR-37,XL,black,20.10335521420072,12.223013276912614,4,7
1144,MekongFit UR-01,S,white,4987.5217241379305,4154.1068440344825,4,7
1145,MekongFit UR-02,M,purple,4040.82,3302.966268,4,7
1146,MekongFit UR-03,L,green,63.622330777404414,35.57434251064229,4,7
1147,MekongFit UR-04,XL,silver,18.68915574220809,11.918935930153594,4,7
1148,MekongFit UR-05,S,pink,3768.4661538461537,2211.7127856923075,4,7
1149,MekongFit UR-06,M,yellow,440.37,418.3515,4,7
1150,MekongFit UR-07,L,red,5337.0,4708.8351,4,7
1151,MekongFit UR-08,XL,black,27.77071936346653,16.011486074472163,4,7
1152,MekongFit UR-09,S,orange,34.89334875341958,19.643262746090027,4,7
1153,MekongFit UR-10,M,blue,4436.408626609442,3930.2144023133046,4,7
1154,MekongFit UR-11,L,white,58.93937160374784,37.65487971621282,4,7
1155,MekongFit UR-12,XL,purple,5890.312702702703,5044.463798594595,4,7
1156,MekongFit UR-13,S,green,4125.1374418604655,2224.2741086511624,4,7
1157,MekongFit UR-14,M,silver,4556.37,2443.125594,4,7
1158,MekongFit UR-15,L,pink,18.6464380678132,12.037490584912655,4,7
1159,MekongFit UR-16,XL,yellow,52.734268524923294,33.55021461587067,4,7
1160,MekongFit UR-17,S,red,33.25127873001165,20.9799477652166,4,7
1161,MekongFit UR-18,M,black,22.362748018182376,13.764812540396829,4,7
1162,MekongFit UR-19,L,orange,39.83880310441748,24.10589154006108,4,7
1163,MekongFit UR-20,XL,blue,35.86005056451476,20.034962771369766,4,7
1164,MekongFit UR-21,S,white,26.04727742069481,15.389911996804814,4,7
1668,VietMode UR-01,S,pink,5164.74,2678.950638,4,7
1669,VietMode UR-02,M,yellow,5227.74,4966.352999999999,4,7
1670,VietMode UR-03,L,red,5353.74,4705.93746,4,7
1755,SaigonCore UR-01,XL,purple,6236.369999999999,4906.775916,4,7
1756,SaigonCore UR-02,S,green,5663.7,5380.514999999999,4,7
1757,SaigonCore UR-03,M,silver,6307.371940298507,3885.971852417911,4,7
1758,SaigonCore UR-04,L,pink,5789.7,5500.214999999999,4,7
1759,SaigonCore UR-05,XL,yellow,5297.992682926829,5033.093048780487,4,7
1760,SaigonCore UR-06,S,red,8561.7,6144.73209,4,7
1761,SaigonCore UR-07,M,black,10076.85,8257.978575000001,4,7
1762,SaigonCore UR-08,L,orange,5510.7,5235.165,4,7
1763,SaigonCore UR-09,XL,blue,5743.991359223301,5456.791791262135,4,7
1764,SaigonCore UR-10,S,white,6828.570000000001,5400.033156,4,7
1765,SaigonCore UR-11,M,purple,2235.9309677419355,2124.134419354839,4,7
1998,UrbanVN UR-01,L,pink,34.053091928060134,19.99832019346835,4,7
1999,UrbanVN UR-02,XL,yellow,8126.369999999999,5654.328245999999,4,7
2000,UrbanVN UR-03,S,red,28.38538957636992,16.349285501600754,4,7
2001,UrbanVN UR-04,M,black,34.65378441854702,21.56650589658136,4,7
2002,UrbanVN UR-05,L,orange,43.15732974830766,25.876598622867107,4,7
2003,UrbanVN UR-06,XL,blue,62.45252864460724,34.855044866584926,4,7
2004,UrbanVN UR-07,S,white,5358.403536585365,3888.593446500001,4,7
2005,UrbanVN UR-08,M,purple,3684.87,2645.368173,4,7
2006,UrbanVN UR-09,L,green,20.18366876572802,11.545428302743652,4,7
2007,UrbanVN UR-10,XL,silver,77.72782876872711,48.06112784144644,4,7
2008,UrbanVN UR-11,S,pink,15.167650149235683,8.457680206310576,4,7
2009,UrbanVN UR-12,M,yellow,31.164697443076804,19.79334418747074,4,7
2010,UrbanVN UR-13,L,red,41.90172026770757,25.12069527388581,4,7
2011,UrbanVN UR-14,XL,black,37.05475735319302,22.16091844526021,4,7
2012,UrbanVN UR-15,S,orange,4660.622964426877,4277.053694454546,4,7
2013,UrbanVN UR-16,M,blue,25.814082905892526,15.726991964970582,4,7
2014,UrbanVN UR-17,L,white,30.470259205110622,19.27146684213688,4,7
2015,UrbanVN UR-18,XL,purple,4382.413269230769,3917.000980038461,4,7
2016,UrbanVN UR-19,S,green,3743.541357615894,1998.676730831126,4,7
2017,UrbanVN UR-20,M,silver,27.18865052559904,15.899404089403289,4,7
2018,UrbanVN UR-21,L,pink,26.160590454431023,16.16205503879573,4,7
2019,UrbanVN UR-22,XL,yellow,46.51806997910511,28.21661439756509,4,7
2020,UrbanVN UR-23,S,red,38.19887994556807,22.02940205348988,4,7
2021,UrbanVN UR-24,M,black,25.099204738124502,16.00985399762684,4,7
2022,UrbanVN UR-25,L,orange,2988.25524590164,1860.4877160983608,4,7
2023,UrbanVN UR-26,XL,blue,47.45775515549522,29.8861702243266,4,7
2024,UrbanVN UR-27,S,white,37.44674567601375,23.06139796104344,4,7
2025,UrbanVN UR-28,M,purple,45.83943961534325,29.110710769311765,4,7
2026,UrbanVN UR-29,L,green,4409.37,2827.288044,4,7
2027,UrbanVN UR-30,XL,silver,42.59988427700669,27.12459961185434,4,7
2028,UrbanVN UR-31,S,pink,8504.37,5160.4517160000005,4,7
2029,UrbanVN UR-32,M,yellow,2519.37,2246.270292,4,7
2030,UrbanVN UR-33,L,red,23.76947027384075,14.75694992242415,4,7
2031,UrbanVN UR-34,XL,black,26.46776517089512,16.772658065996215,4,7
2032,UrbanVN UR-35,S,orange,44.65281905454065,27.673457177359808,4,7
2033,UrbanVN UR-36,M,blue,42.2729797847311,26.125296591141566,4,7
2034,UrbanVN UR-37,L,white,5039.37,4787.4015,4,7
2035,UrbanVN UR-38,XL,purple,32.839739836971454,20.093360582412,4,7
2036,UrbanVN UR-39,S,green,2521.250597014925,2395.18806716418,4,7
2037,UrbanVN UR-40,M,silver,34.706637577815734,21.701077028590497,4,7
2038,UrbanVN UR-41,L,pink,55.20568617063113,31.23871776063406,4,7
2039,UrbanVN UR-42,XL,yellow,4661.37,2832.7145490000003,4,7
2040,UrbanVN UR-43,S,red,26.137509924695955,16.67800727967642,4,7
2125,PhoenixWear UR-01,M,purple,6173.37,4869.554255999999,4,7
2126,PhoenixWear UR-02,L,green,5499.5607692307685,4003.130283923077,4,7
2127,PhoenixWear UR-03,XL,silver,5036.85,4118.12856,4,7
2128,PhoenixWear UR-04,S,pink,4874.562,3880.6388082,4,7
2129,PhoenixWear UR-05,M,yellow,41.216511987760136,26.26251651454432,4,7
2130,PhoenixWear UR-06,L,red,30.54261553426067,16.887767395957994,4,7
2131,PhoenixWear UR-07,XL,black,5354.37,2739.295692,4,7
2132,PhoenixWear UR-08,S,orange,4448.246582278481,2596.441530075949,4,7
2133,PhoenixWear UR-09,M,blue,5497.100290456431,5222.245275933609,4,7
2134,PhoenixWear UR-10,L,white,6133.816022727272,5691.567887488636,4,7
2135,PhoenixWear UR-11,XL,purple,30.35397614696373,19.201369075670648,4,7
2136,PhoenixWear UR-12,S,green,5342.824976303317,4014.598687194313,4,7
2137,PhoenixWear UR-13,M,silver,5666.85,5383.5075,4,7
2138,PhoenixWear UR-14,L,pink,5385.87,4297.92426,4,7
2139,PhoenixWear UR-15,XL,yellow,51.39345042967528,28.92870445090894,4,7
2140,PhoenixWear UR-16,S,red,6611.85,4492.09089,4,7
2141,PhoenixWear UR-17,M,black,5669.37,3855.1716,4,7
2142,PhoenixWear UR-18,L,orange,6299.37,5456.514294,4,7
2143,PhoenixWear UR-19,XL,blue,5280.81502617801,4593.780991272251,4,7
2144,PhoenixWear UR-20,S,white,5279.316428571428,3096.847017,4,7
2145,PhoenixWear UR-21,M,purple,4797.610282685512,3923.96545020848,4,7
2146,PhoenixWear UR-22,L,green,4598.37,2925.482994,4,7
2147,PhoenixWear UR-23,XL,silver,5889.87,3678.223815,4,7
2298,VietMotion UR-01,L,pink,46.0702101095042,26.88251516296481,4,7
2299,VietMotion UR-02,XL,yellow,45.85131388256831,28.627305678763328,4,7
2300,VietMotion UR-03,S,red,55.8233099312733,31.600235412362714,4,7
2301,VietMotion UR-04,M,black,33.39484466270076,21.098752735452184,4,7
2302,VietMotion UR-05,L,orange,43.500880902334885,27.5453414732944,4,7
2303,VietMotion UR-06,XL,blue,29.25040142053348,17.5720842733407,4,7
2304,VietMotion UR-07,S,white,37.70024303539459,20.75920856103877,4,7
2305,VietMotion UR-08,M,purple,31.435655628333755,18.191933786252203,4,7
2306,VietMotion UR-09,L,green,34.42552813113916,21.05784397046665,4,7
2307,VietMotion UR-10,XL,silver,3338.37,1819.41165,4,7
2308,VietMotion UR-11,S,pink,42.01651730646136,27.23168712154874,4,7
2309,VietMotion UR-12,M,yellow,3773.7,3585.0149999999994,4,7
2310,VietMotion UR-13,L,red,23.87213136046396,14.637945799481171,4,7
2311,VietMotion UR-14,XL,black,76.47431327572451,44.04770234649405,4,7
2312,VietMotion UR-15,S,orange,22.14458611437045,13.583501751832884,4,7
2313,VietMotion UR-16,M,blue,20.375323878643,12.306665833397906,4,7
2314,VietMotion UR-17,L,white,52.62779221961577,33.04943986273253,4,7
2315,VietMotion UR-18,XL,purple,45.452375140966936,25.48505874041013,4,7
2316,VietMotion UR-19,S,green,42.50611410259488,26.61319664232815,4,7
2317,VietMotion UR-20,M,silver,42.57802195970135,25.72251810512813,4,7
2318,VietMotion UR-21,L,pink,32.95362568508731,21.29790193008817,4,7
2319,VietMotion UR-22,XL,yellow,23.12925465151388,13.511814896989977,4,7
2320,VietMotion UR-23,S,red,34.134951269156154,20.93367494742875,4,7
2321,VietMotion UR-24,M,black,25.257807488581232,16.24589276501159,4,7
2322,VietMotion UR-25,L,orange,48.91322908687154,27.403684178663447,4,7
2323,VietMotion UR-26,XL,blue,31.223688308626155,20.099401585688003,4,7
2324,VietMotion UR-27,S,white,23.80275002527921,14.728869703292052,4,7
2325,VietMotion UR-28,M,purple,1889.37,1169.708967,4,7
2326,VietMotion UR-29,L,green,29.120595219183564,16.213872924457114,4,7
1,DragonWear MA-01,M,black,4945.5,2732.8833,1,2
2,DragonWear MA-02,L,orange,39.062877119540296,22.660232699057364,1,2
3,DragonWear MA-03,XL,blue,10831.3771884655,10289.808329042224,1,2
4,DragonWear MA-04,S,white,9610.756521739131,5604.032127826088,1,2
5,DragonWear MA-05,M,purple,8946.0,8498.699999999999,1,2
6,DragonWear MA-06,L,green,26.430276201873458,16.408370301165643,1,2
7,DragonWear MA-07,XL,silver,5306.9975,3533.92963525,1,2
8,DragonWear MA-08,S,pink,5353.448367952522,3709.404374154303,1,2
9,DragonWear MA-09,M,yellow,7077.195950704225,5879.0266762500005,1,2
10,DragonWear MA-10,L,red,8183.699999999999,7774.5149999999985,1,2
11,DragonWear MA-11,XL,black,9135.0,6147.855,1,2
12,DragonWear MA-12,S,orange,5345.960869565217,3828.777174782609,1,2
13,DragonWear MA-13,M,blue,5260.299999999999,4066.73793,1,2
14,DragonWear MA-14,L,white,4896.826666666667,4396.860664,1,2
15,DragonWear MA-15,XL,purple,5669.37,3360.802536,1,2
16,DragonWear MA-16,S,green,8536.5,7834.7997,1,2
17,DragonWear MA-17,M,silver,4848.1147058823535,4140.28995882353,1,2
18,DragonWear MA-18,L,pink,4712.703333333333,3098.131171333333,1,2
19,DragonWear MA-19,XL,yellow,4445.517540983607,4171.673660459017,1,2
20,DragonWear MA-20,S,red,6111.0,5284.1817,1,2
21,DragonWear MA-21,M,black,5165.071578947369,4456.423758315789,1,2
22,DragonWear MA-22,L,orange,6615.0,3489.4125000000004,1,2
23,DragonWear MA-23,XL,blue,9103.5,5896.33695,1,2
24,DragonWear MA-24,S,white,23.83396923282398,13.26920629437508,1,2
25,DragonWear MA-25,M,purple,36.50593625897967,22.20353271354441,1,2
26,DragonWear MA-26,L,green,9437.143228498076,8226.35775228177,1,2
27,DragonWear MA-27,XL,silver,5077.2825,4735.0736595,1,2
28,DragonWear MA-28,S,pink,5181.75,2631.29265,1,2
29,DragonWear MA-29,M,yellow,6293.7,5979.014999999999,1,2
30,DragonWear MA-30,L,red,10256.4,7812.29988,1,2
31,DragonWear MA-31,XL,black,8993.317021276596,7894.333681276596,1,2
32,DragonWear MA-32,S,orange,36.52462272816412,21.35186731681735,1,2
33,DragonWear MA-33,M,blue,27.03744426420793,16.549391215756362,1,2
34,DragonWear MA-34,L,white,27.428556473975345,15.21116985645254,1,2
35,DragonWear MA-35,XL,purple,5669.37,3727.043838,1,2
36,DragonWear MA-36,S,green,5604.936206896552,3526.0653677586206,1,2
37,DragonWear MA-37,M,silver,5449.5,5177.025,1,2
38,DragonWear MA-38,L,pink,5355.0,4705.974,1,2
39,DragonWear MA-39,XL,yellow,36.33639931956768,23.151870566767563,1,2
40,DragonWear MA-40,S,red,12593.7,11964.015,1,2
41,DragonWear MA-41,M,black,10143.0,8305.0884,1,2
42,DragonWear MA-42,L,orange,12927.6,9403.53624,1,2
43,DragonWear MA-43,XL,blue,4898.851363636363,4653.908795454545,1,2
44,DragonWear MA-44,S,white,5039.37,4577.763708,1,2
45,DragonWear MA-45,M,purple,5669.37,3456.047952,1,2
211,LotusWear MA-01,XL,black,18.55550041447407,12.011882725066451,1,2
212,LotusWear MA-02,S,orange,18.85945708582556,12.199952430520778,1,2
694,HanoiStreet MA-01,L,white,24.84414997876081,15.526728742285847,1,2
695,HanoiStreet MA-02,XL,purple,30.40542782395652,17.11851808169427,1,2
696,HanoiStreet MA-03,S,green,37.50082850650854,23.469005485912835,1,2
697,HanoiStreet MA-04,M,silver,59.74840445540384,33.008525353361286,1,2
698,HanoiStreet MA-05,L,pink,46.66824007570581,25.770778763046447,1,2
699,HanoiStreet MA-06,XL,yellow,2843.993622047244,1924.53048403937,1,2
700,HanoiStreet MA-07,S,red,31.063223272571456,18.0900104489871,1,2
701,HanoiStreet MA-08,M,black,32.86451541320264,19.68138564352252,1,2
702,HanoiStreet MA-09,L,orange,3720.711891891892,3306.5966583243244,1,2
703,HanoiStreet MA-10,XL,blue,22.17550395365064,13.904944448459702,1,2
704,HanoiStreet MA-11,S,white,32.87112936445893,20.325190222309324,1,2
705,HanoiStreet MA-12,M,purple,29.504315607680223,17.54297900214996,1,2
706,HanoiStreet MA-13,L,green,3401.3699999999994,3231.301499999999,1,2
707,HanoiStreet MA-14,XL,silver,37.67841650968592,21.754111030359,1,2
708,HanoiStreet MA-15,S,pink,23.786248571516595,15.454221836084184,1,2
709,HanoiStreet MA-16,M,yellow,40.76152434416071,24.15601834190016,1,2
710,HanoiStreet MA-17,L,red,61.13567442088417,36.384205947209374,1,2
711,HanoiStreet MA-18,XL,black,2900.2151612903226,2181.5418443225803,1,2
712,HanoiStreet MA-19,S,orange,31.705683042923656,17.956906174905523,1,2
1043,MekongFit MA-01,XL,blue,4535.037107001321,2953.2161640792606,1,2
1044,MekongFit MA-02,S,white,3432.87,3261.2265,1,2
1045,MekongFit MA-03,M,purple,2541.87,1871.578881,1,2
1046,MekongFit MA-04,L,green,1243.62,1007.580924,1,2
1047,MekongFit MA-05,XL,silver,2653.821219512195,1379.987034146341,1,2
1048,MekongFit MA-06,S,pink,1700.37,1294.321644,1,2
1049,MekongFit MA-07,M,yellow,3141.3003370786514,2842.562675022472,1,2
1050,MekongFit MA-08,L,red,3375.730465116279,2155.403901976744,1,2
1051,MekongFit MA-09,XL,black,38.88795991024234,24.479230137439792,1,2
1052,MekongFit MA-10,S,orange,2991.8146397188048,2762.641638316344,1,2
1053,MekongFit MA-11,M,blue,3460.8919000381534,3287.8473050362454,1,2
1054,MekongFit MA-12,L,white,2960.37,2812.3515,1,2
1726,SaigonCore MA-01,L,green,5417.37,3360.936348,1,2
1727,SaigonCore MA-02,XL,silver,10073.7,7977.363029999999,1,2
1728,SaigonCore MA-03,S,pink,5993.059655172414,4755.492836379311,1,2
1729,SaigonCore MA-04,M,yellow,5858.37,4860.103752,1,2
1730,SaigonCore MA-05,L,red,9553.265217391305,6129.374963478261,1,2
1731,SaigonCore MA-06,XL,black,5543.37,3675.25431,1,2
1908,UrbanVN MA-01,S,pink,5137.8381818181815,4880.946272727272,1,2
1909,UrbanVN MA-02,M,yellow,2481.642785622593,2028.494812967908,1,2
1910,UrbanVN MA-03,L,red,43.64364128670683,27.031484530585928,1,2
1911,UrbanVN MA-04,XL,black,28.20535380725444,16.135633097849695,1,2
1912,UrbanVN MA-05,S,orange,3973.690133587786,2680.6513641183205,1,2
1913,UrbanVN MA-06,M,blue,36.22092508035289,20.21990056232335,1,2
1914,UrbanVN MA-07,L,white,33.282673967708824,20.570354322860464,1,2
1915,UrbanVN MA-08,XL,purple,5795.885337423313,3976.556930006135,1,2
1916,UrbanVN MA-09,S,green,3559.9503011292345,3381.9527860727726,1,2
1917,UrbanVN MA-10,M,silver,34.43489498797168,21.192994736606497,1,2
1918,UrbanVN MA-11,L,pink,8819.37,8378.4015,1,2
1919,UrbanVN MA-12,XL,yellow,24.307770829746094,14.033506952292084,1,2
1920,UrbanVN MA-13,S,red,3366.602972136223,3198.272823529412,1,2
1921,UrbanVN MA-14,M,black,33.44171489689868,21.572794008757047,1,2
1922,UrbanVN MA-15,L,orange,40.41493183257701,22.838711947827143,1,2
1923,UrbanVN MA-16,XL,blue,59.17253172718984,35.10312692310058,1,2
1924,UrbanVN MA-17,S,white,4242.385846538782,4030.266554211843,1,2
1925,UrbanVN MA-18,M,purple,48.60412143178831,31.31862906436304,1,2
2102,PhoenixWear MA-01,L,orange,6299.37,3167.323236,1,2
2103,PhoenixWear MA-02,XL,blue,7489.311908713693,4647.118039356847,1,2
2104,PhoenixWear MA-03,S,white,6859.956826347306,6101.9315970359285,1,2
2105,PhoenixWear MA-04,M,purple,6929.37,3756.411477,1,2
2106,PhoenixWear MA-05,L,green,10011.439565217392,7381.434391434783,1,2
2107,PhoenixWear MA-06,XL,silver,7874.37,5049.046044,1,2
2187,VietMotion MA-01,XL,silver,78.35681785939418,46.38509951496604,1,2
2188,VietMotion MA-02,S,pink,24.36288761072888,14.955221775848312,1,2
2189,VietMotion MA-03,M,yellow,3943.046992084433,2853.583108171504,1,2
2190,VietMotion MA-04,L,red,46.94272561574726,27.68491556165356,1,2
2191,VietMotion MA-05,XL,black,35.63530294659231,20.57659080145137,1,2
2192,VietMotion MA-06,S,orange,2587.684929328622,2458.3006828621906,1,2
2193,VietMotion MA-07,M,blue,9177.035294117648,5596.156122352942,1,2
2194,VietMotion MA-08,L,white,79.51305112548167,51.55608462187102,1,2
2195,VietMotion MA-09,XL,purple,23.96706714819649,14.162940493047364,1,2
2196,VietMotion MA-10,S,green,23.66770032509501,15.13336238016064,1,2
2197,VietMotion MA-11,M,silver,2982.692976846747,2833.5583280044098,1,2
2198,VietMotion MA-12,L,pink,26.05586643333778,14.929893188018678,1,2
2199,VietMotion MA-13,XL,yellow,2387.299419873636,2267.9344488799543,1,2
2200,VietMotion MA-14,S,red,14.160292010679644,8.089923089658269,1,2
2201,VietMotion MA-15,M,black,26.83475810232035,14.842664514570538,1,2
2202,VietMotion MA-16,L,orange,3857.993548387097,3393.105325806452,1,2
2203,VietMotion MA-17,XL,blue,10199.7,8504.50986,1,2
68,DragonWear RS-01,S,pink,4398.87,4178.9265,3,6
69,DragonWear RS-02,M,yellow,3910.2161538461537,3087.506675076923,3,6
70,DragonWear RS-03,L,red,5039.37,3891.401514,3,6
71,DragonWear RS-04,XL,black,4787.37,4096.552509,3,6
72,DragonWear RS-05,S,orange,24.443074771676816,15.03656521831065,3,6
73,DragonWear RS-06,M,blue,3882.460909090909,3688.337863636363,3,6
394,SaigonFlex RS-01,L,white,19686.87,17464.222377,3,6
395,SaigonFlex RS-02,XL,purple,4595.85,3068.649045,3,6
797,HanoiStreet RS-01,M,silver,3792.839178082192,3178.399231232877,3,6
798,HanoiStreet RS-02,L,pink,35.16873629794224,20.638865543994807,3,6
799,HanoiStreet RS-03,XL,yellow,37.96643159775866,24.16319721561676,3,6
800,HanoiStreet RS-04,S,red,3149.37,2034.178083,3,6
801,HanoiStreet RS-05,M,black,3716.37,2604.4320959999995,3,6
802,HanoiStreet RS-06,L,orange,2015.37,1867.038768,3,6
803,HanoiStreet RS-07,XL,blue,1920.939844789357,1129.128440767184,3,6
804,HanoiStreet RS-08,S,white,1932.16809976247,1751.3171656247032,3,6
805,HanoiStreet RS-09,M,purple,2267.37,1983.268539,3,6
806,HanoiStreet RS-10,L,green,13293.0,11389.4424,3,6
807,HanoiStreet RS-11,XL,silver,2738.718,2004.1938324,3,6
808,HanoiStreet RS-12,S,pink,4185.669242738589,2473.3119555342323,3,6
809,HanoiStreet RS-13,M,yellow,2845.6163146551726,1471.183634676724,3,6
810,HanoiStreet RS-14,L,red,70.13825290269834,41.89505070764356,3,6
811,HanoiStreet RS-15,XL,black,3149.3700000000003,2991.9015000000004,3,6
812,HanoiStreet RS-16,S,orange,6867.0,3823.5456,3,6
813,HanoiStreet RS-17,M,blue,3464.37,3291.1515,3,6
814,HanoiStreet RS-18,L,white,48.432425379884656,31.32702955401401,3,6
815,HanoiStreet RS-19,XL,purple,26.29131187726292,14.947992451948688,3,6
816,HanoiStreet RS-20,S,green,4614.077052476704,3811.689053051005,3,6
1113,MekongFit RS-01,M,blue,1870.894719101124,1564.6292535842697,3,6
1114,MekongFit RS-02,L,white,2070.64397260274,1556.5030742054794,3,6
1115,MekongFit RS-03,XL,purple,4828.925116696589,4587.478860861759,3,6
1116,MekongFit RS-04,S,green,3151.464301221167,1908.2116343894168,3,6
1117,MekongFit RS-05,M,silver,3681.73843902439,2838.9885103317074,3,6
1118,MekongFit RS-06,L,pink,4700.352035928144,4323.853837850299,3,6
1119,MekongFit RS-07,XL,yellow,3527.3700000000003,3177.454896,3,6
1120,MekongFit RS-08,S,red,2225.38025390625,2045.792067416016,3,6
1121,MekongFit RS-09,M,black,1007.37,957.0015,3,6
1122,MekongFit RS-10,L,orange,1500.45,1425.4275,3,6
1123,MekongFit RS-11,XL,blue,3137.216456692913,1940.3683784645668,3,6
1746,SaigonCore RS-01,L,green,23.11852239383696,14.72331573262907,3,6
1747,SaigonCore RS-02,XL,silver,40.31677633680417,25.305215147029365,3,6
1748,SaigonCore RS-03,S,pink,19.529120628878804,12.24655891583249,3,6
1982,UrbanVN RS-01,L,orange,3984.92421686747,3601.972999626506,3,6
1983,UrbanVN RS-02,XL,blue,4409.37,3421.6711199999995,3,6
1984,UrbanVN RS-03,S,white,2204.37,1377.510813,3,6
1985,UrbanVN RS-04,M,purple,1920.87,1824.8265,3,6
1986,UrbanVN RS-05,L,green,2015.37,1507.295223,3,6
1987,UrbanVN RS-06,XL,silver,1972.5575,1723.42348775,3,6
1988,UrbanVN RS-07,S,pink,68.89499310332668,43.71237967432158,3,6
1989,UrbanVN RS-08,M,yellow,4632.0645129469785,4400.4612872996295,3,6
1990,UrbanVN RS-09,L,red,3180.105,2713.5835965,3,6
1991,UrbanVN RS-10,XL,black,3784.939744597249,3327.7190234499017,3,6
1992,UrbanVN RS-11,S,orange,53.07871754029781,33.23271239282916,3,6
1993,UrbanVN RS-12,M,blue,1448.37,800.514099,3,6
2268,VietMotion RS-01,S,pink,27.44900004772441,16.815862190083102,3,6
2269,VietMotion RS-02,M,yellow,3915.427786872344,3719.6563975287263,3,6
2270,VietMotion RS-03,L,red,3778.7642307692304,3589.826019230769,3,6
2271,VietMotion RS-04,XL,black,16.688939395715213,9.39795044860731,3,6
2272,VietMotion RS-05,S,orange,56.91443215555931,31.488058589151063,3,6
2273,VietMotion RS-06,M,blue,31.632468013791154,20.31072641674495,3,6
2274,VietMotion RS-07,L,white,54.332714624212514,33.2334215994955,3,6
2275,VietMotion RS-08,XL,purple,4487.59171875,3906.89735034375,3,6
2276,VietMotion RS-09,S,green,17.500490979061045,11.019249406005004,3,6
2277,VietMotion RS-10,M,silver,3358.794231856739,3190.8545202639016,3,6
2278,VietMotion RS-11,L,pink,26.056050101685983,15.585484607536555,3,6
2279,VietMotion RS-12,XL,yellow,2006.37,1041.105393,3,6
2280,VietMotion RS-13,S,red,1977.4845762711864,1878.610347457627,3,6
2281,VietMotion RS-14,M,black,33.18498384851216,18.641028152283216,3,6
2282,VietMotion RS-15,L,orange,33.743649528857304,18.98142979067904,3,6
2283,VietMotion RS-16,XL,blue,27.659626182375,17.10904235714284,3,6
2284,VietMotion RS-17,S,white,3915.939241350563,2108.341687543143,3,6
2285,VietMotion RS-18,M,purple,42.484528439658334,25.19462494477297,3,6
197,DragonWear YY-01,M,silver,6041.7,5739.615,2,8
198,DragonWear YY-02,L,pink,6293.7,3768.03819,2,8
1000,HanoiStreet YY-01,S,red,1188.3481205164992,915.3845572338593,2,8
1001,HanoiStreet YY-02,M,black,4904.031105815062,3874.6749767044807,2,8
1002,HanoiStreet YY-03,L,orange,3419.9325,2547.50771925,2,8
1003,HanoiStreet YY-04,XL,blue,1038.87,986.9264999999998,2,8
1004,HanoiStreet YY-05,S,white,21.60558461464601,12.316316933060593,2,8
1005,HanoiStreet YY-06,M,purple,1402.412910447761,811.0153861119402,2,8
1006,HanoiStreet YY-07,L,green,1119.5099999999998,619.760736,2,8
1007,HanoiStreet YY-08,XL,silver,5436.61213483146,5164.781528089887,2,8
1008,HanoiStreet YY-09,S,pink,3261.76588688946,2694.218622570694,2,8
1009,HanoiStreet YY-10,M,yellow,1383.875492256637,862.569594323562,2,8
1010,HanoiStreet YY-11,L,red,31.28216747612525,18.74300640602044,2,8
1011,HanoiStreet YY-12,XL,black,3527.37,2848.351275,2,8
1012,HanoiStreet YY-13,S,orange,2141.37,1752.2830709999998,2,8
1013,HanoiStreet YY-14,M,blue,1259.37,1196.4015,2,8
1014,HanoiStreet YY-15,L,white,1038.87,951.397146,2,8
1015,HanoiStreet YY-16,XL,purple,34.74786921874976,19.334440445128536,2,8
1016,HanoiStreet YY-17,S,green,40.68158502306494,24.74242366948301,2,8
1017,HanoiStreet YY-18,M,silver,3407.941498530852,1959.907155805093,2,8
1018,HanoiStreet YY-19,L,pink,44.02008254361871,25.39515658568249,2,8
1019,HanoiStreet YY-20,XL,yellow,2834.37,2542.996764,2,8
1020,HanoiStreet YY-21,S,red,21.11836758058405,13.299416794770844,2,8
1021,HanoiStreet YY-22,M,black,17.927831391666206,10.41671895241332,2,8
1022,HanoiStreet YY-23,L,orange,1889.37,1779.7865399999998,2,8
1023,HanoiStreet YY-24,XL,blue,3842.37,2315.412162,2,8
1024,HanoiStreet YY-25,S,white,55.2059495268955,32.876358297176104,2,8
1025,HanoiStreet YY-26,M,purple,37.82331096677837,20.8467737611827,2,8
1026,HanoiStreet YY-27,L,green,2172.87,1809.566136,2,8
1690,NamStyle YY-01,L,red,1889.37,1538.5139909999998,2,8
1691,NamStyle YY-02,XL,black,2834.37,1825.901154,2,8
1692,NamStyle YY-03,S,orange,1205.0930769230768,1144.838423076923,2,8
1693,NamStyle YY-04,M,blue,3987.5903389830505,3788.210822033898,2,8
1694,NamStyle YY-05,L,white,24.547386328549425,13.678900655001591,2,8
1695,NamStyle YY-06,XL,purple,2015.37,1265.65236,2,8
1696,NamStyle YY-07,S,green,2204.37,2094.1515,2,8
1697,NamStyle YY-08,M,silver,2834.37,2279.683791,2,8
1698,NamStyle YY-09,L,pink,1898.7033333333327,1803.7681666666665,2,8
1699,NamStyle YY-10,XL,yellow,2088.481111111111,1689.1635226666665,2,8
1700,NamStyle YY-11,S,red,1301.63582278481,745.4468357088607,2,8
1701,NamStyle YY-12,M,black,3401.37,1813.950621,2,8
1702,NamStyle YY-13,L,orange,1322.37,1232.316603,2,8
1703,NamStyle YY-14,XL,blue,1242.5522033898303,1180.424593220339,2,8
1704,NamStyle YY-15,S,white,1637.37,870.9171029999999,2,8
1705,NamStyle YY-16,M,purple,1812.577100591716,1721.94824556213,2,8
1706,NamStyle YY-17,L,green,2828.07,2686.6665,2,8
1707,NamStyle YY-18,XL,silver,1539.9672696245732,1326.06581587372,2,8
1708,NamStyle YY-19,S,pink,61.5876146969055,36.29046227559733,2,8
1709,NamStyle YY-20,M,yellow,34.68370061601824,20.740640824542965,2,8
1710,NamStyle YY-21,L,red,3275.37,2180.086272,2,8
1711,NamStyle YY-22,XL,black,1386.882,1076.913873,2,8
1712,NamStyle YY-23,S,orange,3086.37,2034.843741,2,8
1713,NamStyle YY-24,M,blue,1353.87,1286.1764999999998,2,8
1714,NamStyle YY-25,L,white,1321.5873913043476,1255.5080217391303,2,8
1715,NamStyle YY-26,XL,purple,3144.3963157894736,2987.1765,2,8
1716,NamStyle YY-27,S,green,4283.37,4069.2015,2,8
1717,NamStyle YY-28,M,silver,2204.37,1660.3314839999998,2,8
1718,NamStyle YY-29,L,pink,1889.37,1718.382015,2,8
1719,NamStyle YY-30,XL,yellow,53.0756828692648,32.3762756107979,2,8
1720,NamStyle YY-31,S,red,3527.37,2218.362993,2,8
1721,NamStyle YY-32,M,black,34.02200062521048,19.704394787385606,2,8
1722,NamStyle YY-33,L,orange,965.8049112426036,495.4579194674556,2,8
1723,NamStyle YY-34,XL,blue,75.51257283093032,46.77990208624247,2,8
1724,NamStyle YY-35,S,white,66.8289478002943,42.504028768524,2,8
1725,NamStyle YY-36,M,purple,1542.87,1465.7264999999998,2,8
1806,SaigonCore YY-01,L,green,1385.37,1258.7471819999998,2,8
1807,SaigonCore YY-02,XL,silver,2141.37,1976.912784,2,8
1808,SaigonCore YY-03,S,pink,1385.37,1090.4247269999998,2,8
1809,SaigonCore YY-04,M,yellow,2719.3949999999995,2583.42525,2,8
1810,SaigonCore YY-05,L,red,3308.5366666666664,1751.539311333333,2,8
1811,SaigonCore YY-06,XL,black,2708.37,2572.9515,2,8
1812,SaigonCore YY-07,S,orange,1103.37,1048.2015,2,8
1813,SaigonCore YY-08,M,blue,1700.37,905.2769879999998,2,8
1814,SaigonCore YY-09,L,white,6265.98,4713.270156,2,8
1815,SaigonCore YY-10,XL,purple,3912.072127659574,3222.765018765958,2,8
1816,SaigonCore YY-11,S,green,2229.066,1633.6824714,2,8
1817,SaigonCore YY-12,M,silver,2735.535137614679,2598.758380733945,2,8
1818,SaigonCore YY-13,L,pink,2515.8053649635035,2390.015096715328,2,8
1819,SaigonCore YY-14,XL,yellow,3156.6203888024884,2453.009704138414,2,8
1820,SaigonCore YY-15,S,red,4598.37,3172.8753000000006,2,8
1821,SaigonCore YY-16,M,black,3791.745,3602.15775,2,8
1822,SaigonCore YY-17,L,orange,4346.37,2195.351487,2,8
1823,SaigonCore YY-18,XL,blue,5480.37,4908.767409,2,8
1824,SaigonCore YY-19,S,white,29.97651796328568,18.82480659753188,2,8
1825,SaigonCore YY-20,M,purple,1196.37,1136.5514999999998,2,8
1826,SaigonCore YY-21,L,green,2652.657917737789,2520.0250218508995,2,8
1827,SaigonCore YY-22,XL,silver,3026.8699999999994,1800.684963,2,8
1828,SaigonCore YY-23,S,pink,3471.4354205607474,3117.349007663552,2,8
1829,SaigonCore YY-24,M,yellow,3934.180975609756,3731.177237268292,2,8
1830,SaigonCore YY-25,L,red,3707.157735849056,2126.054961509434,2,8
1831,SaigonCore YY-26,XL,black,4346.37,4129.0515,2,8
1832,SaigonCore YY-27,S,orange,4371.085384615384,3285.307775076923,2,8
1833,SaigonCore YY-28,M,blue,1408.512857142857,1187.3763385714285,2,8
1834,SaigonCore YY-29,L,white,3023.3700000000003,2052.86823,2,8
1835,SaigonCore YY-30,XL,purple,48.843845380214,27.05762853706379,2,8
1836,SaigonCore YY-31,S,green,1705.576611570248,1041.766194347107,2,8
1837,SaigonCore YY-32,M,silver,1924.838503937008,1828.5965787401567,2,8
1838,SaigonCore YY-33,L,pink,3592.580526315789,3074.171156368421,2,8
1839,SaigonCore YY-34,XL,yellow,3149.37,1598.9351489999997,2,8
1840,SaigonCore YY-35,S,red,3968.37,2471.103999,2,8
1841,SaigonCore YY-36,M,black,1826.37,1111.163508,2,8
1842,SaigonCore YY-37,L,orange,3086.37,2932.0515,2,8
1843,SaigonCore YY-38,XL,blue,1704.7910526315789,1064.982970578947,2,8
1844,SaigonCore YY-39,S,white,2026.1033333333328,1822.885169,2,8
1845,SaigonCore YY-40,M,purple,1211.1452442996742,735.5285068631921,2,8
1846,SaigonCore YY-41,L,green,5606.37,3945.763206,2,8
1847,SaigonCore YY-42,XL,silver,1562.140588235294,1484.0335588235291,2,8
1848,SaigonCore YY-43,S,pink,4365.57731707317,4147.298451219512,2,8
1849,SaigonCore YY-44,M,yellow,2771.37,2632.8015,2,8
1850,SaigonCore YY-45,L,red,1929.010449438202,1460.8396133595506,2,8
1851,SaigonCore YY-46,XL,black,3909.230724233984,2716.9153533426183,2,8
1852,SaigonCore YY-47,S,orange,2043.2427272727275,1941.080590909091,2,8
1853,SaigonCore YY-48,M,blue,4462.208709677419,4239.098274193549,2,8
1854,SaigonCore YY-49,L,white,2267.37,1763.106912,2,8
1855,SaigonCore YY-50,XL,purple,2934.6376056338027,2787.9057253521123,2,8
1856,SaigonCore YY-51,S,green,1322.37,1104.311187,2,8
1857,SaigonCore YY-52,M,silver,1203.6955813953489,1114.381369255814,2,8
1858,SaigonCore YY-53,L,pink,3149.3700000000003,2862.7773299999994,2,8
1859,SaigonCore YY-54,XL,yellow,1885.747736131934,1552.1589616101946,2,8
1860,SaigonCore YY-55,S,red,2319.87,1394.473857,2,8
1861,SaigonCore YY-56,M,black,1259.37,828.1617120000001,2,8
1862,SaigonCore YY-57,L,orange,2656.232068965517,1842.62818624138,2,8
2097,UrbanVN YY-01,M,silver,5908.77,5613.3315,2,8
2098,UrbanVN YY-02,L,pink,3660.198094302554,3166.0713515717093,2,8
2099,UrbanVN YY-03,XL,yellow,4994.564776119403,4502.100689194031,2,8
2100,UrbanVN YY-04,S,red,4801.846595744681,2893.1125739361705,2,8
2101,UrbanVN YY-05,M,black,42.8690611240214,25.637871787463048,2,8
2392,VietMotion YY-01,S,orange,57.25143015598731,32.08902686388936,2,8
2393,VietMotion YY-02,M,blue,1278.2299665551836,1214.3184682274243,2,8
2394,VietMotion YY-03,L,white,1618.174864864865,1252.4673454054057,2,8
2395,VietMotion YY-04,XL,purple,1987.569124423963,1152.392578341014,2,8
2396,VietMotion YY-05,S,green,1182.8508904109588,799.0157764726027,2,8
2397,VietMotion YY-06,M,silver,22.51159738539337,12.926260556590194,2,8
2398,VietMotion YY-07,L,pink,43.57225453874576,28.26385136207968,2,8
2399,VietMotion YY-08,XL,yellow,1631.7,1550.115,2,8
2400,VietMotion YY-09,S,red,1109.2610614525138,1053.798008379888,2,8
2401,VietMotion YY-10,M,black,2015.37,1140.9009569999998,2,8
2402,VietMotion YY-11,L,orange,3733.948733944954,1874.442264440367,2,8
2403,VietMotion YY-12,XL,blue,1616.802655771195,850.2765166700715,2,8
2404,VietMotion YY-13,S,white,3296.847272727273,2940.1283978181823,2,8
2405,VietMotion YY-14,M,purple,5084.865394736842,2906.0005730921057,2,8
2406,VietMotion YY-15,L,green,1085.2910526315789,871.2716570526316,2,8
2407,VietMotion YY-16,XL,silver,936.0128571428572,826.4057515714287,2,8
2408,VietMotion YY-17,S,pink,50.57057041501353,28.534421816870097,2,8
2409,VietMotion YY-18,M,yellow,16.387260028794124,9.830534005426,2,8
2410,VietMotion YY-19,L,red,1234.1699999999998,1020.041505,2,8
2411,VietMotion YY-20,XL,black,20.62897405126796,12.621127588486472,2,8
2412,VietMotion YY-21,S,orange,1233.091907284768,836.5295499019866,2,8
1563,VietMode RS-01,XL,blue,3463.74,3132.260082,3,6
1564,VietMode RS-02,S,white,4112.82,3718.400562,3,6
1565,VietMode RS-03,M,purple,3747.24,2006.272296,3,6
1566,VietMode RS-04,L,green,4467.96,3904.103448,3,6
1567,VietMode RS-05,XL,silver,4999.05,4046.23107,3,6
1568,VietMode RS-06,S,pink,5303.07,3703.664088,3,6
1569,VietMode RS-07,M,yellow,5039.37,2522.708622,3,6
1570,VietMode RS-08,L,red,14.648048653760693,9.085400866177642,3,6
1571,VietMode RS-09,XL,black,29.73239720311884,18.016788156878903,3,6
1572,VietMode RS-10,S,orange,3873.24,2666.338416,3,6
1573,VietMode RS-11,M,blue,44.12457583127853,24.311630156991555,3,6
1574,VietMode RS-12,L,white,60.39720450491157,35.1901975173967,3,6
1575,VietMode RS-13,XL,purple,3356.7945283018867,3188.954801886792,3,6
1576,VietMode RS-14,S,green,2706.4070121951218,2571.0866615853656,3,6
1577,VietMode RS-15,M,silver,5983.74,5684.553,3,6
1578,VietMode RS-16,L,pink,34.111613977984184,20.52738566099601,3,6
1579,VietMode RS-17,XL,yellow,63.52580607525507,35.497372359908915,3,6
1580,VietMode RS-18,S,red,19.06700618975431,11.155393991130872,3,6
1581,VietMode RS-19,M,black,16.754167348605755,9.270421085851618,3,6
1582,VietMode RS-20,L,orange,32.38777123197503,18.06777241654719,3,6
1583,VietMode RS-21,XL,blue,5668.74,2943.209808,3,6
1584,VietMode RS-22,S,white,4358.77448275862,3938.1527451724137,3,6
1585,VietMode RS-23,M,purple,5039.37,4674.519612,3,6
1586,VietMode RS-24,L,green,4661.37,3649.386573,3,6
1587,VietMode RS-25,XL,silver,38.61443535839508,22.770636266230188,3,6
1588,VietMode RS-26,S,pink,3529.89,2537.637921,3,6
1589,VietMode RS-27,M,yellow,32.68519100181642,18.410639027983784,3,6
1590,VietMode RS-28,L,red,5246.28743119266,4392.716466137615,3,6
1591,VietMode RS-29,XL,black,14.483689583406624,8.788037818086012,3,6
1592,VietMode RS-30,S,orange,5868.392727272727,5574.97309090909,3,6
1593,VietMode RS-31,M,blue,31.955745234205093,19.778896568978755,3,6
1594,VietMode RS-32,L,white,19.652650206838185,12.382322649544804,3,6
1595,VietMode RS-33,XL,purple,4408.74,2394.386694,3,6
1596,VietMode RS-34,S,green,4692.24,4457.628,3,6
1597,VietMode RS-35,M,silver,2063.380223463688,1049.4351816536312,3,6
1598,VietMode RS-36,L,pink,43.28772119118304,24.674651452072325,3,6
1599,VietMode RS-37,XL,yellow,38.34558120807914,21.732291360338923,3,6
1600,VietMode RS-38,S,red,22.73823992723343,12.74380082419801,3,6
1601,VietMode RS-39,M,black,3793.490689655173,2490.0472886896555,3,6
1602,VietMode RS-40,L,orange,4535.37,4308.6015,3,6
1603,VietMode RS-41,XL,blue,3621.24,2054.691576,3,6
1604,VietMode RS-42,S,white,26.96266774367245,16.545452995066615,3,6
1605,VietMode RS-43,M,purple,5118.753298429319,4862.815633507853,3,6
1606,VietMode RS-44,L,green,21.678361372038967,13.454622364557114,3,6
1607,VietMode RS-45,XL,silver,5235.2741095890415,4973.510404109589,3,6
1608,VietMode RS-46,S,pink,5496.296966292135,5221.482117977528,3,6
1609,VietMode RS-47,M,yellow,32.29551483827897,17.86454224194349,3,6
1610,VietMode RS-48,L,red,48.523922715489945,31.23102656172188,3,6
1611,VietMode RS-49,XL,black,22.32505480131664,12.39480631628554,3,6
1612,VietMode RS-50,S,orange,6110.37,4649.99157,3,6
1613,VietMode RS-51,M,blue,40.51282563022902,24.474998501259385,3,6
1614,VietMode RS-52,L,white,26.786471161475475,16.63188205441279,3,6
1615,VietMode RS-53,XL,purple,3167.8994117647057,3009.50444117647,3,6
1616,VietMode RS-54,S,green,24.1154054627487,15.363850360978969,3,6
1617,VietMode RS-55,M,silver,4535.37,3411.9588510000003,3,6
1618,VietMode RS-56,L,pink,31.72762828456757,19.715824031068653,3,6
1619,VietMode RS-57,XL,yellow,21.887223637481146,13.792733185674388,3,6
1620,VietMode RS-58,S,red,26.537007756013004,15.496153505036007,3,6
1621,VietMode RS-59,M,black,20.50869295740109,12.950880933751266,3,6
1622,VietMode RS-60,L,orange,72.66719561257034,40.54912970828431,3,6
1623,VietMode RS-61,XL,blue,33.585869260565445,21.47754761557352,3,6
1624,VietMode RS-62,S,white,25.030868339784707,15.137648854018993,3,6
1625,VietMode RS-63,M,purple,4755.24,4200.779016,3,6
1626,VietMode RS-64,L,green,36.07470633748295,22.78946618978329,3,6
1627,VietMode RS-65,XL,silver,31.66046621817027,18.845317196678888,3,6
1628,VietMode RS-66,S,pink,30.314076032980378,18.62368813667098,3,6
1629,VietMode RS-67,M,yellow,2770.74,1718.690022,3,6
1630,VietMode RS-68,L,red,3274.74,1882.9755,3,6
1631,VietMode RS-69,XL,black,5700.87,5223.707181,3,6
1632,VietMode RS-70,S,orange,5039.37,4028.472378,3,6
1633,VietMode RS-71,M,blue,5228.37,4966.951499999999,3,6
1634,VietMode RS-72,L,white,4258.17,3702.904632,3,6
1635,VietMode RS-73,XL,purple,42.33722319297336,25.51411545067808,3,6
1636,VietMode RS-74,S,green,44.835627677128144,27.93972276341151,3,6
1637,VietMode RS-75,M,silver,26.783861972995084,14.949760702303836,3,6
1638,VietMode RS-76,L,pink,26.302729149478207,14.62524348409405,3,6
1639,VietMode RS-77,XL,yellow,29.665338818618345,17.048976466248824,3,6
1640,VietMode RS-78,S,red,4786.74,4547.402999999999,3,6
1641,VietMode RS-79,M,black,13.187000504801055,7.4632418553596755,3,6
1642,VietMode RS-80,L,orange,18.06404638323212,11.510019389083768,3,6
1643,VietMode RS-81,XL,blue,5070.87,4513.0743,3,6
1644,VietMode RS-82,S,white,4566.87,3274.44579,3,6
1645,VietMode RS-83,M,purple,5039.37,2724.283422,3,6
1646,VietMode RS-84,L,green,5069.359166666667,3323.471869666667,3,6
1647,VietMode RS-85,XL,silver,57.21120134809,32.72031029835538,3,6
1648,VietMode RS-86,S,pink,63.94268181293784,41.4084191516302,3,6
1649,VietMode RS-87,M,yellow,29.97565595801175,17.49647801168973,3,6
1650,VietMode RS-88,L,red,5909.284285714285,4975.617368571429,3,6
1651,VietMode RS-89,XL,black,6002.08875,5701.9843125,3,6
1652,VietMode RS-90,S,orange,41.70507338121031,23.69731446344869,3,6
1653,VietMode RS-91,M,blue,4849.74,4297.839588,3,6
1654,VietMode RS-92,L,white,37.50596780635181,23.590122972054488,3,6
1655,VietMode RS-93,XL,purple,3401.3700000000003,2796.266277,3,6
1656,VietMode RS-94,S,green,4970.07,3734.510598,3,6
1657,VietMode RS-95,M,silver,4746.147777777777,3926.962671333333,3,6
1658,VietMode RS-96,L,pink,113.47157027444663,69.88382421475288,3,6
1659,VietMode RS-97,XL,yellow,51.82278744374074,31.084322165970725,3,6
1660,VietMode RS-98,S,red,31.463651641273284,19.05238493279652,3,6
1661,VietMode RS-99,M,black,22.596246846759115,14.053061857164334,3,6
1662,VietMode RS-00,L,orange,2078.37,1489.567779,3,6
1663,VietMode RS-01,XL,blue,17.416559897953384,9.976997512511163,3,6
1664,VietMode RS-02,S,white,35.92327644541253,23.336959914821573,3,6
1665,VietMode RS-03,M,purple,24.47028934555433,15.844006213034849,3,6
1666,VietMode RS-04,L,green,2847.5427272727275,2029.158947454545,3,6
1667,VietMode RS-05,XL,silver,4426.664117647058,3156.6541822941176,3,6
1265,VietMode MA-01,M,purple,10394.37,7885.169082,1,2
1266,VietMode MA-02,L,green,18.748214405237604,11.53076246296725,1,2
1267,VietMode MA-03,XL,silver,25.5687485581122,14.573016782409388,1,2
1268,VietMode MA-04,S,pink,21.48555391895704,13.27856271342186,1,2
1269,VietMode MA-05,M,yellow,65.03051713023832,36.236294408820704,1,2
1270,VietMode MA-06,L,red,47.1180381259686,26.059349546041684,1,2
1271,VietMode MA-07,XL,black,5605.74,5325.453,1,2
1272,VietMode MA-08,S,orange,6296.410268456376,5981.589755033557,1,2
1273,VietMode MA-09,M,blue,5983.74,3856.52043,1,2
1274,VietMode MA-10,L,white,33.010013125051,19.00611877196367,1,2
1275,VietMode MA-11,XL,purple,9196.74,8009.440866,1,2
1276,VietMode MA-12,S,green,59.85815353492802,35.69116004153885,1,2
1277,VietMode MA-13,M,silver,5525.712972972973,2933.048446054054,1,2
1278,VietMode MA-14,L,pink,9764.37,6568.491699,1,2
1279,VietMode MA-15,XL,yellow,6613.74,4749.988068,1,2
1280,VietMode MA-16,S,red,5373.012857142858,5104.362214285715,1,2
1281,VietMode MA-17,M,black,4724.37,4488.1515,1,2
1282,VietMode MA-18,L,orange,34.15630935276042,21.75166857374073,1,2
1283,VietMode MA-19,XL,blue,23.464445533817567,14.611706946740496,1,2
1284,VietMode MA-20,S,white,60.9010021903396,38.01870835212474,1,2
1285,VietMode MA-21,M,purple,4647.476842105263,3315.9747268421056,1,2
1286,VietMode MA-22,L,green,8311.691612903225,6208.83363483871,1,2
1287,VietMode MA-23,XL,silver,8188.74,4307.277239999999,1,2
1288,VietMode MA-24,S,pink,8377.74,7154.589959999999,1,2
1289,VietMode MA-25,M,yellow,5669.370000000001,5385.901500000001,1,2
1290,VietMode MA-26,L,red,41.08175137687927,24.342964395115114,1,2
1291,VietMode MA-27,XL,black,21.86968733954577,12.784877049431191,1,2
1292,VietMode MA-28,S,orange,30.68777996983976,18.01691457528717,1,2
1293,VietMode MA-29,M,blue,23.3302942541113,15.135877333951903,1,2
1294,VietMode MA-30,L,white,8944.74,8497.502999999999,1,2
1295,VietMode MA-31,XL,purple,5669.37,5385.9015,1,2
1296,VietMode MA-32,S,green,19.04643809812908,10.55193467711138,1,2
1297,VietMode MA-33,M,silver,5858.370000000001,2990.697885,1,2
1298,VietMode MA-34,L,pink,4444.02,3357.4571100000003,1,2
1299,VietMode MA-35,XL,yellow,6504.159827586207,6178.951836206897,1,2
1300,VietMode MA-36,S,red,5420.109130434782,3545.293382217392,1,2
1301,VietMode MA-37,M,black,6171.255906040268,4382.208818879195,1,2
1302,VietMode MA-38,L,orange,47.9649731752333,30.53944949173788,1,2
1303,VietMode MA-39,XL,blue,9449.233783783784,6596.51010445946,1,2
1304,VietMode MA-40,S,white,4895.008548387096,4420.682220048388,1,2
1305,VietMode MA-41,M,purple,5114.97,3436.748343,1,2
1306,VietMode MA-42,L,green,10583.37,8359.803963,1,2
1307,VietMode MA-43,XL,silver,71.07720326326792,43.20552475865282,1,2
1308,VietMode MA-44,S,pink,9126.562048192773,6083.7662613253015,1,2
713,HanoiStreet RP-01,M,blue,1952.0120454545447,1681.8535783636362,3,1
714,HanoiStreet RP-02,L,white,1952.0120454545447,1350.7923354545455,3,1
715,HanoiStreet RP-03,XL,purple,1855.6303211009167,1707.7365845091742,3,1
716,HanoiStreet RP-04,S,green,1855.6303211009167,1762.8488050458714,3,1
717,HanoiStreet RP-05,M,silver,2046.87,1742.909805,3,1
718,HanoiStreet RP-06,L,pink,2046.87,1613.752308,3,1
719,HanoiStreet RP-07,XL,yellow,1259.37,981.552978,3,1
720,HanoiStreet RP-08,S,red,1259.37,742.7764259999999,3,1
721,HanoiStreet RP-09,M,black,2015.37,1709.2352969999995,3,1
722,HanoiStreet RP-10,L,orange,2015.37,1819.87911,3,1
723,HanoiStreet RP-11,XL,blue,18.92668763923487,11.239831904854524,3,1
724,HanoiStreet RP-12,S,white,41.479017404980375,25.821757084684688,3,1
725,HanoiStreet RP-13,M,purple,1341.3127118644063,1274.2470762711862,3,1
726,HanoiStreet RP-14,L,green,1341.3127118644063,1274.2470762711862,3,1
727,HanoiStreet RP-15,XL,silver,818.37,681.129351,3,1
728,HanoiStreet RP-16,S,pink,818.37,554.363838,3,1
729,HanoiStreet RP-17,M,yellow,3782.677086614173,3301.8988289055114,3,1
730,HanoiStreet RP-18,L,red,3782.677086614173,2712.936006519685,3,1
731,HanoiStreet RP-19,XL,black,1763.37,1675.2015,3,1
732,HanoiStreet RP-20,S,orange,1763.37,940.228884,3,1
733,HanoiStreet RP-21,M,blue,4376.45179245283,2285.383126018868,3,1
734,HanoiStreet RP-22,L,white,4376.45179245283,3725.6734109150943,3,1
735,HanoiStreet RP-23,XL,purple,4615.655408483896,2314.7511873546737,3,1
736,HanoiStreet RP-24,S,green,4615.655408483896,2839.0896417584445,3,1
737,HanoiStreet RP-25,M,silver,5669.37,5385.9015,3,1
738,HanoiStreet RP-26,L,pink,5669.37,4405.10049,3,1
739,HanoiStreet RP-27,XL,yellow,2078.146595744681,1837.081590638298,3,1
740,HanoiStreet RP-28,S,red,2078.146595744681,1680.804966638298,3,1
741,HanoiStreet RP-29,M,black,25.527159718235044,15.282265424794552,3,1
742,HanoiStreet RP-30,L,orange,27.25262499316237,17.369251343014614,3,1
743,HanoiStreet RP-31,XL,blue,3275.3700000000003,2977.638867,3,1
744,HanoiStreet RP-32,S,white,3275.3700000000003,2282.277816,3,1
745,HanoiStreet RP-33,M,purple,2645.37,2513.1015,3,1
746,HanoiStreet RP-34,L,green,2645.37,2343.79782,3,1
747,HanoiStreet RP-35,XL,silver,26.128911728333563,16.724337400413027,3,1
748,HanoiStreet RP-36,S,pink,23.43905602971568,13.879954859732678,3,1
749,HanoiStreet RP-37,M,yellow,33.76445598780529,19.50514479088731,3,1
750,HanoiStreet RP-38,L,red,23.750888811810576,14.469873525701855,3,1
751,HanoiStreet RP-39,XL,black,36.89893653022032,23.660938809862152,3,1
752,HanoiStreet RP-40,S,orange,32.45663063646928,18.534885335820807,3,1
753,HanoiStreet RP-41,M,blue,2960.314736842105,1663.992913578947,3,1
754,HanoiStreet RP-42,L,white,2960.314736842105,2498.801669368421,3,1
755,HanoiStreet RP-43,XL,purple,30.09685800990786,18.42820558649208,3,1
756,HanoiStreet RP-44,S,green,23.03407255575496,14.123480298959194,3,1
757,HanoiStreet RP-45,M,silver,890.4549377123442,566.9526588414495,3,1
758,HanoiStreet RP-46,L,pink,890.4549377123442,845.9321908267269,3,1
759,HanoiStreet RP-47,XL,yellow,1901.46566118317,1048.658312142518,3,1
760,HanoiStreet RP-48,S,red,1901.46566118317,1262.5731990256247,3,1
761,HanoiStreet RP-49,M,black,2220.597146098796,2109.567288793856,3,1
762,HanoiStreet RP-50,L,orange,2220.597146098796,2109.567288793856,3,1
763,HanoiStreet RP-51,XL,blue,3884.3831348511385,2371.8043421401053,3,1
764,HanoiStreet RP-52,S,white,3884.3831348511385,3601.600042633976,3,1
765,HanoiStreet RP-53,M,purple,26.292703514219244,16.3885392668984,3,1
766,HanoiStreet RP-54,L,green,44.79768618049332,25.228120186253825,3,1
767,HanoiStreet RP-55,XL,silver,1148.819768160742,585.8980817619783,3,1
768,HanoiStreet RP-56,S,pink,1148.819768160742,728.9261428979906,3,1
769,HanoiStreet RP-57,M,yellow,3297.595237449118,1690.347318716418,3,1
770,HanoiStreet RP-58,L,red,3297.595237449118,3096.441927964722,3,1
771,HanoiStreet RP-59,XL,black,2015.37,1914.6015,3,1
772,HanoiStreet RP-60,S,orange,2015.37,1835.397459,3,1
773,HanoiStreet RP-61,M,blue,40.462146189248784,25.150561840774884,3,1
774,HanoiStreet RP-62,L,white,22.39813960537897,14.35504051332829,3,1
775,HanoiStreet RP-63,XL,purple,34.45771507009437,19.570890225387863,3,1
776,HanoiStreet RP-64,S,green,44.72599379848069,25.661732716905963,3,1
777,HanoiStreet RP-65,M,silver,1477.4889495225102,1403.6145020463846,3,1
778,HanoiStreet RP-66,L,pink,1477.4889495225102,1174.308217080491,3,1
779,HanoiStreet RP-67,XL,yellow,3997.024412721359,3519.3799954011565,3,1
780,HanoiStreet RP-68,S,red,3997.024412721359,2058.4675725515,3,1
781,HanoiStreet RP-69,M,black,1274.5818688060406,845.3026953921661,3,1
782,HanoiStreet RP-70,L,orange,1274.5818688060406,1065.805358695611,3,1
783,HanoiStreet RP-71,XL,blue,16.983425324670684,10.99064553260964,3,1
784,HanoiStreet RP-72,S,white,41.15494446249125,23.38002909814518,3,1
785,HanoiStreet RP-73,M,purple,699.7209571558797,441.24403558249776,3,1
786,HanoiStreet RP-74,L,green,699.7209571558797,645.842443454877,3,1
787,HanoiStreet RP-75,XL,silver,3820.797597955707,3601.865895592845,3,1
788,HanoiStreet RP-76,S,pink,3820.797597955707,2436.1405484565585,3,1
789,HanoiStreet RP-77,M,yellow,2708.37,2535.305157,3,1
790,HanoiStreet RP-78,L,red,2708.37,1879.337943,3,1
791,HanoiStreet RP-79,XL,black,811.8865136951651,584.9642331173665,3,1
792,HanoiStreet RP-80,S,orange,811.8865136951651,649.2656450020236,3,1
793,HanoiStreet RP-81,M,blue,1012.756364088948,643.5053937421175,3,1
794,HanoiStreet RP-82,L,white,1012.756364088948,962.1185458845003,3,1
795,HanoiStreet RP-83,XL,purple,3338.27,1832.042576,3,1
796,HanoiStreet RP-84,S,green,3338.27,3052.8479150000003,3,1
2204,VietMotion RP-01,S,white,1771.100769230769,1588.5002799230772,3,1
2205,VietMotion RP-02,M,purple,1771.100769230769,1682.5457307692304,3,1
2206,VietMotion RP-03,L,green,1254.4735664659563,700.8743815845297,3,1
2207,VietMotion RP-04,XL,silver,1254.4735664659563,1191.7498881426584,3,1
2208,VietMotion RP-05,S,pink,25.405114103662665,16.143387835566728,3,1
2209,VietMotion RP-06,M,yellow,41.60579529070704,24.931348582041373,3,1
2210,VietMotion RP-07,L,red,1290.87,907.997958,3,1
2211,VietMotion RP-08,XL,black,1290.87,790.9160489999999,3,1
2212,VietMotion RP-09,S,orange,1075.947169481654,854.5172420023296,3,1
2213,VietMotion RP-10,M,blue,1075.947169481654,753.7009922218986,3,1
2214,VietMotion RP-11,L,white,4408.759136690647,4188.321179856114,3,1
2215,VietMotion RP-12,XL,purple,4408.759136690647,3776.983952402878,3,1
2216,VietMotion RP-13,S,green,24.40276236039929,14.024831413896305,3,1
2217,VietMotion RP-14,M,silver,16.087573790506436,10.248990913758313,3,1
2218,VietMotion RP-15,L,pink,1768.2999241274658,1081.8458935811836,3,1
2219,VietMotion RP-16,XL,yellow,1768.2999241274658,1679.8849279210924,3,1
2220,VietMotion RP-17,S,red,17.270209532795405,10.267666749032566,3,1
2221,VietMotion RP-18,M,black,33.75855878047006,20.305156519642683,3,1
2222,VietMotion RP-19,L,orange,2772.1630069930065,1759.214644237762,3,1
2223,VietMotion RP-20,XL,blue,2772.1630069930065,2178.9201234965035,3,1
2224,VietMotion RP-21,S,white,768.1824234158624,443.2412583109526,3,1
2225,VietMotion RP-22,M,purple,768.1824234158624,444.8544414001259,3,1
2226,VietMotion RP-23,L,green,3905.37,3541.780053,3,1
2227,VietMotion RP-24,XL,silver,3905.37,3396.109752,3,1
2228,VietMotion RP-25,S,pink,36.74084212357635,21.52731681903071,3,1
2229,VietMotion RP-26,M,yellow,23.064008986246684,14.052787319025455,3,1
2230,VietMotion RP-27,L,red,42.75289804070498,24.21320586757261,3,1
2231,VietMotion RP-28,XL,black,17.037077101612223,10.036681035182026,3,1
2232,VietMotion RP-29,S,orange,32.25161374327551,20.86489873659447,3,1
2233,VietMotion RP-30,M,blue,20.401195867644955,11.747280799257052,3,1
2234,VietMotion RP-31,L,white,815.4618895599655,609.0684853123382,3,1
2235,VietMotion RP-32,XL,purple,815.4618895599655,614.042802838654,3,1
2236,VietMotion RP-33,S,green,2193.0293107221005,1526.7870061247263,3,1
2237,VietMotion RP-34,M,silver,2193.0293107221005,1336.6513648851203,3,1
2238,VietMotion RP-35,L,pink,1546.0695505617975,846.4730789325843,3,1
2239,VietMotion RP-36,XL,yellow,1546.0695505617975,1225.1055118651684,3,1
2240,VietMotion RP-37,S,red,1070.2073493975904,1005.3527840240964,3,1
2241,VietMotion RP-38,M,black,1070.2073493975904,622.646635879518,3,1
2242,VietMotion RP-39,L,orange,25.514975565908784,15.708898556150585,3,1
2243,VietMotion RP-40,XL,blue,33.74929298567648,19.65960461747709,3,1
2244,VietMotion RP-41,S,white,23.47262043150628,14.725485346649686,3,1
2245,VietMotion RP-42,M,purple,28.393997929131604,15.988301506163854,3,1
2246,VietMotion RP-43,L,green,1574.37,1030.7400389999998,3,1
2247,VietMotion RP-44,XL,silver,1574.37,850.1597999999999,3,1
2248,VietMotion RP-45,S,pink,49.526957816482096,32.04305539797932,3,1
2249,VietMotion RP-46,M,yellow,26.291435826780287,15.65336756534436,3,1
2250,VietMotion RP-47,L,red,1511.37,944.455113,3,1
2251,VietMotion RP-48,XL,black,1511.37,1150.605981,3,1
2252,VietMotion RP-49,S,orange,1621.5537476099423,1087.4139431472274,3,1
2253,VietMotion RP-50,M,blue,1621.5537476099423,1250.8665609063096,3,1
2254,VietMotion RP-51,L,white,715.600871757925,486.6801528825648,3,1
2255,VietMotion RP-52,XL,purple,715.600871757925,679.8208281700287,3,1
2256,VietMotion RP-53,S,green,46.25996243794829,26.53494789765833,3,1
2257,VietMotion RP-54,M,silver,21.07562708012749,11.74649389790309,3,1
2258,VietMotion RP-55,L,pink,40.93238959023979,23.207673945338502,3,1
2259,VietMotion RP-56,XL,yellow,58.94633467839673,35.48436098598768,3,1
2260,VietMotion RP-57,S,red,12.321456825641691,7.192038262953153,3,1
2261,VietMotion RP-58,M,black,24.076635714137137,15.237821927761768,3,1
2262,VietMotion RP-59,L,orange,3918.239568919638,3722.327590473656,3,1
2263,VietMotion RP-60,XL,blue,3918.239568919638,3722.327590473656,3,1
2264,VietMotion RP-61,S,white,41.7136682497843,24.73990745888133,3,1
2265,VietMotion RP-62,M,purple,30.53219942488464,17.552089060732616,3,1
2266,VietMotion RP-63,L,green,38.415397252680165,23.49925547126347,3,1
2267,VietMotion RP-64,XL,silver,26.008045314091728,16.142614311122884,3,1
46,DragonWear RP-01,L,green,34.2825306861865,19.42805381075192,3,1
47,DragonWear RP-02,XL,silver,31.11621624135108,17.635486510766402,3,1
48,DragonWear RP-03,S,pink,786.87,404.293806,3,1
49,DragonWear RP-04,M,yellow,786.87,401.854509,3,1
50,DragonWear RP-05,L,red,52.83177583040088,29.251218367433875,3,1
51,DragonWear RP-06,XL,black,36.66300972290101,22.8645267714271,3,1
52,DragonWear RP-07,S,orange,4094.37,3531.803562,3,1
53,DragonWear RP-08,M,blue,4094.37,3586.66812,3,1
54,DragonWear RP-09,L,white,4890.186,3904.3245024,3,1
55,DragonWear RP-10,XL,purple,4890.186,4645.676699999999,3,1
56,DragonWear RP-11,S,green,3676.279090909091,3492.465136363636,3,1
57,DragonWear RP-12,M,silver,3676.279090909091,3492.465136363636,3,1
58,DragonWear RP-13,L,pink,4325.34375,3115.1125687500003,3,1
59,DragonWear RP-14,XL,yellow,4325.34375,3585.70996875,3,1
60,DragonWear RP-15,S,red,4703.16,4129.844796,3,1
61,DragonWear RP-16,M,black,4703.16,3495.388512,3,1
62,DragonWear RP-17,L,orange,4800.533684210526,2974.4106707368423,3,1
63,DragonWear RP-18,XL,blue,4800.533684210526,4293.117273789474,3,1
64,DragonWear RP-19,S,white,3779.37,3590.4015,3,1
65,DragonWear RP-20,M,purple,3779.37,3427.132716,3,1
66,DragonWear RP-21,L,green,5043.402,4791.2319,3,1
67,DragonWear RP-22,XL,silver,5043.402,4436.176399200001,3,1
213,LotusWear RP-01,M,blue,37.90340936224889,23.36292062393324,3,1
214,LotusWear RP-02,L,white,28.085381609401004,16.779978812074326,3,1
215,LotusWear RP-03,XL,purple,27.24738383297475,17.28620473248795,3,1
216,LotusWear RP-04,S,green,27.854003961988106,17.563816142326093,3,1
217,LotusWear RP-05,M,silver,38.77519960989875,23.59608301764526,3,1
218,LotusWear RP-06,L,pink,27.983252540430417,17.820494348857274,3,1
219,LotusWear RP-07,XL,yellow,37.185166909088366,21.217265775197195,3,1
220,LotusWear RP-08,S,red,75.95646289208631,42.62615643241546,3,1
221,LotusWear RP-09,M,black,46.92027483880587,27.07182375234705,3,1
222,LotusWear RP-10,L,orange,29.066624371384982,16.152575624510884,3,1
392,SaigonFlex RP-01,S,orange,6126.75,5820.412499999999,3,1
393,SaigonFlex RP-02,M,blue,6126.75,5586.983325,3,1
1055,MekongFit RP-01,XL,purple,755.37,717.6015,3,1
1056,MekongFit RP-02,S,green,755.37,662.686101,3,1
1057,MekongFit RP-03,M,silver,1607.8226315789473,1036.884815105263,3,1
1058,MekongFit RP-04,L,pink,1607.8226315789473,1527.4315,3,1
1059,MekongFit RP-05,XL,yellow,1979.360663900415,1058.3641469875515,3,1
1060,MekongFit RP-06,S,red,1979.360663900415,1361.8001367634854,3,1
1061,MekongFit RP-07,M,black,1800.4956652868125,1624.2271396552335,3,1
1062,MekongFit RP-08,L,orange,1800.4956652868125,1710.470882022472,3,1
1063,MekongFit RP-09,XL,blue,1960.245,1862.23275,3,1
1064,MekongFit RP-10,S,white,1960.245,1605.832704,3,1
1065,MekongFit RP-11,M,purple,3731.974912998976,2473.179774844422,3,1
1066,MekongFit RP-12,L,green,3731.974912998976,3311.008142812692,3,1
1067,MekongFit RP-13,XL,silver,4881.87,4623.619077,3,1
1068,MekongFit RP-14,S,pink,4881.87,4637.7765,3,1
1069,MekongFit RP-15,M,yellow,1889.37,1137.589677,3,1
1070,MekongFit RP-16,L,red,1889.37,1530.7675740000002,3,1
1071,MekongFit RP-17,XL,black,53.543026743157576,32.29270713302763,3,1
1072,MekongFit RP-18,S,orange,28.128121774493703,18.104962872727203,3,1
1073,MekongFit RP-19,M,blue,2834.37,2692.6515,3,1
1074,MekongFit RP-20,L,white,2834.37,2536.477713,3,1
1075,MekongFit RP-21,XL,purple,3114.1088059701488,1652.034721567164,3,1
1076,MekongFit RP-22,S,green,3114.1088059701488,2258.663116970149,3,1
1077,MekongFit RP-23,M,silver,4317.599357798164,4101.719389908256,3,1
1078,MekongFit RP-24,L,pink,4317.599357798164,3338.367823449541,3,1
1079,MekongFit RP-25,XL,yellow,3149.37,2125.82475,3,1
1080,MekongFit RP-26,S,red,3149.37,2653.974099,3,1
1081,MekongFit RP-27,M,black,2782.7306557377046,2487.204660098361,3,1
1082,MekongFit RP-28,L,orange,2782.7306557377046,2043.915666639344,3,1
1083,MekongFit RP-29,XL,blue,14.6545400126499,8.117653156054045,3,1
1084,MekongFit RP-30,S,white,22.12626746115412,12.439630765339205,3,1
1085,MekongFit RP-31,M,purple,1139.5005960656706,895.8753686268303,3,1
1086,MekongFit RP-32,L,green,1139.5005960656706,846.3070926979735,3,1
1087,MekongFit RP-33,XL,silver,3432.87,2542.726809,3,1
1088,MekongFit RP-34,S,pink,3432.87,2650.17564,3,1
1089,MekongFit RP-35,M,yellow,4610.969999999999,2548.022022,3,1
1090,MekongFit RP-36,L,red,4610.969999999999,4380.4215,3,1
1091,MekongFit RP-37,XL,black,2116.288125,1165.228241625,3,1
1092,MekongFit RP-38,S,orange,2116.288125,1846.673017875,3,1
1093,MekongFit RP-39,M,blue,711.0279925650557,525.0230697100371,3,1
1094,MekongFit RP-40,L,white,711.0279925650557,608.2133448401487,3,1
1095,MekongFit RP-41,XL,purple,1480.6935294117643,1383.1158258235296,3,1
1096,MekongFit RP-42,S,green,1480.6935294117643,873.7572517058823,3,1
1097,MekongFit RP-43,M,silver,3724.014215938303,3064.118896874036,3,1
1098,MekongFit RP-44,L,pink,3724.014215938303,3151.633230948586,3,1
1099,MekongFit RP-45,XL,yellow,497.07,249.280605,3,1
1100,MekongFit RP-46,S,red,497.07,346.308669,3,1
1101,MekongFit RP-47,M,black,2676.87,1384.7448510000002,3,1
1102,MekongFit RP-48,L,orange,2676.87,2543.0265,3,1
1103,MekongFit RP-49,XL,blue,1792.7023572474377,1145.8953467525623,3,1
1104,MekongFit RP-50,S,white,1792.7023572474377,1703.0672393850657,3,1
1105,MekongFit RP-51,M,purple,3028.62,2877.189,3,1
1106,MekongFit RP-52,L,green,3028.62,2278.430826,3,1
1107,MekongFit RP-53,XL,silver,1920.87,1824.8265,3,1
1108,MekongFit RP-54,S,pink,1920.87,1074.1505039999995,3,1
1109,MekongFit RP-55,M,yellow,2555.2866666666664,2320.7113506666665,3,1
1110,MekongFit RP-56,L,red,2555.2866666666664,2427.522333333333,3,1
1111,MekongFit RP-57,XL,black,1422.8740268456374,1286.2781202684564,3,1
1112,MekongFit RP-58,S,orange,1422.8740268456374,1014.2246063355705,3,1
1732,SaigonCore RP-01,S,orange,5354.37,5086.6515,3,1
1733,SaigonCore RP-02,M,blue,5354.37,3965.446422,3,1
1734,SaigonCore RP-03,L,white,5398.47,3692.013633000001,3,1
1735,SaigonCore RP-04,XL,purple,5398.47,3275.791596,3,1
1736,SaigonCore RP-05,S,green,15.66898422864841,9.326491269994955,3,1
1737,SaigonCore RP-06,M,silver,28.77176736143489,18.51139552368607,3,1
1738,SaigonCore RP-07,L,pink,33.36032606841429,19.40288641268228,3,1
1739,SaigonCore RP-08,XL,yellow,64.75266933041797,38.898448915717616,3,1
1740,SaigonCore RP-09,S,red,5414.745,3403.1672325,3,1
1741,SaigonCore RP-10,M,black,5414.745,5144.00775,3,1
1742,SaigonCore RP-11,L,orange,3464.37,2540.422521,3,1
1743,SaigonCore RP-12,XL,blue,3464.37,3142.18359,3,1
1744,SaigonCore RP-13,S,white,5217.507931034483,4956.632534482758,3,1
1745,SaigonCore RP-14,M,purple,5217.507931034483,3797.3022722068968,3,1
1926,UrbanVN RP-01,L,green,1137.8602807775376,1058.4376331792655,3,1
1927,UrbanVN RP-02,XL,silver,1137.8602807775376,1080.9672667386606,3,1
1928,UrbanVN RP-03,S,pink,37.741902504944775,20.9149502570328,3,1
1929,UrbanVN RP-04,M,yellow,30.336748167908752,17.135236525350653,3,1
1930,UrbanVN RP-05,L,red,46.14378269969036,29.931765084707884,3,1
1931,UrbanVN RP-06,XL,black,13.67467902538131,8.840842303475455,3,1
1932,UrbanVN RP-07,S,orange,5291.37,2847.286197,3,1
1933,UrbanVN RP-08,M,blue,5291.37,3064.232367,3,1
1934,UrbanVN RP-09,L,white,1609.9115094339622,1337.8364643396226,3,1
1935,UrbanVN RP-10,XL,purple,1609.9115094339622,1048.696357245283,3,1
1936,UrbanVN RP-11,S,green,3441.0957085020245,2500.644251368421,3,1
1937,UrbanVN RP-12,M,silver,3441.0957085020245,3269.040923076924,3,1
1938,UrbanVN RP-13,L,pink,3527.37,3268.4610419999995,3,1
1939,UrbanVN RP-14,XL,yellow,3527.37,1932.99876,3,1
1940,UrbanVN RP-15,S,red,2011.3572611464965,1582.334757343949,3,1
1941,UrbanVN RP-16,M,black,2011.3572611464965,1626.1823456369425,3,1
1942,UrbanVN RP-17,L,orange,1481.996824817518,1407.896983576642,3,1
1943,UrbanVN RP-18,XL,blue,1481.996824817518,1063.7773208540143,3,1
1944,UrbanVN RP-19,S,white,36.38824646707872,20.031511281271698,3,1
1945,UrbanVN RP-20,M,purple,45.07582526163278,29.08207406606809,3,1
1946,UrbanVN RP-21,L,green,3369.87,2625.465717,3,1
1947,UrbanVN RP-22,XL,silver,3369.87,2821.255164,3,1
1948,UrbanVN RP-23,S,pink,3728.773125,2971.086426,3,1
1949,UrbanVN RP-24,M,yellow,3728.773125,2876.7484659375,3,1
1950,UrbanVN RP-25,L,red,4031.37,3108.589407,3,1
1951,UrbanVN RP-26,XL,black,4031.37,3130.3588049999994,3,1
1952,UrbanVN RP-27,S,orange,18.33048464860911,11.253304377609716,3,1
1953,UrbanVN RP-28,M,blue,52.32643105341463,33.32104375919796,3,1
1954,UrbanVN RP-29,L,white,37.91696218405503,22.57856459219544,3,1
1955,UrbanVN RP-30,XL,purple,28.047088630409924,16.87199549783042,3,1
1956,UrbanVN RP-31,S,green,42.65364555812609,25.544613933627417,3,1
1957,UrbanVN RP-32,M,silver,82.12784702062984,50.64712843407366,3,1
1958,UrbanVN RP-33,L,pink,944.37,860.226633,3,1
1959,UrbanVN RP-34,XL,yellow,944.37,782.221671,3,1
1960,UrbanVN RP-35,S,red,1177.47,615.8168099999999,3,1
1961,UrbanVN RP-36,M,black,1177.47,861.9080399999999,3,1
1962,UrbanVN RP-37,L,orange,1794.87,1680.5367809999998,3,1
1963,UrbanVN RP-38,XL,blue,1794.87,1050.357924,3,1
1964,UrbanVN RP-39,S,white,1070.37,1016.8515,3,1
1965,UrbanVN RP-40,M,purple,1070.37,1016.8515,3,1
1966,UrbanVN RP-41,L,green,2939.728361774744,1892.009173638225,3,1
1967,UrbanVN RP-42,XL,silver,2939.728361774744,2792.7419436860064,3,1
1968,UrbanVN RP-43,S,pink,2865.87,2722.5765,3,1
1969,UrbanVN RP-44,M,yellow,2865.87,2094.664383,3,1
1970,UrbanVN RP-45,L,red,35.61427362498996,20.085208293640928,3,1
1971,UrbanVN RP-46,XL,black,36.57219435209544,20.22432688907785,3,1
1972,UrbanVN RP-47,S,orange,27.55697391384372,16.004897389386034,3,1
1973,UrbanVN RP-48,M,blue,23.57206329652493,14.625712767395886,3,1
1974,UrbanVN RP-49,L,white,692.3085964912281,657.6931666666666,3,1
1975,UrbanVN RP-50,XL,purple,692.3085964912281,657.6931666666666,3,1
1976,UrbanVN RP-51,S,green,46.16095572582198,26.320300475857263,3,1
1977,UrbanVN RP-52,M,silver,23.513305904967385,14.515780528841598,3,1
1978,UrbanVN RP-53,L,pink,3185.1557142857146,1873.827106714286,3,1
1979,UrbanVN RP-54,XL,yellow,3185.1557142857146,1959.826311,3,1
1980,UrbanVN RP-55,S,red,2026.0782152974505,1593.3079085099146,3,1
1981,UrbanVN RP-56,M,black,2026.0782152974505,1031.0712037648725,3,1
2108,PhoenixWear RP-01,S,pink,34.07713034376433,22.047603610788848,3,1
2109,PhoenixWear RP-02,M,yellow,27.356031132735204,15.302692213456506,3,1
1309,VietMode RP-01,M,yellow,3195.99,3036.1905,3,1
1310,VietMode RP-02,L,red,3195.99,1813.724325,3,1
1311,VietMode RP-03,XL,black,40.108646331063575,24.75747153022655,3,1
1312,VietMode RP-04,S,orange,37.84371220778986,22.49335727343501,3,1
1313,VietMode RP-05,M,blue,3630.634736842105,2266.968329684211,3,1
1314,VietMode RP-06,L,white,3630.634736842105,3449.103,3,1
1315,VietMode RP-07,XL,purple,4409.278125,2546.799045,3,1
1316,VietMode RP-08,S,green,4409.278125,4104.156078749999,3,1
1317,VietMode RP-09,M,silver,3944.035454545454,3586.7058423636363,3,1
1318,VietMode RP-10,L,pink,3944.035454545454,2028.0230307272727,3,1
1319,VietMode RP-11,XL,yellow,4481.563026315789,2574.2098023157896,3,1
1320,VietMode RP-12,S,red,4481.563026315789,4257.484874999999,3,1
1321,VietMode RP-13,M,black,50.1498727844164,31.936152393009856,3,1
1322,VietMode RP-14,L,orange,27.004227841229177,15.330704640302349,3,1
1323,VietMode RP-15,XL,blue,29.72683062013232,18.408714277566283,3,1
1324,VietMode RP-16,S,white,22.38731522105933,14.189338489676803,3,1
1325,VietMode RP-17,M,purple,4781.390943396226,2627.852462490566,3,1
1326,VietMode RP-18,L,green,4781.390943396226,4542.321396226414,3,1
1327,VietMode RP-19,XL,silver,27.72356284902519,17.86676673513095,3,1
1328,VietMode RP-20,S,pink,38.51008662414959,23.81174171880364,3,1
1329,VietMode RP-21,M,yellow,1652.259512195122,1569.6465365853658,3,1
1330,VietMode RP-22,L,red,1652.259512195122,846.6177740487806,3,1
1331,VietMode RP-23,XL,black,5140.902162162162,4883.857054054054,3,1
1332,VietMode RP-24,S,orange,5140.902162162162,2764.7771828108107,3,1
1333,VietMode RP-25,M,blue,44.82631909216676,26.88312696229316,3,1
1334,VietMode RP-26,L,white,22.899930378810343,14.009827586880482,3,1
1335,VietMode RP-27,XL,purple,4912.74,3845.692872,3,1
1336,VietMode RP-28,S,green,4912.74,4197.93633,3,1
1337,VietMode RP-29,M,silver,46.891778803111855,29.86492837502126,3,1
1338,VietMode RP-30,L,pink,56.95463897308756,34.574938646632106,3,1
1339,VietMode RP-31,XL,yellow,2933.641534090909,1483.5425237897728,3,1
1340,VietMode RP-32,S,red,2933.641534090909,2571.336804630682,3,1
1341,VietMode RP-33,M,black,3970.807826086957,3772.2674347826087,3,1
1342,VietMode RP-34,L,orange,3970.807826086957,3772.2674347826087,3,1
1343,VietMode RP-35,XL,blue,3883.172432432432,3069.2594905945944,3,1
1344,VietMode RP-36,S,white,3883.172432432432,2469.309349783784,3,1
1345,VietMode RP-37,M,purple,3778.74,2908.874052,3,1
1346,VietMode RP-38,L,green,3778.74,3499.868988,3,1
1347,VietMode RP-39,XL,silver,3892.450866141732,3697.828322834645,3,1
1348,VietMode RP-40,S,pink,3892.450866141732,3079.707125291339,3,1
1349,VietMode RP-41,M,yellow,4740.946657458563,4172.507153229281,3,1
1350,VietMode RP-42,L,red,4740.946657458563,4503.8993245856345,3,1
1351,VietMode RP-43,XL,black,3944.34,3610.254402,3,1
1352,VietMode RP-44,S,orange,3944.34,3006.770382,3,1
1353,VietMode RP-45,M,blue,4440.24,3652.0974,3,1
1354,VietMode RP-46,L,white,4440.24,2478.5419679999995,3,1
1355,VietMode RP-47,XL,purple,39.07074437742411,21.607633911762928,3,1
1356,VietMode RP-48,S,green,70.15578890984686,45.11682791720426,3,1
1357,VietMode RP-49,M,silver,6070.517727272727,3428.628412363636,3,1
1358,VietMode RP-50,L,pink,6070.517727272727,5023.353419318182,3,1
1359,VietMode RP-51,XL,yellow,4629.24,2730.788676,3,1
1360,VietMode RP-52,S,red,4629.24,4397.777999999999,3,1
1361,VietMode RP-53,M,black,4524.5025,2532.36404925,3,1
1362,VietMode RP-54,L,orange,4524.5025,4298.277375,3,1
1363,VietMode RP-55,XL,blue,2455.74,2220.971256,3,1
1364,VietMode RP-56,S,white,2455.74,1855.3115700000003,3,1
1365,VietMode RP-57,M,purple,24.30019367206504,15.040669878849442,3,1
1366,VietMode RP-58,L,green,20.12852812856074,12.432412342204923,3,1
1367,VietMode RP-59,XL,silver,16.2568100410919,9.291864520911869,3,1
1368,VietMode RP-60,S,pink,60.244888138418894,37.10413662114999,3,1
1369,VietMode RP-61,M,yellow,5983.8530769230765,5684.660423076923,3,1
1370,VietMode RP-62,L,red,5983.8530769230765,3805.7305569230766,3,1
1371,VietMode RP-63,XL,black,43.023490728576405,25.35746206121481,3,1
1372,VietMode RP-64,S,orange,32.387292259066314,19.922178018104933,3,1
1373,VietMode RP-65,M,blue,3841.74,3307.73814,3,1
1374,VietMode RP-66,L,white,3841.74,3561.677154,3,1
1375,VietMode RP-67,XL,purple,5807.167752808989,5516.8093651685385,3,1
1376,VietMode RP-68,S,green,5807.167752808989,3354.220094022472,3,1
1377,VietMode RP-69,M,silver,37.03959407160246,20.766592996728352,3,1
1378,VietMode RP-70,L,pink,21.11121426566454,12.999959164029104,3,1
1379,VietMode RP-71,XL,yellow,3967.74,3426.5402640000007,3,1
1380,VietMode RP-72,S,red,3967.74,3769.353,3,1
1381,VietMode RP-73,M,black,4473.839999999999,4250.147999999999,3,1
1382,VietMode RP-74,L,orange,4473.839999999999,2538.9042,3,1
1383,VietMode RP-75,XL,blue,4080.615,2290.041138,3,1
1384,VietMode RP-76,S,white,4080.615,3104.1238305,3,1
1385,VietMode RP-77,M,purple,4156.74,2845.28853,3,1
1386,VietMode RP-78,L,green,4156.74,3322.482282,3,1
1387,VietMode RP-79,XL,silver,4471.74,4248.152999999999,3,1
1388,VietMode RP-80,S,pink,4471.74,4248.152999999999,3,1
1389,VietMode RP-81,M,yellow,4912.74,3875.169312,3,1
1390,VietMode RP-82,L,red,4912.74,3997.005264,3,1
1391,VietMode RP-83,XL,black,2068.3202760736194,1416.7993891104293,3,1
1392,VietMode RP-84,S,orange,2068.3202760736194,1296.4231490429447,3,1
1393,VietMode RP-85,M,blue,4564.0675862068965,2666.3282838620694,3,1
1394,VietMode RP-86,L,white,4564.0675862068965,3732.950878758621,3,1
1395,VietMode RP-87,XL,purple,4629.24,3204.359928,3,1
1396,VietMode RP-88,S,green,4629.24,2849.29722,3,1
1397,VietMode RP-89,M,silver,4178.16,3969.252,3,1
1398,VietMode RP-90,L,pink,4178.16,3876.496848,3,1
1399,VietMode RP-91,XL,yellow,88.0848709086755,57.25000190165828,3,1
1400,VietMode RP-92,S,red,34.87214848020078,19.34780740187828,3,1
1401,VietMode RP-93,M,black,4771.62,3444.155316,3,1
1402,VietMode RP-94,L,orange,4771.62,4533.039,3,1
1403,VietMode RP-95,XL,blue,34.596686716577985,22.40887660602115,3,1
1404,VietMode RP-96,S,white,44.26997356264685,26.14986592581897,3,1
1405,VietMode RP-97,M,purple,4692.24,4457.628,3,1
1406,VietMode RP-98,L,green,4692.24,2373.804216,3,1
1407,VietMode RP-99,XL,silver,5076.210588235294,4041.171249294117,3,1
1408,VietMode RP-00,S,pink,5076.210588235294,4212.239546117647,3,1
1409,VietMode RP-01,M,yellow,1233.54,878.033772,3,1
1410,VietMode RP-02,L,red,1233.54,706.9417740000001,3,1
1411,VietMode RP-03,XL,black,3054.87,2843.778483,3,1
1412,VietMode RP-04,S,orange,3054.87,1714.0875569999998,3,1
1413,VietMode RP-05,M,blue,4678.334594594594,4099.624605243243,3,1
1414,VietMode RP-06,L,white,4678.334594594594,4444.417864864864,3,1
1415,VietMode RP-07,XL,purple,5668.74,3382.537158,3,1
1416,VietMode RP-08,S,green,5668.74,4769.677836,3,1
1417,VietMode RP-09,M,silver,3778.74,1940.760864,3,1
1418,VietMode RP-10,L,pink,3778.74,2748.277602,3,1
1419,VietMode RP-11,XL,yellow,5669.15023255814,4481.46325883721,3,1
1420,VietMode RP-12,S,red,5669.15023255814,5128.313300372092,3,1
1421,VietMode RP-13,M,black,5164.74,3993.893442,3,1
1422,VietMode RP-14,L,orange,5164.74,3624.098058,3,1
1423,VietMode RP-15,XL,blue,4409.37,3329.5152870000006,3,1
1424,VietMode RP-16,S,white,4409.37,4188.9015,3,1
1425,VietMode RP-17,M,purple,3680.236655518395,2233.535626234114,3,1
1426,VietMode RP-18,L,green,3680.236655518395,1877.2887179799327,3,1
1427,VietMode RP-19,XL,silver,40.14121824045173,25.57298046060988,3,1
1428,VietMode RP-20,S,pink,36.21790499641724,22.753484061249328,3,1
1429,VietMode RP-21,M,yellow,3603.8321052631577,2048.418168631579,3,1
1430,VietMode RP-22,L,red,3603.8321052631577,2923.068220578947,3,1
1431,VietMode RP-23,XL,black,4093.74,2673.21222,3,1
1432,VietMode RP-24,S,orange,4093.74,3889.053,3,1
1433,VietMode RP-25,M,blue,4346.329468531469,4129.012995104895,3,1
1434,VietMode RP-26,L,white,4346.329468531469,2982.8859142531464,3,1
1435,VietMode RP-27,XL,purple,4004.843365384615,3125.3797623461537,3,1
1436,VietMode RP-28,S,green,4004.843365384615,2924.7371097403843,3,1
1437,VietMode RP-29,M,silver,24.138551695409124,14.644898565271449,3,1
1438,VietMode RP-30,L,pink,39.98831725603208,24.946508616518447,3,1
1439,VietMode RP-31,XL,yellow,4425.073333333334,2278.9127666666664,3,1
1440,VietMode RP-32,S,red,4425.073333333334,4203.819666666667,3,1
1441,VietMode RP-33,M,black,5598.43156996587,3174.870543327645,3,1
1442,VietMode RP-34,L,orange,5598.43156996587,3566.2009100682594,3,1
1443,VietMode RP-35,XL,blue,1348.7798230088497,1048.8111903716815,3,1
1444,VietMode RP-36,S,white,1348.7798230088497,1281.340831858407,3,1
1445,VietMode RP-37,M,purple,70.30267143482627,44.84266837480951,3,1
1446,VietMode RP-38,L,green,56.72233329541727,33.4896615147602,3,1
1447,VietMode RP-39,XL,silver,1699.74,1614.753,3,1
1448,VietMode RP-40,S,pink,1699.74,1242.50994,3,1
1449,VietMode RP-41,M,yellow,1802.115,1575.769356,3,1
1450,VietMode RP-42,L,red,1802.115,1309.056336,3,1
1451,VietMode RP-43,XL,black,4603.797692307692,4373.607807692308,3,1
1452,VietMode RP-44,S,orange,4603.797692307692,4373.607807692308,3,1
1453,VietMode RP-45,M,blue,4981.022208588956,3912.592944846626,3,1
1454,VietMode RP-46,L,white,4981.022208588956,4693.119124932516,3,1
1455,VietMode RP-47,XL,purple,62.63189484410103,36.49581282281183,3,1
1456,VietMode RP-48,S,green,26.991276721907333,16.647121977795205,3,1
1457,VietMode RP-49,M,silver,4912.74,4167.968616,3,1
1458,VietMode RP-50,L,pink,4912.74,4573.269666,3,1
1459,VietMode RP-51,XL,yellow,5669.054999999999,4710.984705,3,1
1460,VietMode RP-52,S,red,5669.054999999999,3895.2076905,3,1
1461,VietMode RP-53,M,black,22.29044412150247,14.060468749588775,3,1
1462,VietMode RP-54,L,orange,31.49047855235479,19.720235572541327,3,1
1463,VietMode RP-55,XL,blue,3275.37,2244.283524,3,1
1464,VietMode RP-56,S,white,3275.37,2097.8744850000003,3,1
1465,VietMode RP-57,M,purple,2802.24,1672.096608,3,1
1466,VietMode RP-58,L,green,2802.24,1524.138336,3,1
1467,VietMode RP-59,XL,silver,5448.87,5056.55136,3,1
1468,VietMode RP-60,S,pink,5448.87,2760.942429,3,1
1469,VietMode RP-61,M,yellow,5963.987647058823,4995.436053176471,3,1
1470,VietMode RP-62,L,red,5963.987647058823,5665.788264705882,3,1
1471,VietMode RP-63,XL,black,3202.949302325581,2458.9041793953493,3,1
1472,VietMode RP-64,S,orange,3202.949302325581,2647.237598372093,3,1
1473,VietMode RP-65,M,blue,4111.74,2674.68687,3,1
1474,VietMode RP-66,L,white,4111.74,3318.996528,3,1
1475,VietMode RP-67,XL,purple,33.86188226912265,21.32558243305248,3,1
1476,VietMode RP-68,S,green,51.29927437748982,30.44911170570392,3,1
1477,VietMode RP-69,M,silver,4030.7399999999993,2267.694324,3,1
1478,VietMode RP-70,L,pink,4030.7399999999993,3829.202999999999,3,1
1479,VietMode RP-71,XL,yellow,4469.5675862068965,2982.5424502758624,3,1
1480,VietMode RP-72,S,red,4469.5675862068965,3598.001906896552,3,1
1481,VietMode RP-73,M,black,5051.437674418605,4798.865790697674,3,1
1482,VietMode RP-74,L,orange,5051.437674418605,3821.917744465117,3,1
1483,VietMode RP-75,XL,blue,984.4328571428572,641.5548930000001,3,1
1484,VietMode RP-76,S,white,984.4328571428572,935.2112142857142,3,1
1485,VietMode RP-77,M,purple,4230.24,2410.813776,3,1
1486,VietMode RP-78,L,green,4230.24,4018.728,3,1
1487,VietMode RP-79,XL,silver,6219.408461538462,5908.438038461539,3,1
1488,VietMode RP-80,S,pink,6219.408461538462,5736.160424076923,3,1
1489,VietMode RP-81,M,yellow,3248.5471597633136,2722.2825198816568,3,1
1490,VietMode RP-82,L,red,3248.5471597633136,3086.119801775148,3,1
1491,VietMode RP-83,XL,black,3652.74,2082.0618,3,1
1492,VietMode RP-84,S,orange,3652.74,2041.516386,3,1
1493,VietMode RP-85,M,blue,4610.885236363636,3650.898930152728,3,1
1494,VietMode RP-86,L,white,4610.885236363636,2685.840650181818,3,1
1495,VietMode RP-87,XL,purple,4625.339310344828,4394.072344827587,3,1
1496,VietMode RP-88,S,green,4625.339310344828,2817.2941739310345,3,1
1497,VietMode RP-89,M,silver,5669.37,5385.9015,3,1
1498,VietMode RP-90,L,pink,5669.37,3994.071165,3,1
1499,VietMode RP-91,XL,yellow,16.827494871169623,10.631332286958514,3,1
1500,VietMode RP-92,S,red,61.05774939903527,34.315731607300734,3,1
1501,VietMode RP-93,M,black,4400.339999999999,3290.134218,3,1
1502,VietMode RP-94,L,orange,4400.339999999999,2938.107018,3,1
1503,VietMode RP-95,XL,blue,4245.681176470588,3343.898494588236,3,1
1504,VietMode RP-96,S,white,4245.681176470588,3142.653206823529,3,1
1505,VietMode RP-97,M,purple,31.087221191106483,18.790636957554064,3,1
1506,VietMode RP-98,L,green,27.91732801988607,15.370607052345465,3,1
1507,VietMode RP-99,XL,silver,1537.08912,860.308780464,3,1
1508,VietMode RP-00,S,pink,1537.08912,1460.2346639999998,3,1
1509,VietMode RP-01,M,yellow,22.090734117325905,12.866937691187092,3,1
1510,VietMode RP-02,L,red,17.08254755058683,10.021410812312926,3,1
1511,VietMode RP-03,XL,black,4566.24,4337.928,3,1
1512,VietMode RP-04,S,orange,4566.24,3794.54544,3,1
1513,VietMode RP-05,M,blue,4848.653793103448,2439.357723310345,3,1
1514,VietMode RP-06,L,white,4848.653793103448,4606.221103448275,3,1
1515,VietMode RP-07,XL,purple,46.028843545558566,27.139401033967737,3,1
1516,VietMode RP-08,S,green,34.10101628332273,21.127172809812297,3,1
1517,VietMode RP-09,M,silver,2317.901162207358,1762.0684635100336,3,1
1518,VietMode RP-10,L,pink,2317.901162207358,2173.2641296856186,3,1
1519,VietMode RP-11,XL,yellow,2622.8902649006623,2278.5047731192053,3,1
1520,VietMode RP-12,S,red,2622.8902649006623,2491.745751655629,3,1
1521,VietMode RP-13,M,black,6298.74,4021.74549,3,1
1522,VietMode RP-14,L,orange,6298.74,5983.803,3,1
1523,VietMode RP-15,XL,blue,4011.274505119454,3810.710779863481,3,1
1524,VietMode RP-16,S,white,4011.274505119454,2500.227399040956,3,1
1525,VietMode RP-17,M,purple,19.76703478014193,11.639933279269748,3,1
1526,VietMode RP-18,L,green,19.72661010784178,11.734755974447957,3,1
1527,VietMode RP-19,XL,silver,4448.666249999999,4226.232937499999,3,1
1528,VietMode RP-20,S,pink,4448.666249999999,3015.750850875,3,1
1529,VietMode RP-21,M,yellow,4668.84197260274,4435.399873972602,3,1
1530,VietMode RP-22,L,red,4668.84197260274,3285.464096120548,3,1
1531,VietMode RP-23,XL,black,5354.37,2882.257371,3,1
1532,VietMode RP-24,S,orange,5354.37,5086.6515,3,1
1533,VietMode RP-25,M,blue,28.95335597037216,16.612115761692397,3,1
1534,VietMode RP-26,L,white,64.56087712806476,37.918228726156805,3,1
1535,VietMode RP-27,XL,purple,29.84936180235849,17.09553432438367,3,1
1536,VietMode RP-28,S,green,18.1513115308442,10.116081543475204,3,1
1537,VietMode RP-29,M,silver,30.01516561307629,18.319602034123964,3,1
1538,VietMode RP-30,L,pink,29.69297756122445,18.315260422035152,3,1
1539,VietMode RP-31,XL,yellow,4534.74,4308.003,3,1
1540,VietMode RP-32,S,red,4534.74,2815.620066,3,1
1541,VietMode RP-33,M,black,4865.717011173184,4089.6351478910615,3,1
1542,VietMode RP-34,L,orange,4865.717011173184,4293.995262360335,3,1
1543,VietMode RP-35,XL,blue,4093.74,2254.013244,3,1
1544,VietMode RP-36,S,white,4093.74,3134.576718,3,1
1545,VietMode RP-37,M,purple,4695.103636363637,2763.5380003636365,3,1
1546,VietMode RP-38,L,green,4695.103636363637,3569.6872947272727,3,1
1547,VietMode RP-39,XL,silver,4241.653043478261,3226.6254701739126,3,1
1548,VietMode RP-40,S,pink,4241.653043478261,3493.001281304348,3,1
1549,VietMode RP-41,M,yellow,5038.74,4786.803,3,1
1550,VietMode RP-42,L,red,5038.74,2568.245778,3,1
1551,VietMode RP-43,XL,black,5038.74,4786.803,3,1
1552,VietMode RP-44,S,orange,5038.74,4378.161185999999,3,1
1553,VietMode RP-45,M,blue,11.259872989175507,6.890468405455395,3,1
1554,VietMode RP-46,L,white,32.404005878884256,19.324109605400498,3,1
1555,VietMode RP-47,XL,purple,3716.37,2789.878959,3,1
1556,VietMode RP-48,S,green,3716.37,3061.173969,3,1
1557,VietMode RP-49,M,silver,5479.74,3912.53436,3,1
1558,VietMode RP-50,L,pink,5479.74,5205.753,3,1
1559,VietMode RP-51,XL,yellow,4556.323333333333,4328.507166666666,3,1
1560,VietMode RP-52,S,red,4556.323333333333,3423.1657203333334,3,1
1561,VietMode RP-53,M,black,4970.07,4721.5665,3,1
1562,VietMode RP-54,L,orange,4970.07,2879.6585580000005,3,1
1233,VietMode MP-01,M,blue,30.19348546151529,17.753122647066597,1,1
1234,VietMode MP-02,L,white,43.7496033258746,27.83933229989573,1,1
1235,VietMode MP-03,XL,purple,5794.74,5505.003,1,1
1236,VietMode MP-04,S,green,5794.74,4156.567002,1,1
1237,VietMode MP-05,M,silver,69.37887580587473,41.75971276363685,1,1
1238,VietMode MP-06,L,pink,51.96788916691951,31.07254611255156,1,1
1239,VietMode MP-07,XL,yellow,5669.37,3362.503347,1,1
1240,VietMode MP-08,S,red,5669.37,5385.9015,1,1
1241,VietMode MP-09,M,black,4786.74,4467.943116,1,1
1242,VietMode MP-10,L,orange,4786.74,3972.515526,1,1
1243,VietMode MP-11,XL,blue,5794.74,3022.536384,1,1
1244,VietMode MP-12,S,white,5794.74,4177.428066,1,1
1245,VietMode MP-13,M,purple,6110.37,3479.855715,1,1
1246,VietMode MP-14,L,green,6110.37,4080.505086,1,1
1247,VietMode MP-15,XL,silver,5983.74,5684.553,1,1
1248,VietMode MP-16,S,pink,5983.74,4605.684678,1,1
1249,VietMode MP-17,M,yellow,4976.37,3661.613046,1,1
1250,VietMode MP-18,L,red,4976.37,3635.735922,1,1
1251,VietMode MP-19,XL,black,5164.74,3167.018568,1,1
1252,VietMode MP-20,S,orange,5164.74,2973.857292,1,1
1253,VietMode MP-21,M,blue,5353.74,4589.225928,1,1
1254,VietMode MP-22,L,white,5353.74,5086.053,1,1
1255,VietMode MP-23,XL,purple,29.73856010572593,16.43246386967123,1,1
1256,VietMode MP-24,S,green,21.2719570851152,12.425477311278598,1,1
1257,VietMode MP-25,M,silver,92.69772412503598,54.50807512714566,1,1
1258,VietMode MP-26,L,pink,33.909234234994784,20.00245633881564,1,1
1259,VietMode MP-27,XL,yellow,4603.34,2585.235744,1,1
1260,VietMode MP-28,S,red,4603.34,2553.9330320000004,1,1
1261,VietMode MP-29,M,black,5983.876433121019,4653.660702038217,1,1
1262,VietMode MP-30,L,orange,5983.876433121019,5684.682611464968,1,1
1263,VietMode MP-31,XL,blue,5984.37,5685.1515,1,1
1264,VietMode MP-32,S,white,5984.37,3719.884392,1,1
