sales_employee_id,sales_employee_name,marital_status,education_level,years_experience,comment
EMP0001,Trần Anh Phúc,Đã kết hôn,Đại học,9,"[""Khách hàng đánh giá nhân viên hỗ trợ rất nhiệt tình, phản hồi nhanh và giải quyết vấn đề hiệu quả."", ""Giải quyết khiếu nại nhanh, khách hàng hài lòng với kết quả."", ""Khách hàng không có thêm phản hồi về chất lượng hỗ trợ."", ""Phản hồi thắc mắc đầy đủ, hỗ trợ xuyên suốt quá trình đặt hàng."", ""Hỗ trợ nhanh chóng, tư vấn rõ ràng, khách hàng hài lòng với trải nghiệm."", ""Quá trình hỗ trợ diễn ra bình thường, đúng quy trình."", ""Dịch vụ chăm sóc khách hàng chuyên nghiệp, thái độ thân thiện và lịch sự."", ""Dịch vụ ổn định, nhân viên luôn sẵn sàng hỗ trợ khi cần."", ""Tư vấn chi tiết, thái độ chuyên nghiệp và thân thiện."", ""Dịch vụ đáp ứng yêu cầu cơ bản, chưa phát sinh vấn đề đáng kể."", ""Nhân viên giao tiếp tốt, xử lý yêu cầu đúng hẹn và tận tâm."", ""Khách hàng mong muốn nhân viên tư vấn chi tiết hơn."", ""Khách hàng phản ánh thời gian phản hồi còn chậm nhưng vấn đề đã được xử lý."", ""Cần cải thiện tốc độ hỗ trợ vào giờ cao điểm."", ""Khách hàng đánh giá mức độ hài lòng ở mức khá."", ""Một số thắc mắc phải liên hệ nhiều lần mới được giải quyết."", ""Chăm sóc khách hàng tốt, thời gian phản hồi ngắn."", ""Khách hàng đánh giá cao sự chủ động và trách nhiệm của bộ phận hỗ trợ.""]"
EMP0002,Phạm Văn Mai,Đã kết hôn,Đại học,20,"[""Phản hồi thắc mắc đầy đủ, hỗ trợ xuyên suốt quá trình đặt hàng."", ""Khách hàng đánh giá cao sự chủ động và trách nhiệm của bộ phận hỗ trợ."", ""Nhân viên giao tiếp tốt, xử lý yêu cầu đúng hẹn và tận tâm."", ""Hỗ trợ nhanh chóng, tư vấn rõ ràng, khách hàng hài lòng với trải nghiệm."", ""Khách hàng đánh giá mức độ hài lòng ở mức khá."", ""Dịch vụ ổn định, nhân viên luôn sẵn sàng hỗ trợ khi cần."", ""Khách hàng không có thêm phản hồi về chất lượng hỗ trợ."", ""Tư vấn chi tiết, thái độ chuyên nghiệp và thân thiện."", ""Khách hàng mong muốn nhân viên tư vấn chi tiết hơn."", ""Quá trình hỗ trợ diễn ra bình thường, đúng quy trình."", ""Giải quyết khiếu nại nhanh, khách hàng hài lòng với kết quả."", ""Dịch vụ chăm sóc khách hàng chuyên nghiệp, thái độ thân thiện và lịch sự."", ""Khách hàng đánh giá nhân viên hỗ trợ rất nhiệt tình, phản hồi nhanh và giải quyết vấn đề hiệu quả."", ""Chăm sóc khách hàng tốt, thời gian phản hồi ngắn."", ""Cần cải thiện tốc độ hỗ trợ vào giờ cao điểm."", ""Dịch vụ đáp ứng yêu cầu cơ bản, chưa phát sinh vấn đề đáng kể."", ""Khách hàng phản ánh thời gian phản hồi còn chậm nhưng vấn đề đã được xử lý."", ""Một số thắc mắc phải liên hệ nhiều lần mới được giải quyết.""]"
EMP0003,Vũ Thị Trang,Độc thân,Sau đại học,10,"[""Quá trình hỗ trợ diễn ra bình thường, đúng quy trình."", ""Khách hàng đánh giá nhân viên hỗ trợ rất nhiệt tình, phản hồi nhanh và giải quyết vấn đề hiệu quả."", ""Dịch vụ chăm sóc khách hàng chuyên nghiệp, thái độ thân thiện và lịch sự."", ""Hỗ trợ nhanh chóng, tư vấn rõ ràng, khách hàng hài lòng với trải nghiệm."", ""Giải quyết khiếu nại nhanh, khách hàng hài lòng với kết quả."", ""Phản hồi thắc mắc đầy đủ, hỗ trợ xuyên suốt quá trình đặt hàng."", ""Dịch vụ đáp ứng yêu cầu cơ bản, chưa phát sinh vấn đề đáng kể."", ""Nhân viên giao tiếp tốt, xử lý yêu cầu đúng hẹn và tận tâm."", ""Tư vấn chi tiết, thái độ chuyên nghiệp và thân thiện."", ""Một số thắc mắc phải liên hệ nhiều lần mới được giải quyết."", ""Khách hàng đánh giá cao sự chủ động và trách nhiệm của bộ phận hỗ trợ."", ""Chăm sóc khách hàng tốt, thời gian phản hồi ngắn."", ""Khách hàng đánh giá mức độ hài lòng ở mức khá."", ""Dịch vụ ổn định, nhân viên luôn sẵn sàng hỗ trợ khi cần."", ""Khách hàng không có thêm phản hồi về chất lượng hỗ trợ."", ""Khách hàng phản ánh thời gian phản hồi còn chậm nhưng vấn đề đã được xử lý."", ""Khách hàng mong muốn nhân viên tư vấn chi tiết hơn."", ""Cần cải thiện tốc độ hỗ trợ vào giờ cao điểm.""]"
EMP0004,Đỗ Thanh Lan,Đã kết hôn,Cao đẳng,17,"[""Hỗ trợ nhanh chóng, tư vấn rõ ràng, khách hàng hài lòng với trải nghiệm."", ""Một số thắc mắc phải liên hệ nhiều lần mới được giải quyết."", ""Dịch vụ ổn định, nhân viên luôn sẵn sàng hỗ trợ khi cần."", ""Quá trình hỗ trợ diễn ra bình thường, đúng quy trình."", ""Phản hồi thắc mắc đầy đủ, hỗ trợ xuyên suốt quá trình đặt hàng."", ""Khách hàng đánh giá cao sự chủ động và trách nhiệm của bộ phận hỗ trợ."", ""Tư vấn chi tiết, thái độ chuyên nghiệp và thân thiện."", ""Giải quyết khiếu nại nhanh, khách hàng hài lòng với kết quả."", ""Nhân viên giao tiếp tốt, xử lý yêu cầu đúng hẹn và tận tâm."", ""Khách hàng không có thêm phản hồi về chất lượng hỗ trợ."", ""Chăm sóc khách hàng tốt, thời gian phản hồi ngắn."", ""Khách hàng đánh giá nhân viên hỗ trợ rất nhiệt tình, phản hồi nhanh và giải quyết vấn đề hiệu quả."", ""Khách hàng mong muốn nhân viên tư vấn chi tiết hơn."", ""Dịch vụ đáp ứng yêu cầu cơ bản, chưa phát sinh vấn đề đáng kể."", ""Dịch vụ chăm sóc khách hàng chuyên nghiệp, thái độ thân thiện và lịch sự."", ""Cần cải thiện tốc độ hỗ trợ vào giờ cao điểm."", ""Khách hàng đánh giá mức độ hài lòng ở mức khá."", ""Khách hàng phản ánh thời gian phản hồi còn chậm nhưng vấn đề đã được xử lý.""]"
EMP0005,Trần Gia Uyên,Đã kết hôn,Đại học,2,"[""Khách hàng đánh giá mức độ hài lòng ở mức khá."", ""Chăm sóc khách hàng tốt, thời gian phản hồi ngắn."", ""Dịch vụ chăm sóc khách hàng chuyên nghiệp, thái độ thân thiện và lịch sự."", ""Dịch vụ ổn định, nhân viên luôn sẵn sàng hỗ trợ khi cần."", ""Nhân viên giao tiếp tốt, xử lý yêu cầu đúng hẹn và tận tâm."", ""Giải quyết khiếu nại nhanh, khách hàng hài lòng với kết quả."", ""Phản hồi thắc mắc đầy đủ, hỗ trợ xuyên suốt quá trình đặt hàng."", ""Hỗ trợ nhanh chóng, tư vấn rõ ràng, khách hàng hài lòng với trải nghiệm."", ""Khách hàng không có thêm phản hồi về chất lượng hỗ trợ."", ""Khách hàng đánh giá cao sự chủ động và trách nhiệm của bộ phận hỗ trợ."", ""Khách hàng đánh giá nhân viên hỗ trợ rất nhiệt tình, phản hồi nhanh và giải quyết vấn đề hiệu quả."", ""Một số thắc mắc phải liên hệ nhiều lần mới được giải quyết."", ""Cần cải thiện tốc độ hỗ trợ vào giờ cao điểm."", ""Tư vấn chi tiết, thái độ chuyên nghiệp và thân thiện."", ""Dịch vụ đáp ứng yêu cầu cơ bản, chưa phát sinh vấn đề đáng kể."", ""Khách hàng mong muốn nhân viên tư vấn chi tiết hơn."", ""Quá trình hỗ trợ diễn ra bình thường, đúng quy trình."", ""Khách hàng phản ánh thời gian phản hồi còn chậm nhưng vấn đề đã được xử lý.""]"
EMP0006,Lê Anh Quân,Đã kết hôn,Sau đại học,8,"[""Dịch vụ đáp ứng yêu cầu cơ bản, chưa phát sinh vấn đề đáng kể."", ""Chăm sóc khách hàng tốt, thời gian phản hồi ngắn."", ""Dịch vụ ổn định, nhân viên luôn sẵn sàng hỗ trợ khi cần."", ""Khách hàng không có thêm phản hồi về chất lượng hỗ trợ."", ""Phản hồi thắc mắc đầy đủ, hỗ trợ xuyên suốt quá trình đặt hàng."", ""Khách hàng phản ánh thời gian phản hồi còn chậm nhưng vấn đề đã được xử lý."", ""Tư vấn chi tiết, thái độ chuyên nghiệp và thân thiện."", ""Nhân viên giao tiếp tốt, xử lý yêu cầu đúng hẹn và tận tâm."", ""Quá trình hỗ trợ diễn ra bình thường, đúng quy trình."", ""Khách hàng đánh giá cao sự chủ động và trách nhiệm của bộ phận hỗ trợ."", ""Khách hàng đánh giá nhân viên hỗ trợ rất nhiệt tình, phản hồi nhanh và giải quyết vấn đề hiệu quả."", ""Hỗ trợ nhanh chóng, tư vấn rõ ràng, khách hàng hài lòng với trải nghiệm."", ""Cần cải thiện tốc độ hỗ trợ vào giờ cao điểm."", ""Dịch vụ chăm sóc khách hàng chuyên nghiệp, thái độ thân thiện và lịch sự."", ""Khách hàng mong muốn nhân viên tư vấn chi tiết hơn."", ""Khách hàng đánh giá mức độ hài lòng ở mức khá."", ""Giải quyết khiếu nại nhanh, khách hàng hài lòng với kết quả."", ""Một số thắc mắc phải liên hệ nhiều lần mới được giải quyết.""]"
EMP0007,Bùi Anh Sơn,Đã kết hôn,Trung cấp,4,"[""Khách hàng đánh giá nhân viên hỗ trợ rất nhiệt tình, phản hồi nhanh và giải quyết vấn đề hiệu quả."", ""Dịch vụ đáp ứng yêu cầu cơ bản, chưa phát sinh vấn đề đáng kể."", ""Dịch vụ ổn định, nhân viên luôn sẵn sàng hỗ trợ khi cần."", ""Hỗ trợ nhanh chóng, tư vấn rõ ràng, khách hàng hài lòng với trải nghiệm."", ""Giải quyết khiếu nại nhanh, khách hàng hài lòng với kết quả."", ""Tư vấn chi tiết, thái độ chuyên nghiệp và thân thiện."", ""Khách hàng không có thêm phản hồi về chất lượng hỗ trợ."", ""Khách hàng phản ánh thời gian phản hồi còn chậm nhưng vấn đề đã được xử lý."", ""Quá trình hỗ trợ diễn ra bình thường, đúng quy trình."", ""Một số thắc mắc phải liên hệ nhiều lần mới được giải quyết."", ""Cần cải thiện tốc độ hỗ trợ vào giờ cao điểm."", ""Khách hàng mong muốn nhân viên tư vấn chi tiết hơn."", ""Phản hồi thắc mắc đầy đủ, hỗ trợ xuyên suốt quá trình đặt hàng."", ""Khách hàng đánh giá cao sự chủ động và trách nhiệm của bộ phận hỗ trợ."", ""Nhân viên giao tiếp tốt, xử lý yêu cầu đúng hẹn và tận tâm."", ""Dịch vụ chăm sóc khách hàng chuyên nghiệp, thái độ thân thiện và lịch sự."", ""Chăm sóc khách hàng tốt, thời gian phản hồi ngắn."", ""Khách hàng đánh giá mức độ hài lòng ở mức khá.""]"
EMP0008,Võ Thị Quân,Đã kết hôn,Sau đại học,14,"[""Hỗ trợ nhanh chóng, tư vấn rõ ràng, khách hàng hài lòng với trải nghiệm."", ""Khách hàng đánh giá nhân viên hỗ trợ rất nhiệt tình, phản hồi nhanh và giải quyết vấn đề hiệu quả."", ""Tư vấn chi tiết, thái độ chuyên nghiệp và thân thiện."", ""Nhân viên giao tiếp tốt, xử lý yêu cầu đúng hẹn và tận tâm."", ""Chăm sóc khách hàng tốt, thời gian phản hồi ngắn."", ""Khách hàng đánh giá cao sự chủ động và trách nhiệm của bộ phận hỗ trợ."", ""Khách hàng đánh giá mức độ hài lòng ở mức khá."", ""Dịch vụ ổn định, nhân viên luôn sẵn sàng hỗ trợ khi cần."", ""Giải quyết khiếu nại nhanh, khách hàng hài lòng với kết quả."", ""Quá trình hỗ trợ diễn ra bình thường, đúng quy trình."", ""Cần cải thiện tốc độ hỗ trợ vào giờ cao điểm."", ""Dịch vụ chăm sóc khách hàng chuyên nghiệp, thái độ thân thiện và lịch sự."", ""Dịch vụ đáp ứng yêu cầu cơ bản, chưa phát sinh vấn đề đáng kể."", ""Phản hồi thắc mắc đầy đủ, hỗ trợ xuyên suốt quá trình đặt hàng."", ""Khách hàng không có thêm phản hồi về chất lượng hỗ trợ."", ""Khách hàng phản ánh thời gian phản hồi còn chậm nhưng vấn đề đã được xử lý."", ""Một số thắc mắc phải liên hệ nhiều lần mới được giải quyết."", ""Khách hàng mong muốn nhân viên tư vấn chi tiết hơn.""]"
EMP0009,Phan Minh Vy,Đã kết hôn,Cao đẳng,8,"[""Quá trình hỗ trợ diễn ra bình thường, đúng quy trình."", ""Khách hàng đánh giá mức độ hài lòng ở mức khá."", ""Khách hàng phản ánh thời gian phản hồi còn chậm nhưng vấn đề đã được xử lý."", ""Giải quyết khiếu nại nhanh, khách hàng hài lòng với kết quả."", ""Dịch vụ đáp ứng yêu cầu cơ bản, chưa phát sinh vấn đề đáng kể."", ""Phản hồi thắc mắc đầy đủ, hỗ trợ xuyên suốt quá trình đặt hàng."", ""Khách hàng đánh giá cao sự chủ động và trách nhiệm của bộ phận hỗ trợ."", ""Khách hàng không có thêm phản hồi về chất lượng hỗ trợ."", ""Tư vấn chi tiết, thái độ chuyên nghiệp và thân thiện."", ""Hỗ trợ nhanh chóng, tư vấn rõ ràng, khách hàng hài lòng với trải nghiệm."", ""Cần cải thiện tốc độ hỗ trợ vào giờ cao điểm."", ""Khách hàng mong muốn nhân viên tư vấn chi tiết hơn."", ""Dịch vụ chăm sóc khách hàng chuyên nghiệp, thái độ thân thiện và lịch sự."", ""Nhân viên giao tiếp tốt, xử lý yêu cầu đúng hẹn và tận tâm."", ""Dịch vụ ổn định, nhân viên luôn sẵn sàng hỗ trợ khi cần."", ""Chăm sóc khách hàng tốt, thời gian phản hồi ngắn."", ""Một số thắc mắc phải liên hệ nhiều lần mới được giải quyết."", ""Khách hàng đánh giá nhân viên hỗ trợ rất nhiệt tình, phản hồi nhanh và giải quyết vấn đề hiệu quả.""]"
EMP0010,Phan Thị Phúc,Độc thân,Đại học,10,"[""Nhân viên giao tiếp tốt, xử lý yêu cầu đúng hẹn và tận tâm."", ""Tư vấn chi tiết, thái độ chuyên nghiệp và thân thiện."", ""Khách hàng đánh giá nhân viên hỗ trợ rất nhiệt tình, phản hồi nhanh và giải quyết vấn đề hiệu quả."", ""Dịch vụ đáp ứng yêu cầu cơ bản, chưa phát sinh vấn đề đáng kể."", ""Chăm sóc khách hàng tốt, thời gian phản hồi ngắn."", ""Dịch vụ chăm sóc khách hàng chuyên nghiệp, thái độ thân thiện và lịch sự."", ""Hỗ trợ nhanh chóng, tư vấn rõ ràng, khách hàng hài lòng với trải nghiệm."", ""Khách hàng đánh giá cao sự chủ động và trách nhiệm của bộ phận hỗ trợ."", ""Khách hàng phản ánh thời gian phản hồi còn chậm nhưng vấn đề đã được xử lý."", ""Phản hồi thắc mắc đầy đủ, hỗ trợ xuyên suốt quá trình đặt hàng."", ""Khách hàng đánh giá mức độ hài lòng ở mức khá."", ""Khách hàng không có thêm phản hồi về chất lượng hỗ trợ."", ""Dịch vụ ổn định, nhân viên luôn sẵn sàng hỗ trợ khi cần."", ""Quá trình hỗ trợ diễn ra bình thường, đúng quy trình."", ""Cần cải thiện tốc độ hỗ trợ vào giờ cao điểm."", ""Giải quyết khiếu nại nhanh, khách hàng hài lòng với kết quả."", ""Khách hàng mong muốn nhân viên tư vấn chi tiết hơn."", ""Một số thắc mắc phải liên hệ nhiều lần mới được giải quyết.""]"
EMP0011,Dương Quốc Dũng,Đã kết hôn,Cao đẳng,17,"[""Dịch vụ đáp ứng yêu cầu cơ bản, chưa phát sinh vấn đề đáng kể."", ""Khách hàng đánh giá nhân viên hỗ trợ rất nhiệt tình, phản hồi nhanh và giải quyết vấn đề hiệu quả."", ""Dịch vụ ổn định, nhân viên luôn sẵn sàng hỗ trợ khi cần."", ""Dịch vụ chăm sóc khách hàng chuyên nghiệp, thái độ thân thiện và lịch sự."", ""Khách hàng đánh giá mức độ hài lòng ở mức khá."", ""Tư vấn chi tiết, thái độ chuyên nghiệp và thân thiện."", ""Khách hàng mong muốn nhân viên tư vấn chi tiết hơn."", ""Giải quyết khiếu nại nhanh, khách hàng hài lòng với kết quả."", ""Khách hàng đánh giá cao sự chủ động và trách nhiệm của bộ phận hỗ trợ."", ""Phản hồi thắc mắc đầy đủ, hỗ trợ xuyên suốt quá trình đặt hàng."", ""Quá trình hỗ trợ diễn ra bình thường, đúng quy trình."", ""Khách hàng không có thêm phản hồi về chất lượng hỗ trợ."", ""Chăm sóc khách hàng tốt, thời gian phản hồi ngắn."", ""Cần cải thiện tốc độ hỗ trợ vào giờ cao điểm."", ""Nhân viên giao tiếp tốt, xử lý yêu cầu đúng hẹn và tận tâm."", ""Hỗ trợ nhanh chóng, tư vấn rõ ràng, khách hàng hài lòng với trải nghiệm."", ""Khách hàng phản ánh thời gian phản hồi còn chậm nhưng vấn đề đã được xử lý."", ""Một số thắc mắc phải liên hệ nhiều lần mới được giải quyết.""]"
EMP0012,Đỗ Ngọc Lan,Độc thân,Cao đẳng,17,"[""Phản hồi thắc mắc đầy đủ, hỗ trợ xuyên suốt quá trình đặt hàng."", ""Chăm sóc khách hàng tốt, thời gian phản hồi ngắn."", ""Khách hàng đánh giá mức độ hài lòng ở mức khá."", ""Khách hàng đánh giá nhân viên hỗ trợ rất nhiệt tình, phản hồi nhanh và giải quyết vấn đề hiệu quả."", ""Khách hàng đánh giá cao sự chủ động và trách nhiệm của bộ phận hỗ trợ."", ""Giải quyết khiếu nại nhanh, khách hàng hài lòng với kết quả."", ""Nhân viên giao tiếp tốt, xử lý yêu cầu đúng hẹn và tận tâm."", ""Dịch vụ chăm sóc khách hàng chuyên nghiệp, thái độ thân thiện và lịch sự."", ""Tư vấn chi tiết, thái độ chuyên nghiệp và thân thiện."", ""Hỗ trợ nhanh chóng, tư vấn rõ ràng, khách hàng hài lòng với trải nghiệm."", ""Khách hàng phản ánh thời gian phản hồi còn chậm nhưng vấn đề đã được xử lý."", ""Dịch vụ ổn định, nhân viên luôn sẵn sàng hỗ trợ khi cần."", ""Quá trình hỗ trợ diễn ra bình thường, đúng quy trình."", ""Khách hàng không có thêm phản hồi về chất lượng hỗ trợ."", ""Dịch vụ đáp ứng yêu cầu cơ bản, chưa phát sinh vấn đề đáng kể."", ""Khách hàng mong muốn nhân viên tư vấn chi tiết hơn."", ""Một số thắc mắc phải liên hệ nhiều lần mới được giải quyết."", ""Cần cải thiện tốc độ hỗ trợ vào giờ cao điểm.""]"
EMP0013,Phạm Thanh Oanh,Độc thân,Trung cấp,3,"[""Hỗ trợ nhanh chóng, tư vấn rõ ràng, khách hàng hài lòng với trải nghiệm."", ""Khách hàng không có thêm phản hồi về chất lượng hỗ trợ."", ""Dịch vụ đáp ứng yêu cầu cơ bản, chưa phát sinh vấn đề đáng kể."", ""Quá trình hỗ trợ diễn ra bình thường, đúng quy trình."", ""Khách hàng đánh giá nhân viên hỗ trợ rất nhiệt tình, phản hồi nhanh và giải quyết vấn đề hiệu quả."", ""Dịch vụ chăm sóc khách hàng chuyên nghiệp, thái độ thân thiện và lịch sự."", ""Tư vấn chi tiết, thái độ chuyên nghiệp và thân thiện."", ""Khách hàng đánh giá mức độ hài lòng ở mức khá."", ""Nhân viên giao tiếp tốt, xử lý yêu cầu đúng hẹn và tận tâm."", ""Dịch vụ ổn định, nhân viên luôn sẵn sàng hỗ trợ khi cần."", ""Giải quyết khiếu nại nhanh, khách hàng hài lòng với kết quả."", ""Phản hồi thắc mắc đầy đủ, hỗ trợ xuyên suốt quá trình đặt hàng."", ""Cần cải thiện tốc độ hỗ trợ vào giờ cao điểm."", ""Khách hàng đánh giá cao sự chủ động và trách nhiệm của bộ phận hỗ trợ."", ""Chăm sóc khách hàng tốt, thời gian phản hồi ngắn."", ""Khách hàng phản ánh thời gian phản hồi còn chậm nhưng vấn đề đã được xử lý."", ""Khách hàng mong muốn nhân viên tư vấn chi tiết hơn."", ""Một số thắc mắc phải liên hệ nhiều lần mới được giải quyết.""]"
EMP0014,Đỗ Anh Sơn,Đã kết hôn,Đại học,14,"[""Khách hàng đánh giá nhân viên hỗ trợ rất nhiệt tình, phản hồi nhanh và giải quyết vấn đề hiệu quả."", ""Khách hàng không có thêm phản hồi về chất lượng hỗ trợ."", ""Tư vấn chi tiết, thái độ chuyên nghiệp và thân thiện."", ""Khách hàng đánh giá cao sự chủ động và trách nhiệm của bộ phận hỗ trợ."", ""Chăm sóc khách hàng tốt, thời gian phản hồi ngắn."", ""Dịch vụ đáp ứng yêu cầu cơ bản, chưa phát sinh vấn đề đáng kể."", ""Hỗ trợ nhanh chóng, tư vấn rõ ràng, khách hàng hài lòng với trải nghiệm."", ""Dịch vụ ổn định, nhân viên luôn sẵn sàng hỗ trợ khi cần."", ""Nhân viên giao tiếp tốt, xử lý yêu cầu đúng hẹn và tận tâm."", ""Giải quyết khiếu nại nhanh, khách hàng hài lòng với kết quả."", ""Dịch vụ chăm sóc khách hàng chuyên nghiệp, thái độ thân thiện và lịch sự."", ""Khách hàng đánh giá mức độ hài lòng ở mức khá."", ""Phản hồi thắc mắc đầy đủ, hỗ trợ xuyên suốt quá trình đặt hàng."", ""Quá trình hỗ trợ diễn ra bình thường, đúng quy trình."", ""Khách hàng mong muốn nhân viên tư vấn chi tiết hơn."", ""Một số thắc mắc phải liên hệ nhiều lần mới được giải quyết."", ""Cần cải thiện tốc độ hỗ trợ vào giờ cao điểm."", ""Khách hàng phản ánh thời gian phản hồi còn chậm nhưng vấn đề đã được xử lý.""]"
EMP0015,Võ Quốc Mai,Độc thân,Trung cấp,12,"[""Phản hồi thắc mắc đầy đủ, hỗ trợ xuyên suốt quá trình đặt hàng."", ""Giải quyết khiếu nại nhanh, khách hàng hài lòng với kết quả."", ""Tư vấn chi tiết, thái độ chuyên nghiệp và thân thiện."", ""Khách hàng phản ánh thời gian phản hồi còn chậm nhưng vấn đề đã được xử lý."", ""Khách hàng không có thêm phản hồi về chất lượng hỗ trợ."", ""Hỗ trợ nhanh chóng, tư vấn rõ ràng, khách hàng hài lòng với trải nghiệm."", ""Khách hàng đánh giá cao sự chủ động và trách nhiệm của bộ phận hỗ trợ."", ""Khách hàng đánh giá mức độ hài lòng ở mức khá."", ""Nhân viên giao tiếp tốt, xử lý yêu cầu đúng hẹn và tận tâm."", ""Quá trình hỗ trợ diễn ra bình thường, đúng quy trình."", ""Một số thắc mắc phải liên hệ nhiều lần mới được giải quyết."", ""Dịch vụ đáp ứng yêu cầu cơ bản, chưa phát sinh vấn đề đáng kể."", ""Dịch vụ chăm sóc khách hàng chuyên nghiệp, thái độ thân thiện và lịch sự."", ""Khách hàng đánh giá nhân viên hỗ trợ rất nhiệt tình, phản hồi nhanh và giải quyết vấn đề hiệu quả."", ""Dịch vụ ổn định, nhân viên luôn sẵn sàng hỗ trợ khi cần."", ""Khách hàng mong muốn nhân viên tư vấn chi tiết hơn."", ""Chăm sóc khách hàng tốt, thời gian phản hồi ngắn."", ""Cần cải thiện tốc độ hỗ trợ vào giờ cao điểm.""]"
EMP0016,Phan Thanh Phúc,Đã kết hôn,Đại học,10,"[""Khách hàng đánh giá nhân viên hỗ trợ rất nhiệt tình, phản hồi nhanh và giải quyết vấn đề hiệu quả."", ""Tư vấn chi tiết, thái độ chuyên nghiệp và thân thiện."", ""Chăm sóc khách hàng tốt, thời gian phản hồi ngắn."", ""Hỗ trợ nhanh chóng, tư vấn rõ ràng, khách hàng hài lòng với trải nghiệm."", ""Dịch vụ đáp ứng yêu cầu cơ bản, chưa phát sinh vấn đề đáng kể."", ""Khách hàng đánh giá mức độ hài lòng ở mức khá."", ""Phản hồi thắc mắc đầy đủ, hỗ trợ xuyên suốt quá trình đặt hàng."", ""Quá trình hỗ trợ diễn ra bình thường, đúng quy trình."", ""Khách hàng mong muốn nhân viên tư vấn chi tiết hơn."", ""Khách hàng không có thêm phản hồi về chất lượng hỗ trợ."", ""Khách hàng đánh giá cao sự chủ động và trách nhiệm của bộ phận hỗ trợ."", ""Nhân viên giao tiếp tốt, xử lý yêu cầu đúng hẹn và tận tâm."", ""Giải quyết khiếu nại nhanh, khách hàng hài lòng với kết quả."", ""Dịch vụ chăm sóc khách hàng chuyên nghiệp, thái độ thân thiện và lịch sự."", ""Dịch vụ ổn định, nhân viên luôn sẵn sàng hỗ trợ khi cần."", ""Một số thắc mắc phải liên hệ nhiều lần mới được giải quyết."", ""Cần cải thiện tốc độ hỗ trợ vào giờ cao điểm."", ""Khách hàng phản ánh thời gian phản hồi còn chậm nhưng vấn đề đã được xử lý.""]"
EMP0017,Võ Thanh Nam,Đã kết hôn,Cao đẳng,12,"[""Khách hàng phản ánh thời gian phản hồi còn chậm nhưng vấn đề đã được xử lý."", ""Dịch vụ chăm sóc khách hàng chuyên nghiệp, thái độ thân thiện và lịch sự."", ""Khách hàng không có thêm phản hồi về chất lượng hỗ trợ."", ""Nhân viên giao tiếp tốt, xử lý yêu cầu đúng hẹn và tận tâm."", ""Chăm sóc khách hàng tốt, thời gian phản hồi ngắn."", ""Phản hồi thắc mắc đầy đủ, hỗ trợ xuyên suốt quá trình đặt hàng."", ""Khách hàng đánh giá nhân viên hỗ trợ rất nhiệt tình, phản hồi nhanh và giải quyết vấn đề hiệu quả."", ""Tư vấn chi tiết, thái độ chuyên nghiệp và thân thiện."", ""Giải quyết khiếu nại nhanh, khách hàng hài lòng với kết quả."", ""Khách hàng đánh giá cao sự chủ động và trách nhiệm của bộ phận hỗ trợ."", ""Dịch vụ ổn định, nhân viên luôn sẵn sàng hỗ trợ khi cần."", ""Quá trình hỗ trợ diễn ra bình thường, đúng quy trình."", ""Khách hàng mong muốn nhân viên tư vấn chi tiết hơn."", ""Khách hàng đánh giá mức độ hài lòng ở mức khá."", ""Hỗ trợ nhanh chóng, tư vấn rõ ràng, khách hàng hài lòng với trải nghiệm."", ""Dịch vụ đáp ứng yêu cầu cơ bản, chưa phát sinh vấn đề đáng kể."", ""Một số thắc mắc phải liên hệ nhiều lần mới được giải quyết."", ""Cần cải thiện tốc độ hỗ trợ vào giờ cao điểm.""]"
EMP0018,Đặng Văn Hùng,Độc thân,Đại học,9,"[""Cần cải thiện tốc độ hỗ trợ vào giờ cao điểm."", ""Hỗ trợ nhanh chóng, tư vấn rõ ràng, khách hàng hài lòng với trải nghiệm."", ""Khách hàng đánh giá mức độ hài lòng ở mức khá."", ""Khách hàng đánh giá nhân viên hỗ trợ rất nhiệt tình, phản hồi nhanh và giải quyết vấn đề hiệu quả."", ""Dịch vụ chăm sóc khách hàng chuyên nghiệp, thái độ thân thiện và lịch sự."", ""Khách hàng đánh giá cao sự chủ động và trách nhiệm của bộ phận hỗ trợ."", ""Chăm sóc khách hàng tốt, thời gian phản hồi ngắn."", ""Giải quyết khiếu nại nhanh, khách hàng hài lòng với kết quả."", ""Dịch vụ ổn định, nhân viên luôn sẵn sàng hỗ trợ khi cần."", ""Nhân viên giao tiếp tốt, xử lý yêu cầu đúng hẹn và tận tâm."", ""Khách hàng không có thêm phản hồi về chất lượng hỗ trợ."", ""Tư vấn chi tiết, thái độ chuyên nghiệp và thân thiện."", ""Dịch vụ đáp ứng yêu cầu cơ bản, chưa phát sinh vấn đề đáng kể."", ""Phản hồi thắc mắc đầy đủ, hỗ trợ xuyên suốt quá trình đặt hàng."", ""Một số thắc mắc phải liên hệ nhiều lần mới được giải quyết."", ""Quá trình hỗ trợ diễn ra bình thường, đúng quy trình."", ""Khách hàng mong muốn nhân viên tư vấn chi tiết hơn."", ""Khách hàng phản ánh thời gian phản hồi còn chậm nhưng vấn đề đã được xử lý.""]"
EMP0019,Dương Ngọc An,Độc thân,Cao đẳng,5,"[""Khách hàng đánh giá mức độ hài lòng ở mức khá."", ""Dịch vụ chăm sóc khách hàng chuyên nghiệp, thái độ thân thiện và lịch sự."", ""Phản hồi thắc mắc đầy đủ, hỗ trợ xuyên suốt quá trình đặt hàng."", ""Nhân viên giao tiếp tốt, xử lý yêu cầu đúng hẹn và tận tâm."", ""Chăm sóc khách hàng tốt, thời gian phản hồi ngắn."", ""Dịch vụ ổn định, nhân viên luôn sẵn sàng hỗ trợ khi cần."", ""Hỗ trợ nhanh chóng, tư vấn rõ ràng, khách hàng hài lòng với trải nghiệm."", ""Tư vấn chi tiết, thái độ chuyên nghiệp và thân thiện."", ""Khách hàng phản ánh thời gian phản hồi còn chậm nhưng vấn đề đã được xử lý."", ""Khách hàng không có thêm phản hồi về chất lượng hỗ trợ."", ""Quá trình hỗ trợ diễn ra bình thường, đúng quy trình."", ""Khách hàng đánh giá nhân viên hỗ trợ rất nhiệt tình, phản hồi nhanh và giải quyết vấn đề hiệu quả."", ""Dịch vụ đáp ứng yêu cầu cơ bản, chưa phát sinh vấn đề đáng kể."", ""Khách hàng đánh giá cao sự chủ động và trách nhiệm của bộ phận hỗ trợ."", ""Giải quyết khiếu nại nhanh, khách hàng hài lòng với kết quả."", ""Một số thắc mắc phải liên hệ nhiều lần mới được giải quyết."", ""Cần cải thiện tốc độ hỗ trợ vào giờ cao điểm."", ""Khách hàng mong muốn nhân viên tư vấn chi tiết hơn.""]"
EMP0020,Ngô Hữu Lan,Đã kết hôn,Đại học,14,"[""Nhân viên giao tiếp tốt, xử lý yêu cầu đúng hẹn và tận tâm."", ""Tư vấn chi tiết, thái độ chuyên nghiệp và thân thiện."", ""Khách hàng phản ánh thời gian phản hồi còn chậm nhưng vấn đề đã được xử lý."", ""Quá trình hỗ trợ diễn ra bình thường, đúng quy trình."", ""Dịch vụ đáp ứng yêu cầu cơ bản, chưa phát sinh vấn đề đáng kể."", ""Chăm sóc khách hàng tốt, thời gian phản hồi ngắn."", ""Giải quyết khiếu nại nhanh, khách hàng hài lòng với kết quả."", ""Khách hàng không có thêm phản hồi về chất lượng hỗ trợ."", ""Cần cải thiện tốc độ hỗ trợ vào giờ cao điểm."", ""Phản hồi thắc mắc đầy đủ, hỗ trợ xuyên suốt quá trình đặt hàng."", ""Khách hàng đánh giá cao sự chủ động và trách nhiệm của bộ phận hỗ trợ."", ""Khách hàng đánh giá nhân viên hỗ trợ rất nhiệt tình, phản hồi nhanh và giải quyết vấn đề hiệu quả."", ""Hỗ trợ nhanh chóng, tư vấn rõ ràng, khách hàng hài lòng với trải nghiệm."", ""Dịch vụ chăm sóc khách hàng chuyên nghiệp, thái độ thân thiện và lịch sự."", ""Một số thắc mắc phải liên hệ nhiều lần mới được giải quyết."", ""Dịch vụ ổn định, nhân viên luôn sẵn sàng hỗ trợ khi cần."", ""Khách hàng đánh giá mức độ hài lòng ở mức khá."", ""Khách hàng mong muốn nhân viên tư vấn chi tiết hơn.""]"
EMP0021,Dương Thanh Lan,Đã kết hôn,Cao đẳng,9,"[""Quá trình hỗ trợ diễn ra bình thường, đúng quy trình."", ""Khách hàng đánh giá nhân viên hỗ trợ rất nhiệt tình, phản hồi nhanh và giải quyết vấn đề hiệu quả."", ""Tư vấn chi tiết, thái độ chuyên nghiệp và thân thiện."", ""Phản hồi thắc mắc đầy đủ, hỗ trợ xuyên suốt quá trình đặt hàng."", ""Khách hàng mong muốn nhân viên tư vấn chi tiết hơn."", ""Khách hàng không có thêm phản hồi về chất lượng hỗ trợ."", ""Khách hàng đánh giá mức độ hài lòng ở mức khá."", ""Dịch vụ ổn định, nhân viên luôn sẵn sàng hỗ trợ khi cần."", ""Hỗ trợ nhanh chóng, tư vấn rõ ràng, khách hàng hài lòng với trải nghiệm."", ""Khách hàng đánh giá cao sự chủ động và trách nhiệm của bộ phận hỗ trợ."", ""Khách hàng phản ánh thời gian phản hồi còn chậm nhưng vấn đề đã được xử lý."", ""Dịch vụ chăm sóc khách hàng chuyên nghiệp, thái độ thân thiện và lịch sự."", ""Dịch vụ đáp ứng yêu cầu cơ bản, chưa phát sinh vấn đề đáng kể."", ""Chăm sóc khách hàng tốt, thời gian phản hồi ngắn."", ""Nhân viên giao tiếp tốt, xử lý yêu cầu đúng hẹn và tận tâm."", ""Giải quyết khiếu nại nhanh, khách hàng hài lòng với kết quả."", ""Cần cải thiện tốc độ hỗ trợ vào giờ cao điểm."", ""Một số thắc mắc phải liên hệ nhiều lần mới được giải quyết.""]"
EMP0022,Huỳnh Văn Cường,Đã kết hôn,Đại học,2,"[""Nhân viên giao tiếp tốt, xử lý yêu cầu đúng hẹn và tận tâm."", ""Quá trình hỗ trợ diễn ra bình thường, đúng quy trình."", ""Phản hồi thắc mắc đầy đủ, hỗ trợ xuyên suốt quá trình đặt hàng."", ""Khách hàng đánh giá nhân viên hỗ trợ rất nhiệt tình, phản hồi nhanh và giải quyết vấn đề hiệu quả."", ""Khách hàng không có thêm phản hồi về chất lượng hỗ trợ."", ""Dịch vụ ổn định, nhân viên luôn sẵn sàng hỗ trợ khi cần."", ""Chăm sóc khách hàng tốt, thời gian phản hồi ngắn."", ""Dịch vụ đáp ứng yêu cầu cơ bản, chưa phát sinh vấn đề đáng kể."", ""Tư vấn chi tiết, thái độ chuyên nghiệp và thân thiện."", ""Khách hàng đánh giá cao sự chủ động và trách nhiệm của bộ phận hỗ trợ."", ""Khách hàng mong muốn nhân viên tư vấn chi tiết hơn."", ""Dịch vụ chăm sóc khách hàng chuyên nghiệp, thái độ thân thiện và lịch sự."", ""Giải quyết khiếu nại nhanh, khách hàng hài lòng với kết quả."", ""Hỗ trợ nhanh chóng, tư vấn rõ ràng, khách hàng hài lòng với trải nghiệm."", ""Cần cải thiện tốc độ hỗ trợ vào giờ cao điểm."", ""Khách hàng phản ánh thời gian phản hồi còn chậm nhưng vấn đề đã được xử lý."", ""Khách hàng đánh giá mức độ hài lòng ở mức khá."", ""Một số thắc mắc phải liên hệ nhiều lần mới được giải quyết.""]"
EMP0023,Bùi Thị Vy,Độc thân,Đại học,11,"[""Quá trình hỗ trợ diễn ra bình thường, đúng quy trình."", ""Khách hàng đánh giá nhân viên hỗ trợ rất nhiệt tình, phản hồi nhanh và giải quyết vấn đề hiệu quả."", ""Hỗ trợ nhanh chóng, tư vấn rõ ràng, khách hàng hài lòng với trải nghiệm."", ""Giải quyết khiếu nại nhanh, khách hàng hài lòng với kết quả."", ""Khách hàng đánh giá mức độ hài lòng ở mức khá."", ""Dịch vụ ổn định, nhân viên luôn sẵn sàng hỗ trợ khi cần."", ""Khách hàng không có thêm phản hồi về chất lượng hỗ trợ."", ""Phản hồi thắc mắc đầy đủ, hỗ trợ xuyên suốt quá trình đặt hàng."", ""Chăm sóc khách hàng tốt, thời gian phản hồi ngắn."", ""Nhân viên giao tiếp tốt, xử lý yêu cầu đúng hẹn và tận tâm."", ""Một số thắc mắc phải liên hệ nhiều lần mới được giải quyết."", ""Tư vấn chi tiết, thái độ chuyên nghiệp và thân thiện."", ""Dịch vụ đáp ứng yêu cầu cơ bản, chưa phát sinh vấn đề đáng kể."", ""Dịch vụ chăm sóc khách hàng chuyên nghiệp, thái độ thân thiện và lịch sự."", ""Khách hàng mong muốn nhân viên tư vấn chi tiết hơn."", ""Khách hàng đánh giá cao sự chủ động và trách nhiệm của bộ phận hỗ trợ."", ""Cần cải thiện tốc độ hỗ trợ vào giờ cao điểm."", ""Khách hàng phản ánh thời gian phản hồi còn chậm nhưng vấn đề đã được xử lý.""]"
EMP0024,Vũ Quốc Dũng,Độc thân,Đại học,8,"[""Khách hàng đánh giá nhân viên hỗ trợ rất nhiệt tình, phản hồi nhanh và giải quyết vấn đề hiệu quả."", ""Dịch vụ chăm sóc khách hàng chuyên nghiệp, thái độ thân thiện và lịch sự."", ""Khách hàng đánh giá mức độ hài lòng ở mức khá."", ""Hỗ trợ nhanh chóng, tư vấn rõ ràng, khách hàng hài lòng với trải nghiệm."", ""Khách hàng phản ánh thời gian phản hồi còn chậm nhưng vấn đề đã được xử lý."", ""Khách hàng mong muốn nhân viên tư vấn chi tiết hơn."", ""Nhân viên giao tiếp tốt, xử lý yêu cầu đúng hẹn và tận tâm."", ""Khách hàng đánh giá cao sự chủ động và trách nhiệm của bộ phận hỗ trợ."", ""Giải quyết khiếu nại nhanh, khách hàng hài lòng với kết quả."", ""Khách hàng không có thêm phản hồi về chất lượng hỗ trợ."", ""Chăm sóc khách hàng tốt, thời gian phản hồi ngắn."", ""Tư vấn chi tiết, thái độ chuyên nghiệp và thân thiện."", ""Phản hồi thắc mắc đầy đủ, hỗ trợ xuyên suốt quá trình đặt hàng."", ""Dịch vụ đáp ứng yêu cầu cơ bản, chưa phát sinh vấn đề đáng kể."", ""Dịch vụ ổn định, nhân viên luôn sẵn sàng hỗ trợ khi cần."", ""Quá trình hỗ trợ diễn ra bình thường, đúng quy trình."", ""Cần cải thiện tốc độ hỗ trợ vào giờ cao điểm."", ""Một số thắc mắc phải liên hệ nhiều lần mới được giải quyết.""]"
EMP0025,Đặng Minh Yến,Độc thân,Sau đại học,2,"[""Khách hàng đánh giá nhân viên hỗ trợ rất nhiệt tình, phản hồi nhanh và giải quyết vấn đề hiệu quả."", ""Chăm sóc khách hàng tốt, thời gian phản hồi ngắn."", ""Khách hàng đánh giá cao sự chủ động và trách nhiệm của bộ phận hỗ trợ."", ""Khách hàng đánh giá mức độ hài lòng ở mức khá."", ""Hỗ trợ nhanh chóng, tư vấn rõ ràng, khách hàng hài lòng với trải nghiệm."", ""Giải quyết khiếu nại nhanh, khách hàng hài lòng với kết quả."", ""Phản hồi thắc mắc đầy đủ, hỗ trợ xuyên suốt quá trình đặt hàng."", ""Tư vấn chi tiết, thái độ chuyên nghiệp và thân thiện."", ""Khách hàng không có thêm phản hồi về chất lượng hỗ trợ."", ""Dịch vụ chăm sóc khách hàng chuyên nghiệp, thái độ thân thiện và lịch sự."", ""Cần cải thiện tốc độ hỗ trợ vào giờ cao điểm."", ""Một số thắc mắc phải liên hệ nhiều lần mới được giải quyết."", ""Dịch vụ ổn định, nhân viên luôn sẵn sàng hỗ trợ khi cần."", ""Nhân viên giao tiếp tốt, xử lý yêu cầu đúng hẹn và tận tâm."", ""Khách hàng mong muốn nhân viên tư vấn chi tiết hơn."", ""Dịch vụ đáp ứng yêu cầu cơ bản, chưa phát sinh vấn đề đáng kể."", ""Quá trình hỗ trợ diễn ra bình thường, đúng quy trình."", ""Khách hàng phản ánh thời gian phản hồi còn chậm nhưng vấn đề đã được xử lý.""]"
EMP0026,Huỳnh Đức Linh,Độc thân,Sau đại học,14,"[""Dịch vụ chăm sóc khách hàng chuyên nghiệp, thái độ thân thiện và lịch sự."", ""Khách hàng đánh giá cao sự chủ động và trách nhiệm của bộ phận hỗ trợ."", ""Chăm sóc khách hàng tốt, thời gian phản hồi ngắn."", ""Dịch vụ đáp ứng yêu cầu cơ bản, chưa phát sinh vấn đề đáng kể."", ""Khách hàng không có thêm phản hồi về chất lượng hỗ trợ."", ""Dịch vụ ổn định, nhân viên luôn sẵn sàng hỗ trợ khi cần."", ""Phản hồi thắc mắc đầy đủ, hỗ trợ xuyên suốt quá trình đặt hàng."", ""Một số thắc mắc phải liên hệ nhiều lần mới được giải quyết."", ""Nhân viên giao tiếp tốt, xử lý yêu cầu đúng hẹn và tận tâm."", ""Hỗ trợ nhanh chóng, tư vấn rõ ràng, khách hàng hài lòng với trải nghiệm."", ""Khách hàng đánh giá nhân viên hỗ trợ rất nhiệt tình, phản hồi nhanh và giải quyết vấn đề hiệu quả."", ""Quá trình hỗ trợ diễn ra bình thường, đúng quy trình."", ""Khách hàng mong muốn nhân viên tư vấn chi tiết hơn."", ""Giải quyết khiếu nại nhanh, khách hàng hài lòng với kết quả."", ""Khách hàng đánh giá mức độ hài lòng ở mức khá."", ""Khách hàng phản ánh thời gian phản hồi còn chậm nhưng vấn đề đã được xử lý."", ""Tư vấn chi tiết, thái độ chuyên nghiệp và thân thiện."", ""Cần cải thiện tốc độ hỗ trợ vào giờ cao điểm.""]"
EMP0027,Phạm Anh Hà,Đã kết hôn,Cao đẳng,15,"[""Giải quyết khiếu nại nhanh, khách hàng hài lòng với kết quả."", ""Dịch vụ chăm sóc khách hàng chuyên nghiệp, thái độ thân thiện và lịch sự."", ""Tư vấn chi tiết, thái độ chuyên nghiệp và thân thiện."", ""Dịch vụ ổn định, nhân viên luôn sẵn sàng hỗ trợ khi cần."", ""Chăm sóc khách hàng tốt, thời gian phản hồi ngắn."", ""Phản hồi thắc mắc đầy đủ, hỗ trợ xuyên suốt quá trình đặt hàng."", ""Quá trình hỗ trợ diễn ra bình thường, đúng quy trình."", ""Khách hàng phản ánh thời gian phản hồi còn chậm nhưng vấn đề đã được xử lý."", ""Khách hàng đánh giá nhân viên hỗ trợ rất nhiệt tình, phản hồi nhanh và giải quyết vấn đề hiệu quả."", ""Khách hàng không có thêm phản hồi về chất lượng hỗ trợ."", ""Nhân viên giao tiếp tốt, xử lý yêu cầu đúng hẹn và tận tâm."", ""Khách hàng đánh giá cao sự chủ động và trách nhiệm của bộ phận hỗ trợ."", ""Hỗ trợ nhanh chóng, tư vấn rõ ràng, khách hàng hài lòng với trải nghiệm."", ""Dịch vụ đáp ứng yêu cầu cơ bản, chưa phát sinh vấn đề đáng kể."", ""Khách hàng mong muốn nhân viên tư vấn chi tiết hơn."", ""Cần cải thiện tốc độ hỗ trợ vào giờ cao điểm."", ""Khách hàng đánh giá mức độ hài lòng ở mức khá."", ""Một số thắc mắc phải liên hệ nhiều lần mới được giải quyết.""]"
EMP0028,Trần Văn Lan,Đã kết hôn,Cao đẳng,19,"[""Khách hàng đánh giá nhân viên hỗ trợ rất nhiệt tình, phản hồi nhanh và giải quyết vấn đề hiệu quả."", ""Quá trình hỗ trợ diễn ra bình thường, đúng quy trình."", ""Nhân viên giao tiếp tốt, xử lý yêu cầu đúng hẹn và tận tâm."", ""Khách hàng phản ánh thời gian phản hồi còn chậm nhưng vấn đề đã được xử lý."", ""Dịch vụ chăm sóc khách hàng chuyên nghiệp, thái độ thân thiện và lịch sự."", ""Chăm sóc khách hàng tốt, thời gian phản hồi ngắn."", ""Tư vấn chi tiết, thái độ chuyên nghiệp và thân thiện."", ""Giải quyết khiếu nại nhanh, khách hàng hài lòng với kết quả."", ""Phản hồi thắc mắc đầy đủ, hỗ trợ xuyên suốt quá trình đặt hàng."", ""Hỗ trợ nhanh chóng, tư vấn rõ ràng, khách hàng hài lòng với trải nghiệm."", ""Khách hàng đánh giá cao sự chủ động và trách nhiệm của bộ phận hỗ trợ."", ""Dịch vụ ổn định, nhân viên luôn sẵn sàng hỗ trợ khi cần."", ""Dịch vụ đáp ứng yêu cầu cơ bản, chưa phát sinh vấn đề đáng kể."", ""Khách hàng không có thêm phản hồi về chất lượng hỗ trợ."", ""Một số thắc mắc phải liên hệ nhiều lần mới được giải quyết."", ""Khách hàng đánh giá mức độ hài lòng ở mức khá."", ""Cần cải thiện tốc độ hỗ trợ vào giờ cao điểm."", ""Khách hàng mong muốn nhân viên tư vấn chi tiết hơn.""]"
EMP0029,Bùi Minh Trang,Độc thân,Sau đại học,12,"[""Khách hàng đánh giá mức độ hài lòng ở mức khá."", ""Tư vấn chi tiết, thái độ chuyên nghiệp và thân thiện."", ""Chăm sóc khách hàng tốt, thời gian phản hồi ngắn."", ""Khách hàng đánh giá nhân viên hỗ trợ rất nhiệt tình, phản hồi nhanh và giải quyết vấn đề hiệu quả."", ""Phản hồi thắc mắc đầy đủ, hỗ trợ xuyên suốt quá trình đặt hàng."", ""Khách hàng mong muốn nhân viên tư vấn chi tiết hơn."", ""Giải quyết khiếu nại nhanh, khách hàng hài lòng với kết quả."", ""Khách hàng đánh giá cao sự chủ động và trách nhiệm của bộ phận hỗ trợ."", ""Quá trình hỗ trợ diễn ra bình thường, đúng quy trình."", ""Dịch vụ chăm sóc khách hàng chuyên nghiệp, thái độ thân thiện và lịch sự."", ""Hỗ trợ nhanh chóng, tư vấn rõ ràng, khách hàng hài lòng với trải nghiệm."", ""Khách hàng không có thêm phản hồi về chất lượng hỗ trợ."", ""Nhân viên giao tiếp tốt, xử lý yêu cầu đúng hẹn và tận tâm."", ""Một số thắc mắc phải liên hệ nhiều lần mới được giải quyết."", ""Cần cải thiện tốc độ hỗ trợ vào giờ cao điểm."", ""Dịch vụ đáp ứng yêu cầu cơ bản, chưa phát sinh vấn đề đáng kể."", ""Dịch vụ ổn định, nhân viên luôn sẵn sàng hỗ trợ khi cần."", ""Khách hàng phản ánh thời gian phản hồi còn chậm nhưng vấn đề đã được xử lý.""]"
EMP0030,Nguyễn Anh Linh,Đã kết hôn,Đại học,15,"[""Chăm sóc khách hàng tốt, thời gian phản hồi ngắn."", ""Dịch vụ ổn định, nhân viên luôn sẵn sàng hỗ trợ khi cần."", ""Phản hồi thắc mắc đầy đủ, hỗ trợ xuyên suốt quá trình đặt hàng."", ""Hỗ trợ nhanh chóng, tư vấn rõ ràng, khách hàng hài lòng với trải nghiệm."", ""Khách hàng không có thêm phản hồi về chất lượng hỗ trợ."", ""Quá trình hỗ trợ diễn ra bình thường, đúng quy trình."", ""Nhân viên giao tiếp tốt, xử lý yêu cầu đúng hẹn và tận tâm."", ""Tư vấn chi tiết, thái độ chuyên nghiệp và thân thiện."", ""Khách hàng đánh giá nhân viên hỗ trợ rất nhiệt tình, phản hồi nhanh và giải quyết vấn đề hiệu quả."", ""Khách hàng đánh giá cao sự chủ động và trách nhiệm của bộ phận hỗ trợ."", ""Một số thắc mắc phải liên hệ nhiều lần mới được giải quyết."", ""Giải quyết khiếu nại nhanh, khách hàng hài lòng với kết quả."", ""Khách hàng mong muốn nhân viên tư vấn chi tiết hơn."", ""Dịch vụ chăm sóc khách hàng chuyên nghiệp, thái độ thân thiện và lịch sự."", ""Cần cải thiện tốc độ hỗ trợ vào giờ cao điểm."", ""Dịch vụ đáp ứng yêu cầu cơ bản, chưa phát sinh vấn đề đáng kể."", ""Khách hàng phản ánh thời gian phản hồi còn chậm nhưng vấn đề đã được xử lý."", ""Khách hàng đánh giá mức độ hài lòng ở mức khá.""]"
EMP0031,Lê Gia Bình,Độc thân,Đại học,13,"[""Phản hồi thắc mắc đầy đủ, hỗ trợ xuyên suốt quá trình đặt hàng."", ""Khách hàng đánh giá mức độ hài lòng ở mức khá."", ""Dịch vụ đáp ứng yêu cầu cơ bản, chưa phát sinh vấn đề đáng kể."", ""Dịch vụ chăm sóc khách hàng chuyên nghiệp, thái độ thân thiện và lịch sự."", ""Một số thắc mắc phải liên hệ nhiều lần mới được giải quyết."", ""Chăm sóc khách hàng tốt, thời gian phản hồi ngắn."", ""Nhân viên giao tiếp tốt, xử lý yêu cầu đúng hẹn và tận tâm."", ""Hỗ trợ nhanh chóng, tư vấn rõ ràng, khách hàng hài lòng với trải nghiệm."", ""Tư vấn chi tiết, thái độ chuyên nghiệp và thân thiện."", ""Khách hàng đánh giá cao sự chủ động và trách nhiệm của bộ phận hỗ trợ."", ""Dịch vụ ổn định, nhân viên luôn sẵn sàng hỗ trợ khi cần."", ""Khách hàng mong muốn nhân viên tư vấn chi tiết hơn."", ""Khách hàng không có thêm phản hồi về chất lượng hỗ trợ."", ""Quá trình hỗ trợ diễn ra bình thường, đúng quy trình."", ""Khách hàng phản ánh thời gian phản hồi còn chậm nhưng vấn đề đã được xử lý."", ""Cần cải thiện tốc độ hỗ trợ vào giờ cao điểm."", ""Khách hàng đánh giá nhân viên hỗ trợ rất nhiệt tình, phản hồi nhanh và giải quyết vấn đề hiệu quả."", ""Giải quyết khiếu nại nhanh, khách hàng hài lòng với kết quả.""]"
EMP0032,Đỗ Văn Dũng,Độc thân,Trung cấp,10,"[""Khách hàng đánh giá nhân viên hỗ trợ rất nhiệt tình, phản hồi nhanh và giải quyết vấn đề hiệu quả."", ""Dịch vụ chăm sóc khách hàng chuyên nghiệp, thái độ thân thiện và lịch sự."", ""Khách hàng không có thêm phản hồi về chất lượng hỗ trợ."", ""Hỗ trợ nhanh chóng, tư vấn rõ ràng, khách hàng hài lòng với trải nghiệm."", ""Khách hàng đánh giá mức độ hài lòng ở mức khá."", ""Một số thắc mắc phải liên hệ nhiều lần mới được giải quyết."", ""Tư vấn chi tiết, thái độ chuyên nghiệp và thân thiện."", ""Cần cải thiện tốc độ hỗ trợ vào giờ cao điểm."", ""Chăm sóc khách hàng tốt, thời gian phản hồi ngắn."", ""Dịch vụ ổn định, nhân viên luôn sẵn sàng hỗ trợ khi cần."", ""Nhân viên giao tiếp tốt, xử lý yêu cầu đúng hẹn và tận tâm."", ""Giải quyết khiếu nại nhanh, khách hàng hài lòng với kết quả."", ""Quá trình hỗ trợ diễn ra bình thường, đúng quy trình."", ""Khách hàng đánh giá cao sự chủ động và trách nhiệm của bộ phận hỗ trợ."", ""Dịch vụ đáp ứng yêu cầu cơ bản, chưa phát sinh vấn đề đáng kể."", ""Phản hồi thắc mắc đầy đủ, hỗ trợ xuyên suốt quá trình đặt hàng."", ""Khách hàng phản ánh thời gian phản hồi còn chậm nhưng vấn đề đã được xử lý."", ""Khách hàng mong muốn nhân viên tư vấn chi tiết hơn.""]"
EMP0033,Bùi Thị Dũng,Độc thân,Sau đại học,12,"[""Phản hồi thắc mắc đầy đủ, hỗ trợ xuyên suốt quá trình đặt hàng."", ""Khách hàng đánh giá nhân viên hỗ trợ rất nhiệt tình, phản hồi nhanh và giải quyết vấn đề hiệu quả."", ""Khách hàng mong muốn nhân viên tư vấn chi tiết hơn."", ""Cần cải thiện tốc độ hỗ trợ vào giờ cao điểm."", ""Nhân viên giao tiếp tốt, xử lý yêu cầu đúng hẹn và tận tâm."", ""Chăm sóc khách hàng tốt, thời gian phản hồi ngắn."", ""Khách hàng đánh giá cao sự chủ động và trách nhiệm của bộ phận hỗ trợ."", ""Dịch vụ ổn định, nhân viên luôn sẵn sàng hỗ trợ khi cần."", ""Giải quyết khiếu nại nhanh, khách hàng hài lòng với kết quả."", ""Khách hàng đánh giá mức độ hài lòng ở mức khá."", ""Dịch vụ chăm sóc khách hàng chuyên nghiệp, thái độ thân thiện và lịch sự."", ""Hỗ trợ nhanh chóng, tư vấn rõ ràng, khách hàng hài lòng với trải nghiệm."", ""Một số thắc mắc phải liên hệ nhiều lần mới được giải quyết."", ""Quá trình hỗ trợ diễn ra bình thường, đúng quy trình."", ""Khách hàng phản ánh thời gian phản hồi còn chậm nhưng vấn đề đã được xử lý."", ""Dịch vụ đáp ứng yêu cầu cơ bản, chưa phát sinh vấn đề đáng kể."", ""Tư vấn chi tiết, thái độ chuyên nghiệp và thân thiện."", ""Khách hàng không có thêm phản hồi về chất lượng hỗ trợ.""]"
EMP0034,Dương Gia Lan,Đã kết hôn,Trung cấp,7,"[""Chăm sóc khách hàng tốt, thời gian phản hồi ngắn."", ""Nhân viên giao tiếp tốt, xử lý yêu cầu đúng hẹn và tận tâm."", ""Phản hồi thắc mắc đầy đủ, hỗ trợ xuyên suốt quá trình đặt hàng."", ""Khách hàng đánh giá mức độ hài lòng ở mức khá."", ""Dịch vụ ổn định, nhân viên luôn sẵn sàng hỗ trợ khi cần."", ""Dịch vụ chăm sóc khách hàng chuyên nghiệp, thái độ thân thiện và lịch sự."", ""Dịch vụ đáp ứng yêu cầu cơ bản, chưa phát sinh vấn đề đáng kể."", ""Tư vấn chi tiết, thái độ chuyên nghiệp và thân thiện."", ""Khách hàng không có thêm phản hồi về chất lượng hỗ trợ."", ""Khách hàng mong muốn nhân viên tư vấn chi tiết hơn."", ""Cần cải thiện tốc độ hỗ trợ vào giờ cao điểm."", ""Giải quyết khiếu nại nhanh, khách hàng hài lòng với kết quả."", ""Quá trình hỗ trợ diễn ra bình thường, đúng quy trình."", ""Khách hàng đánh giá cao sự chủ động và trách nhiệm của bộ phận hỗ trợ."", ""Khách hàng đánh giá nhân viên hỗ trợ rất nhiệt tình, phản hồi nhanh và giải quyết vấn đề hiệu quả."", ""Hỗ trợ nhanh chóng, tư vấn rõ ràng, khách hàng hài lòng với trải nghiệm."", ""Một số thắc mắc phải liên hệ nhiều lần mới được giải quyết."", ""Khách hàng phản ánh thời gian phản hồi còn chậm nhưng vấn đề đã được xử lý.""]"
EMP0035,Lê Đức Lan,Đã kết hôn,Trung cấp,10,"[""Khách hàng đánh giá nhân viên hỗ trợ rất nhiệt tình, phản hồi nhanh và giải quyết vấn đề hiệu quả."", ""Dịch vụ ổn định, nhân viên luôn sẵn sàng hỗ trợ khi cần."", ""Tư vấn chi tiết, thái độ chuyên nghiệp và thân thiện."", ""Hỗ trợ nhanh chóng, tư vấn rõ ràng, khách hàng hài lòng với trải nghiệm."", ""Giải quyết khiếu nại nhanh, khách hàng hài lòng với kết quả."", ""Nhân viên giao tiếp tốt, xử lý yêu cầu đúng hẹn và tận tâm."", ""Khách hàng không có thêm phản hồi về chất lượng hỗ trợ."", ""Dịch vụ đáp ứng yêu cầu cơ bản, chưa phát sinh vấn đề đáng kể."", ""Chăm sóc khách hàng tốt, thời gian phản hồi ngắn."", ""Khách hàng đánh giá mức độ hài lòng ở mức khá."", ""Dịch vụ chăm sóc khách hàng chuyên nghiệp, thái độ thân thiện và lịch sự."", ""Quá trình hỗ trợ diễn ra bình thường, đúng quy trình."", ""Phản hồi thắc mắc đầy đủ, hỗ trợ xuyên suốt quá trình đặt hàng."", ""Cần cải thiện tốc độ hỗ trợ vào giờ cao điểm."", ""Khách hàng đánh giá cao sự chủ động và trách nhiệm của bộ phận hỗ trợ."", ""Khách hàng mong muốn nhân viên tư vấn chi tiết hơn."", ""Khách hàng phản ánh thời gian phản hồi còn chậm nhưng vấn đề đã được xử lý."", ""Một số thắc mắc phải liên hệ nhiều lần mới được giải quyết.""]"
EMP0036,Hoàng Quốc Phúc,Đã kết hôn,Đại học,10,"[""Dịch vụ chăm sóc khách hàng chuyên nghiệp, thái độ thân thiện và lịch sự."", ""Tư vấn chi tiết, thái độ chuyên nghiệp và thân thiện."", ""Nhân viên giao tiếp tốt, xử lý yêu cầu đúng hẹn và tận tâm."", ""Giải quyết khiếu nại nhanh, khách hàng hài lòng với kết quả."", ""Khách hàng mong muốn nhân viên tư vấn chi tiết hơn."", ""Dịch vụ ổn định, nhân viên luôn sẵn sàng hỗ trợ khi cần."", ""Khách hàng đánh giá cao sự chủ động và trách nhiệm của bộ phận hỗ trợ."", ""Phản hồi thắc mắc đầy đủ, hỗ trợ xuyên suốt quá trình đặt hàng."", ""Khách hàng đánh giá mức độ hài lòng ở mức khá."", ""Cần cải thiện tốc độ hỗ trợ vào giờ cao điểm."", ""Hỗ trợ nhanh chóng, tư vấn rõ ràng, khách hàng hài lòng với trải nghiệm."", ""Khách hàng đánh giá nhân viên hỗ trợ rất nhiệt tình, phản hồi nhanh và giải quyết vấn đề hiệu quả."", ""Dịch vụ đáp ứng yêu cầu cơ bản, chưa phát sinh vấn đề đáng kể."", ""Chăm sóc khách hàng tốt, thời gian phản hồi ngắn."", ""Khách hàng không có thêm phản hồi về chất lượng hỗ trợ."", ""Quá trình hỗ trợ diễn ra bình thường, đúng quy trình."", ""Khách hàng phản ánh thời gian phản hồi còn chậm nhưng vấn đề đã được xử lý."", ""Một số thắc mắc phải liên hệ nhiều lần mới được giải quyết.""]"
EMP0037,Võ Quốc Trang,Độc thân,Đại học,6,"[""Quá trình hỗ trợ diễn ra bình thường, đúng quy trình."", ""Tư vấn chi tiết, thái độ chuyên nghiệp và thân thiện."", ""Dịch vụ đáp ứng yêu cầu cơ bản, chưa phát sinh vấn đề đáng kể."", ""Khách hàng đánh giá mức độ hài lòng ở mức khá."", ""Hỗ trợ nhanh chóng, tư vấn rõ ràng, khách hàng hài lòng với trải nghiệm."", ""Nhân viên giao tiếp tốt, xử lý yêu cầu đúng hẹn và tận tâm."", ""Khách hàng đánh giá nhân viên hỗ trợ rất nhiệt tình, phản hồi nhanh và giải quyết vấn đề hiệu quả."", ""Phản hồi thắc mắc đầy đủ, hỗ trợ xuyên suốt quá trình đặt hàng."", ""Khách hàng đánh giá cao sự chủ động và trách nhiệm của bộ phận hỗ trợ."", ""Một số thắc mắc phải liên hệ nhiều lần mới được giải quyết."", ""Dịch vụ chăm sóc khách hàng chuyên nghiệp, thái độ thân thiện và lịch sự."", ""Giải quyết khiếu nại nhanh, khách hàng hài lòng với kết quả."", ""Khách hàng không có thêm phản hồi về chất lượng hỗ trợ."", ""Dịch vụ ổn định, nhân viên luôn sẵn sàng hỗ trợ khi cần."", ""Khách hàng phản ánh thời gian phản hồi còn chậm nhưng vấn đề đã được xử lý."", ""Cần cải thiện tốc độ hỗ trợ vào giờ cao điểm."", ""Chăm sóc khách hàng tốt, thời gian phản hồi ngắn."", ""Khách hàng mong muốn nhân viên tư vấn chi tiết hơn.""]"
EMP0038,Hồ Quốc Hà,Đã kết hôn,Sau đại học,1,"[""Khách hàng không có thêm phản hồi về chất lượng hỗ trợ."", ""Dịch vụ ổn định, nhân viên luôn sẵn sàng hỗ trợ khi cần."", ""Quá trình hỗ trợ diễn ra bình thường, đúng quy trình."", ""Khách hàng đánh giá cao sự chủ động và trách nhiệm của bộ phận hỗ trợ."", ""Nhân viên giao tiếp tốt, xử lý yêu cầu đúng hẹn và tận tâm."", ""Dịch vụ chăm sóc khách hàng chuyên nghiệp, thái độ thân thiện và lịch sự."", ""Khách hàng đánh giá nhân viên hỗ trợ rất nhiệt tình, phản hồi nhanh và giải quyết vấn đề hiệu quả."", ""Tư vấn chi tiết, thái độ chuyên nghiệp và thân thiện."", ""Phản hồi thắc mắc đầy đủ, hỗ trợ xuyên suốt quá trình đặt hàng."", ""Hỗ trợ nhanh chóng, tư vấn rõ ràng, khách hàng hài lòng với trải nghiệm."", ""Cần cải thiện tốc độ hỗ trợ vào giờ cao điểm."", ""Chăm sóc khách hàng tốt, thời gian phản hồi ngắn."", ""Giải quyết khiếu nại nhanh, khách hàng hài lòng với kết quả."", ""Khách hàng phản ánh thời gian phản hồi còn chậm nhưng vấn đề đã được xử lý."", ""Một số thắc mắc phải liên hệ nhiều lần mới được giải quyết."", ""Khách hàng đánh giá mức độ hài lòng ở mức khá."", ""Dịch vụ đáp ứng yêu cầu cơ bản, chưa phát sinh vấn đề đáng kể."", ""Khách hàng mong muốn nhân viên tư vấn chi tiết hơn.""]"
EMP0039,Võ Thị Hùng,Độc thân,Đại học,12,"[""Quá trình hỗ trợ diễn ra bình thường, đúng quy trình."", ""Khách hàng mong muốn nhân viên tư vấn chi tiết hơn."", ""Nhân viên giao tiếp tốt, xử lý yêu cầu đúng hẹn và tận tâm."", ""Khách hàng đánh giá nhân viên hỗ trợ rất nhiệt tình, phản hồi nhanh và giải quyết vấn đề hiệu quả."", ""Dịch vụ chăm sóc khách hàng chuyên nghiệp, thái độ thân thiện và lịch sự."", ""Khách hàng không có thêm phản hồi về chất lượng hỗ trợ."", ""Phản hồi thắc mắc đầy đủ, hỗ trợ xuyên suốt quá trình đặt hàng."", ""Hỗ trợ nhanh chóng, tư vấn rõ ràng, khách hàng hài lòng với trải nghiệm."", ""Dịch vụ đáp ứng yêu cầu cơ bản, chưa phát sinh vấn đề đáng kể."", ""Giải quyết khiếu nại nhanh, khách hàng hài lòng với kết quả."", ""Chăm sóc khách hàng tốt, thời gian phản hồi ngắn."", ""Một số thắc mắc phải liên hệ nhiều lần mới được giải quyết."", ""Dịch vụ ổn định, nhân viên luôn sẵn sàng hỗ trợ khi cần."", ""Cần cải thiện tốc độ hỗ trợ vào giờ cao điểm."", ""Khách hàng đánh giá cao sự chủ động và trách nhiệm của bộ phận hỗ trợ."", ""Tư vấn chi tiết, thái độ chuyên nghiệp và thân thiện."", ""Khách hàng đánh giá mức độ hài lòng ở mức khá."", ""Khách hàng phản ánh thời gian phản hồi còn chậm nhưng vấn đề đã được xử lý.""]"
EMP0040,Trần Hữu Giang,Đã kết hôn,Đại học,14,"[""Dịch vụ chăm sóc khách hàng chuyên nghiệp, thái độ thân thiện và lịch sự."", ""Khách hàng đánh giá nhân viên hỗ trợ rất nhiệt tình, phản hồi nhanh và giải quyết vấn đề hiệu quả."", ""Cần cải thiện tốc độ hỗ trợ vào giờ cao điểm."", ""Nhân viên giao tiếp tốt, xử lý yêu cầu đúng hẹn và tận tâm."", ""Giải quyết khiếu nại nhanh, khách hàng hài lòng với kết quả."", ""Phản hồi thắc mắc đầy đủ, hỗ trợ xuyên suốt quá trình đặt hàng."", ""Hỗ trợ nhanh chóng, tư vấn rõ ràng, khách hàng hài lòng với trải nghiệm."", ""Khách hàng đánh giá mức độ hài lòng ở mức khá."", ""Dịch vụ đáp ứng yêu cầu cơ bản, chưa phát sinh vấn đề đáng kể."", ""Chăm sóc khách hàng tốt, thời gian phản hồi ngắn."", ""Khách hàng đánh giá cao sự chủ động và trách nhiệm của bộ phận hỗ trợ."", ""Khách hàng mong muốn nhân viên tư vấn chi tiết hơn."", ""Một số thắc mắc phải liên hệ nhiều lần mới được giải quyết."", ""Quá trình hỗ trợ diễn ra bình thường, đúng quy trình."", ""Khách hàng không có thêm phản hồi về chất lượng hỗ trợ."", ""Dịch vụ ổn định, nhân viên luôn sẵn sàng hỗ trợ khi cần."", ""Khách hàng phản ánh thời gian phản hồi còn chậm nhưng vấn đề đã được xử lý."", ""Tư vấn chi tiết, thái độ chuyên nghiệp và thân thiện.""]"
EMP0041,Hoàng Thị Oanh,Độc thân,Trung cấp,19,"[""Dịch vụ ổn định, nhân viên luôn sẵn sàng hỗ trợ khi cần."", ""Hỗ trợ nhanh chóng, tư vấn rõ ràng, khách hàng hài lòng với trải nghiệm."", ""Khách hàng đánh giá cao sự chủ động và trách nhiệm của bộ phận hỗ trợ."", ""Khách hàng không có thêm phản hồi về chất lượng hỗ trợ."", ""Nhân viên giao tiếp tốt, xử lý yêu cầu đúng hẹn và tận tâm."", ""Chăm sóc khách hàng tốt, thời gian phản hồi ngắn."", ""Dịch vụ đáp ứng yêu cầu cơ bản, chưa phát sinh vấn đề đáng kể."", ""Giải quyết khiếu nại nhanh, khách hàng hài lòng với kết quả."", ""Quá trình hỗ trợ diễn ra bình thường, đúng quy trình."", ""Khách hàng mong muốn nhân viên tư vấn chi tiết hơn."", ""Khách hàng phản ánh thời gian phản hồi còn chậm nhưng vấn đề đã được xử lý."", ""Khách hàng đánh giá nhân viên hỗ trợ rất nhiệt tình, phản hồi nhanh và giải quyết vấn đề hiệu quả."", ""Tư vấn chi tiết, thái độ chuyên nghiệp và thân thiện."", ""Khách hàng đánh giá mức độ hài lòng ở mức khá."", ""Dịch vụ chăm sóc khách hàng chuyên nghiệp, thái độ thân thiện và lịch sự."", ""Phản hồi thắc mắc đầy đủ, hỗ trợ xuyên suốt quá trình đặt hàng."", ""Một số thắc mắc phải liên hệ nhiều lần mới được giải quyết."", ""Cần cải thiện tốc độ hỗ trợ vào giờ cao điểm.""]"
EMP0042,Lê Gia Mai,Đã kết hôn,Đại học,8,"[""Khách hàng đánh giá nhân viên hỗ trợ rất nhiệt tình, phản hồi nhanh và giải quyết vấn đề hiệu quả."", ""Dịch vụ chăm sóc khách hàng chuyên nghiệp, thái độ thân thiện và lịch sự."", ""Tư vấn chi tiết, thái độ chuyên nghiệp và thân thiện."", ""Dịch vụ ổn định, nhân viên luôn sẵn sàng hỗ trợ khi cần."", ""Khách hàng đánh giá cao sự chủ động và trách nhiệm của bộ phận hỗ trợ."", ""Giải quyết khiếu nại nhanh, khách hàng hài lòng với kết quả."", ""Dịch vụ đáp ứng yêu cầu cơ bản, chưa phát sinh vấn đề đáng kể."", ""Phản hồi thắc mắc đầy đủ, hỗ trợ xuyên suốt quá trình đặt hàng."", ""Khách hàng phản ánh thời gian phản hồi còn chậm nhưng vấn đề đã được xử lý."", ""Khách hàng đánh giá mức độ hài lòng ở mức khá."", ""Khách hàng mong muốn nhân viên tư vấn chi tiết hơn."", ""Hỗ trợ nhanh chóng, tư vấn rõ ràng, khách hàng hài lòng với trải nghiệm."", ""Cần cải thiện tốc độ hỗ trợ vào giờ cao điểm."", ""Quá trình hỗ trợ diễn ra bình thường, đúng quy trình."", ""Chăm sóc khách hàng tốt, thời gian phản hồi ngắn."", ""Một số thắc mắc phải liên hệ nhiều lần mới được giải quyết."", ""Khách hàng không có thêm phản hồi về chất lượng hỗ trợ."", ""Nhân viên giao tiếp tốt, xử lý yêu cầu đúng hẹn và tận tâm.""]"
EMP0043,Dương Minh Giang,Độc thân,Đại học,20,"[""Giải quyết khiếu nại nhanh, khách hàng hài lòng với kết quả."", ""Khách hàng không có thêm phản hồi về chất lượng hỗ trợ."", ""Dịch vụ đáp ứng yêu cầu cơ bản, chưa phát sinh vấn đề đáng kể."", ""Chăm sóc khách hàng tốt, thời gian phản hồi ngắn."", ""Phản hồi thắc mắc đầy đủ, hỗ trợ xuyên suốt quá trình đặt hàng."", ""Dịch vụ ổn định, nhân viên luôn sẵn sàng hỗ trợ khi cần."", ""Hỗ trợ nhanh chóng, tư vấn rõ ràng, khách hàng hài lòng với trải nghiệm."", ""Nhân viên giao tiếp tốt, xử lý yêu cầu đúng hẹn và tận tâm."", ""Khách hàng đánh giá cao sự chủ động và trách nhiệm của bộ phận hỗ trợ."", ""Khách hàng phản ánh thời gian phản hồi còn chậm nhưng vấn đề đã được xử lý."", ""Quá trình hỗ trợ diễn ra bình thường, đúng quy trình."", ""Dịch vụ chăm sóc khách hàng chuyên nghiệp, thái độ thân thiện và lịch sự."", ""Khách hàng đánh giá mức độ hài lòng ở mức khá."", ""Khách hàng đánh giá nhân viên hỗ trợ rất nhiệt tình, phản hồi nhanh và giải quyết vấn đề hiệu quả."", ""Tư vấn chi tiết, thái độ chuyên nghiệp và thân thiện."", ""Khách hàng mong muốn nhân viên tư vấn chi tiết hơn."", ""Một số thắc mắc phải liên hệ nhiều lần mới được giải quyết."", ""Cần cải thiện tốc độ hỗ trợ vào giờ cao điểm.""]"
EMP0044,Ngô Hữu Yến,Độc thân,Trung cấp,19,"[""Khách hàng đánh giá nhân viên hỗ trợ rất nhiệt tình, phản hồi nhanh và giải quyết vấn đề hiệu quả."", ""Dịch vụ chăm sóc khách hàng chuyên nghiệp, thái độ thân thiện và lịch sự."", ""Chăm sóc khách hàng tốt, thời gian phản hồi ngắn."", ""Phản hồi thắc mắc đầy đủ, hỗ trợ xuyên suốt quá trình đặt hàng."", ""Khách hàng đánh giá cao sự chủ động và trách nhiệm của bộ phận hỗ trợ."", ""Hỗ trợ nhanh chóng, tư vấn rõ ràng, khách hàng hài lòng với trải nghiệm."", ""Tư vấn chi tiết, thái độ chuyên nghiệp và thân thiện."", ""Nhân viên giao tiếp tốt, xử lý yêu cầu đúng hẹn và tận tâm."", ""Dịch vụ ổn định, nhân viên luôn sẵn sàng hỗ trợ khi cần."", ""Quá trình hỗ trợ diễn ra bình thường, đúng quy trình."", ""Giải quyết khiếu nại nhanh, khách hàng hài lòng với kết quả."", ""Khách hàng đánh giá mức độ hài lòng ở mức khá."", ""Dịch vụ đáp ứng yêu cầu cơ bản, chưa phát sinh vấn đề đáng kể."", ""Khách hàng không có thêm phản hồi về chất lượng hỗ trợ."", ""Khách hàng phản ánh thời gian phản hồi còn chậm nhưng vấn đề đã được xử lý."", ""Cần cải thiện tốc độ hỗ trợ vào giờ cao điểm."", ""Khách hàng mong muốn nhân viên tư vấn chi tiết hơn."", ""Một số thắc mắc phải liên hệ nhiều lần mới được giải quyết.""]"
EMP0045,Hoàng Quốc Yến,Đã kết hôn,Đại học,20,"[""Khách hàng đánh giá nhân viên hỗ trợ rất nhiệt tình, phản hồi nhanh và giải quyết vấn đề hiệu quả."", ""Khách hàng không có thêm phản hồi về chất lượng hỗ trợ."", ""Khách hàng đánh giá cao sự chủ động và trách nhiệm của bộ phận hỗ trợ."", ""Tư vấn chi tiết, thái độ chuyên nghiệp và thân thiện."", ""Quá trình hỗ trợ diễn ra bình thường, đúng quy trình."", ""Dịch vụ chăm sóc khách hàng chuyên nghiệp, thái độ thân thiện và lịch sự."", ""Hỗ trợ nhanh chóng, tư vấn rõ ràng, khách hàng hài lòng với trải nghiệm."", ""Phản hồi thắc mắc đầy đủ, hỗ trợ xuyên suốt quá trình đặt hàng."", ""Khách hàng mong muốn nhân viên tư vấn chi tiết hơn."", ""Giải quyết khiếu nại nhanh, khách hàng hài lòng với kết quả."", ""Dịch vụ ổn định, nhân viên luôn sẵn sàng hỗ trợ khi cần."", ""Dịch vụ đáp ứng yêu cầu cơ bản, chưa phát sinh vấn đề đáng kể."", ""Chăm sóc khách hàng tốt, thời gian phản hồi ngắn."", ""Cần cải thiện tốc độ hỗ trợ vào giờ cao điểm."", ""Nhân viên giao tiếp tốt, xử lý yêu cầu đúng hẹn và tận tâm."", ""Một số thắc mắc phải liên hệ nhiều lần mới được giải quyết."", ""Khách hàng đánh giá mức độ hài lòng ở mức khá."", ""Khách hàng phản ánh thời gian phản hồi còn chậm nhưng vấn đề đã được xử lý.""]"
EMP0046,Hồ Ngọc Giang,Đã kết hôn,Cao đẳng,18,"[""Chăm sóc khách hàng tốt, thời gian phản hồi ngắn."", ""Giải quyết khiếu nại nhanh, khách hàng hài lòng với kết quả."", ""Dịch vụ chăm sóc khách hàng chuyên nghiệp, thái độ thân thiện và lịch sự."", ""Khách hàng đánh giá cao sự chủ động và trách nhiệm của bộ phận hỗ trợ."", ""Quá trình hỗ trợ diễn ra bình thường, đúng quy trình."", ""Khách hàng phản ánh thời gian phản hồi còn chậm nhưng vấn đề đã được xử lý."", ""Dịch vụ đáp ứng yêu cầu cơ bản, chưa phát sinh vấn đề đáng kể."", ""Tư vấn chi tiết, thái độ chuyên nghiệp và thân thiện."", ""Khách hàng đánh giá nhân viên hỗ trợ rất nhiệt tình, phản hồi nhanh và giải quyết vấn đề hiệu quả."", ""Phản hồi thắc mắc đầy đủ, hỗ trợ xuyên suốt quá trình đặt hàng."", ""Khách hàng đánh giá mức độ hài lòng ở mức khá."", ""Hỗ trợ nhanh chóng, tư vấn rõ ràng, khách hàng hài lòng với trải nghiệm."", ""Nhân viên giao tiếp tốt, xử lý yêu cầu đúng hẹn và tận tâm."", ""Khách hàng không có thêm phản hồi về chất lượng hỗ trợ."", ""Dịch vụ ổn định, nhân viên luôn sẵn sàng hỗ trợ khi cần."", ""Cần cải thiện tốc độ hỗ trợ vào giờ cao điểm."", ""Một số thắc mắc phải liên hệ nhiều lần mới được giải quyết."", ""Khách hàng mong muốn nhân viên tư vấn chi tiết hơn.""]"
EMP0047,Nguyễn Anh Hùng,Độc thân,Trung cấp,14,"[""Khách hàng đánh giá cao sự chủ động và trách nhiệm của bộ phận hỗ trợ."", ""Giải quyết khiếu nại nhanh, khách hàng hài lòng với kết quả."", ""Khách hàng đánh giá nhân viên hỗ trợ rất nhiệt tình, phản hồi nhanh và giải quyết vấn đề hiệu quả."", ""Hỗ trợ nhanh chóng, tư vấn rõ ràng, khách hàng hài lòng với trải nghiệm."", ""Dịch vụ ổn định, nhân viên luôn sẵn sàng hỗ trợ khi cần."", ""Chăm sóc khách hàng tốt, thời gian phản hồi ngắn."", ""Tư vấn chi tiết, thái độ chuyên nghiệp và thân thiện."", ""Khách hàng không có thêm phản hồi về chất lượng hỗ trợ."", ""Khách hàng mong muốn nhân viên tư vấn chi tiết hơn."", ""Dịch vụ đáp ứng yêu cầu cơ bản, chưa phát sinh vấn đề đáng kể."", ""Phản hồi thắc mắc đầy đủ, hỗ trợ xuyên suốt quá trình đặt hàng."", ""Khách hàng đánh giá mức độ hài lòng ở mức khá."", ""Quá trình hỗ trợ diễn ra bình thường, đúng quy trình."", ""Dịch vụ chăm sóc khách hàng chuyên nghiệp, thái độ thân thiện và lịch sự."", ""Nhân viên giao tiếp tốt, xử lý yêu cầu đúng hẹn và tận tâm."", ""Cần cải thiện tốc độ hỗ trợ vào giờ cao điểm."", ""Khách hàng phản ánh thời gian phản hồi còn chậm nhưng vấn đề đã được xử lý."", ""Một số thắc mắc phải liên hệ nhiều lần mới được giải quyết.""]"
EMP0048,Đỗ Anh Khánh,Đã kết hôn,Cao đẳng,6,"[""Phản hồi thắc mắc đầy đủ, hỗ trợ xuyên suốt quá trình đặt hàng."", ""Dịch vụ chăm sóc khách hàng chuyên nghiệp, thái độ thân thiện và lịch sự."", ""Quá trình hỗ trợ diễn ra bình thường, đúng quy trình."", ""Chăm sóc khách hàng tốt, thời gian phản hồi ngắn."", ""Dịch vụ ổn định, nhân viên luôn sẵn sàng hỗ trợ khi cần."", ""Khách hàng không có thêm phản hồi về chất lượng hỗ trợ."", ""Nhân viên giao tiếp tốt, xử lý yêu cầu đúng hẹn và tận tâm."", ""Hỗ trợ nhanh chóng, tư vấn rõ ràng, khách hàng hài lòng với trải nghiệm."", ""Khách hàng đánh giá cao sự chủ động và trách nhiệm của bộ phận hỗ trợ."", ""Tư vấn chi tiết, thái độ chuyên nghiệp và thân thiện."", ""Khách hàng phản ánh thời gian phản hồi còn chậm nhưng vấn đề đã được xử lý."", ""Khách hàng đánh giá nhân viên hỗ trợ rất nhiệt tình, phản hồi nhanh và giải quyết vấn đề hiệu quả."", ""Dịch vụ đáp ứng yêu cầu cơ bản, chưa phát sinh vấn đề đáng kể."", ""Một số thắc mắc phải liên hệ nhiều lần mới được giải quyết."", ""Giải quyết khiếu nại nhanh, khách hàng hài lòng với kết quả."", ""Cần cải thiện tốc độ hỗ trợ vào giờ cao điểm."", ""Khách hàng đánh giá mức độ hài lòng ở mức khá."", ""Khách hàng mong muốn nhân viên tư vấn chi tiết hơn.""]"
EMP0049,Nguyễn Thị Bình,Độc thân,Cao đẳng,17,"[""Giải quyết khiếu nại nhanh, khách hàng hài lòng với kết quả."", ""Tư vấn chi tiết, thái độ chuyên nghiệp và thân thiện."", ""Khách hàng đánh giá cao sự chủ động và trách nhiệm của bộ phận hỗ trợ."", ""Chăm sóc khách hàng tốt, thời gian phản hồi ngắn."", ""Một số thắc mắc phải liên hệ nhiều lần mới được giải quyết."", ""Khách hàng không có thêm phản hồi về chất lượng hỗ trợ."", ""Khách hàng mong muốn nhân viên tư vấn chi tiết hơn."", ""Khách hàng phản ánh thời gian phản hồi còn chậm nhưng vấn đề đã được xử lý."", ""Hỗ trợ nhanh chóng, tư vấn rõ ràng, khách hàng hài lòng với trải nghiệm."", ""Nhân viên giao tiếp tốt, xử lý yêu cầu đúng hẹn và tận tâm."", ""Dịch vụ ổn định, nhân viên luôn sẵn sàng hỗ trợ khi cần."", ""Phản hồi thắc mắc đầy đủ, hỗ trợ xuyên suốt quá trình đặt hàng."", ""Khách hàng đánh giá nhân viên hỗ trợ rất nhiệt tình, phản hồi nhanh và giải quyết vấn đề hiệu quả."", ""Cần cải thiện tốc độ hỗ trợ vào giờ cao điểm."", ""Khách hàng đánh giá mức độ hài lòng ở mức khá."", ""Dịch vụ đáp ứng yêu cầu cơ bản, chưa phát sinh vấn đề đáng kể."", ""Quá trình hỗ trợ diễn ra bình thường, đúng quy trình."", ""Dịch vụ chăm sóc khách hàng chuyên nghiệp, thái độ thân thiện và lịch sự.""]"
EMP0050,Huỳnh Gia Quân,Độc thân,Cao đẳng,18,"[""Dịch vụ đáp ứng yêu cầu cơ bản, chưa phát sinh vấn đề đáng kể."", ""Chăm sóc khách hàng tốt, thời gian phản hồi ngắn."", ""Quá trình hỗ trợ diễn ra bình thường, đúng quy trình."", ""Phản hồi thắc mắc đầy đủ, hỗ trợ xuyên suốt quá trình đặt hàng."", ""Dịch vụ chăm sóc khách hàng chuyên nghiệp, thái độ thân thiện và lịch sự."", ""Khách hàng đánh giá nhân viên hỗ trợ rất nhiệt tình, phản hồi nhanh và giải quyết vấn đề hiệu quả."", ""Dịch vụ ổn định, nhân viên luôn sẵn sàng hỗ trợ khi cần."", ""Nhân viên giao tiếp tốt, xử lý yêu cầu đúng hẹn và tận tâm."", ""Giải quyết khiếu nại nhanh, khách hàng hài lòng với kết quả."", ""Khách hàng không có thêm phản hồi về chất lượng hỗ trợ."", ""Hỗ trợ nhanh chóng, tư vấn rõ ràng, khách hàng hài lòng với trải nghiệm."", ""Khách hàng đánh giá mức độ hài lòng ở mức khá."", ""Khách hàng đánh giá cao sự chủ động và trách nhiệm của bộ phận hỗ trợ."", ""Tư vấn chi tiết, thái độ chuyên nghiệp và thân thiện."", ""Khách hàng phản ánh thời gian phản hồi còn chậm nhưng vấn đề đã được xử lý."", ""Khách hàng mong muốn nhân viên tư vấn chi tiết hơn."", ""Cần cải thiện tốc độ hỗ trợ vào giờ cao điểm."", ""Một số thắc mắc phải liên hệ nhiều lần mới được giải quyết.""]"
EMP0051,Dương Anh Hùng,Đã kết hôn,Trung cấp,20,"[""Dịch vụ đáp ứng yêu cầu cơ bản, chưa phát sinh vấn đề đáng kể."", ""Nhân viên giao tiếp tốt, xử lý yêu cầu đúng hẹn và tận tâm."", ""Dịch vụ ổn định, nhân viên luôn sẵn sàng hỗ trợ khi cần."", ""Quá trình hỗ trợ diễn ra bình thường, đúng quy trình."", ""Dịch vụ chăm sóc khách hàng chuyên nghiệp, thái độ thân thiện và lịch sự."", ""Tư vấn chi tiết, thái độ chuyên nghiệp và thân thiện."", ""Khách hàng đánh giá nhân viên hỗ trợ rất nhiệt tình, phản hồi nhanh và giải quyết vấn đề hiệu quả."", ""Giải quyết khiếu nại nhanh, khách hàng hài lòng với kết quả."", ""Khách hàng đánh giá mức độ hài lòng ở mức khá."", ""Khách hàng mong muốn nhân viên tư vấn chi tiết hơn."", ""Khách hàng không có thêm phản hồi về chất lượng hỗ trợ."", ""Phản hồi thắc mắc đầy đủ, hỗ trợ xuyên suốt quá trình đặt hàng."", ""Hỗ trợ nhanh chóng, tư vấn rõ ràng, khách hàng hài lòng với trải nghiệm."", ""Khách hàng đánh giá cao sự chủ động và trách nhiệm của bộ phận hỗ trợ."", ""Chăm sóc khách hàng tốt, thời gian phản hồi ngắn."", ""Cần cải thiện tốc độ hỗ trợ vào giờ cao điểm."", ""Một số thắc mắc phải liên hệ nhiều lần mới được giải quyết."", ""Khách hàng phản ánh thời gian phản hồi còn chậm nhưng vấn đề đã được xử lý.""]"
EMP0052,Dương Văn Dũng,Độc thân,Đại học,5,"[""Nhân viên giao tiếp tốt, xử lý yêu cầu đúng hẹn và tận tâm."", ""Phản hồi thắc mắc đầy đủ, hỗ trợ xuyên suốt quá trình đặt hàng."", ""Khách hàng đánh giá nhân viên hỗ trợ rất nhiệt tình, phản hồi nhanh và giải quyết vấn đề hiệu quả."", ""Giải quyết khiếu nại nhanh, khách hàng hài lòng với kết quả."", ""Khách hàng đánh giá cao sự chủ động và trách nhiệm của bộ phận hỗ trợ."", ""Hỗ trợ nhanh chóng, tư vấn rõ ràng, khách hàng hài lòng với trải nghiệm."", ""Dịch vụ ổn định, nhân viên luôn sẵn sàng hỗ trợ khi cần."", ""Dịch vụ chăm sóc khách hàng chuyên nghiệp, thái độ thân thiện và lịch sự."", ""Khách hàng đánh giá mức độ hài lòng ở mức khá."", ""Dịch vụ đáp ứng yêu cầu cơ bản, chưa phát sinh vấn đề đáng kể."", ""Khách hàng phản ánh thời gian phản hồi còn chậm nhưng vấn đề đã được xử lý."", ""Một số thắc mắc phải liên hệ nhiều lần mới được giải quyết."", ""Quá trình hỗ trợ diễn ra bình thường, đúng quy trình."", ""Chăm sóc khách hàng tốt, thời gian phản hồi ngắn."", ""Tư vấn chi tiết, thái độ chuyên nghiệp và thân thiện."", ""Khách hàng mong muốn nhân viên tư vấn chi tiết hơn."", ""Cần cải thiện tốc độ hỗ trợ vào giờ cao điểm."", ""Khách hàng không có thêm phản hồi về chất lượng hỗ trợ.""]"
EMP0053,Dương Thị Hà,Đã kết hôn,Đại học,11,"[""Chăm sóc khách hàng tốt, thời gian phản hồi ngắn."", ""Phản hồi thắc mắc đầy đủ, hỗ trợ xuyên suốt quá trình đặt hàng."", ""Khách hàng đánh giá nhân viên hỗ trợ rất nhiệt tình, phản hồi nhanh và giải quyết vấn đề hiệu quả."", ""Dịch vụ ổn định, nhân viên luôn sẵn sàng hỗ trợ khi cần."", ""Nhân viên giao tiếp tốt, xử lý yêu cầu đúng hẹn và tận tâm."", ""Giải quyết khiếu nại nhanh, khách hàng hài lòng với kết quả."", ""Khách hàng không có thêm phản hồi về chất lượng hỗ trợ."", ""Khách hàng đánh giá mức độ hài lòng ở mức khá."", ""Quá trình hỗ trợ diễn ra bình thường, đúng quy trình."", ""Khách hàng đánh giá cao sự chủ động và trách nhiệm của bộ phận hỗ trợ."", ""Tư vấn chi tiết, thái độ chuyên nghiệp và thân thiện."", ""Hỗ trợ nhanh chóng, tư vấn rõ ràng, khách hàng hài lòng với trải nghiệm."", ""Dịch vụ đáp ứng yêu cầu cơ bản, chưa phát sinh vấn đề đáng kể."", ""Dịch vụ chăm sóc khách hàng chuyên nghiệp, thái độ thân thiện và lịch sự."", ""Khách hàng mong muốn nhân viên tư vấn chi tiết hơn."", ""Cần cải thiện tốc độ hỗ trợ vào giờ cao điểm."", ""Khách hàng phản ánh thời gian phản hồi còn chậm nhưng vấn đề đã được xử lý."", ""Một số thắc mắc phải liên hệ nhiều lần mới được giải quyết.""]"
EMP0054,Phan Thị Uyên,Đã kết hôn,Đại học,17,"[""Nhân viên giao tiếp tốt, xử lý yêu cầu đúng hẹn và tận tâm."", ""Khách hàng đánh giá cao sự chủ động và trách nhiệm của bộ phận hỗ trợ."", ""Hỗ trợ nhanh chóng, tư vấn rõ ràng, khách hàng hài lòng với trải nghiệm."", ""Giải quyết khiếu nại nhanh, khách hàng hài lòng với kết quả."", ""Khách hàng mong muốn nhân viên tư vấn chi tiết hơn."", ""Dịch vụ đáp ứng yêu cầu cơ bản, chưa phát sinh vấn đề đáng kể."", ""Phản hồi thắc mắc đầy đủ, hỗ trợ xuyên suốt quá trình đặt hàng."", ""Khách hàng đánh giá mức độ hài lòng ở mức khá."", ""Dịch vụ chăm sóc khách hàng chuyên nghiệp, thái độ thân thiện và lịch sự."", ""Chăm sóc khách hàng tốt, thời gian phản hồi ngắn."", ""Một số thắc mắc phải liên hệ nhiều lần mới được giải quyết."", ""Cần cải thiện tốc độ hỗ trợ vào giờ cao điểm."", ""Quá trình hỗ trợ diễn ra bình thường, đúng quy trình."", ""Dịch vụ ổn định, nhân viên luôn sẵn sàng hỗ trợ khi cần."", ""Khách hàng không có thêm phản hồi về chất lượng hỗ trợ."", ""Khách hàng phản ánh thời gian phản hồi còn chậm nhưng vấn đề đã được xử lý."", ""Khách hàng đánh giá nhân viên hỗ trợ rất nhiệt tình, phản hồi nhanh và giải quyết vấn đề hiệu quả."", ""Tư vấn chi tiết, thái độ chuyên nghiệp và thân thiện.""]"
EMP0055,Hồ Thị Lan,Đã kết hôn,Đại học,3,"[""Cần cải thiện tốc độ hỗ trợ vào giờ cao điểm."", ""Khách hàng đánh giá nhân viên hỗ trợ rất nhiệt tình, phản hồi nhanh và giải quyết vấn đề hiệu quả."", ""Hỗ trợ nhanh chóng, tư vấn rõ ràng, khách hàng hài lòng với trải nghiệm."", ""Dịch vụ ổn định, nhân viên luôn sẵn sàng hỗ trợ khi cần."", ""Khách hàng đánh giá mức độ hài lòng ở mức khá."", ""Phản hồi thắc mắc đầy đủ, hỗ trợ xuyên suốt quá trình đặt hàng."", ""Dịch vụ chăm sóc khách hàng chuyên nghiệp, thái độ thân thiện và lịch sự."", ""Chăm sóc khách hàng tốt, thời gian phản hồi ngắn."", ""Quá trình hỗ trợ diễn ra bình thường, đúng quy trình."", ""Nhân viên giao tiếp tốt, xử lý yêu cầu đúng hẹn và tận tâm."", ""Tư vấn chi tiết, thái độ chuyên nghiệp và thân thiện."", ""Khách hàng không có thêm phản hồi về chất lượng hỗ trợ."", ""Khách hàng đánh giá cao sự chủ động và trách nhiệm của bộ phận hỗ trợ."", ""Khách hàng mong muốn nhân viên tư vấn chi tiết hơn."", ""Giải quyết khiếu nại nhanh, khách hàng hài lòng với kết quả."", ""Khách hàng phản ánh thời gian phản hồi còn chậm nhưng vấn đề đã được xử lý."", ""Dịch vụ đáp ứng yêu cầu cơ bản, chưa phát sinh vấn đề đáng kể."", ""Một số thắc mắc phải liên hệ nhiều lần mới được giải quyết.""]"
EMP0056,Dương Minh Cường,Đã kết hôn,Sau đại học,10,"[""Giải quyết khiếu nại nhanh, khách hàng hài lòng với kết quả."", ""Khách hàng mong muốn nhân viên tư vấn chi tiết hơn."", ""Dịch vụ đáp ứng yêu cầu cơ bản, chưa phát sinh vấn đề đáng kể."", ""Phản hồi thắc mắc đầy đủ, hỗ trợ xuyên suốt quá trình đặt hàng."", ""Dịch vụ chăm sóc khách hàng chuyên nghiệp, thái độ thân thiện và lịch sự."", ""Khách hàng đánh giá cao sự chủ động và trách nhiệm của bộ phận hỗ trợ."", ""Cần cải thiện tốc độ hỗ trợ vào giờ cao điểm."", ""Khách hàng phản ánh thời gian phản hồi còn chậm nhưng vấn đề đã được xử lý."", ""Dịch vụ ổn định, nhân viên luôn sẵn sàng hỗ trợ khi cần."", ""Nhân viên giao tiếp tốt, xử lý yêu cầu đúng hẹn và tận tâm."", ""Chăm sóc khách hàng tốt, thời gian phản hồi ngắn."", ""Hỗ trợ nhanh chóng, tư vấn rõ ràng, khách hàng hài lòng với trải nghiệm."", ""Quá trình hỗ trợ diễn ra bình thường, đúng quy trình."", ""Khách hàng đánh giá nhân viên hỗ trợ rất nhiệt tình, phản hồi nhanh và giải quyết vấn đề hiệu quả."", ""Khách hàng đánh giá mức độ hài lòng ở mức khá."", ""Khách hàng không có thêm phản hồi về chất lượng hỗ trợ."", ""Tư vấn chi tiết, thái độ chuyên nghiệp và thân thiện."", ""Một số thắc mắc phải liên hệ nhiều lần mới được giải quyết.""]"
EMP0057,Vũ Hữu Yến,Độc thân,Đại học,19,"[""Khách hàng đánh giá cao sự chủ động và trách nhiệm của bộ phận hỗ trợ."", ""Khách hàng đánh giá nhân viên hỗ trợ rất nhiệt tình, phản hồi nhanh và giải quyết vấn đề hiệu quả."", ""Chăm sóc khách hàng tốt, thời gian phản hồi ngắn."", ""Hỗ trợ nhanh chóng, tư vấn rõ ràng, khách hàng hài lòng với trải nghiệm."", ""Giải quyết khiếu nại nhanh, khách hàng hài lòng với kết quả."", ""Dịch vụ ổn định, nhân viên luôn sẵn sàng hỗ trợ khi cần."", ""Dịch vụ chăm sóc khách hàng chuyên nghiệp, thái độ thân thiện và lịch sự."", ""Tư vấn chi tiết, thái độ chuyên nghiệp và thân thiện."", ""Khách hàng phản ánh thời gian phản hồi còn chậm nhưng vấn đề đã được xử lý."", ""Khách hàng không có thêm phản hồi về chất lượng hỗ trợ."", ""Một số thắc mắc phải liên hệ nhiều lần mới được giải quyết."", ""Quá trình hỗ trợ diễn ra bình thường, đúng quy trình."", ""Dịch vụ đáp ứng yêu cầu cơ bản, chưa phát sinh vấn đề đáng kể."", ""Nhân viên giao tiếp tốt, xử lý yêu cầu đúng hẹn và tận tâm."", ""Phản hồi thắc mắc đầy đủ, hỗ trợ xuyên suốt quá trình đặt hàng."", ""Cần cải thiện tốc độ hỗ trợ vào giờ cao điểm."", ""Khách hàng đánh giá mức độ hài lòng ở mức khá."", ""Khách hàng mong muốn nhân viên tư vấn chi tiết hơn.""]"
EMP0058,Lê Thanh Trang,Độc thân,Đại học,3,"[""Hỗ trợ nhanh chóng, tư vấn rõ ràng, khách hàng hài lòng với trải nghiệm."", ""Khách hàng đánh giá nhân viên hỗ trợ rất nhiệt tình, phản hồi nhanh và giải quyết vấn đề hiệu quả."", ""Dịch vụ chăm sóc khách hàng chuyên nghiệp, thái độ thân thiện và lịch sự."", ""Nhân viên giao tiếp tốt, xử lý yêu cầu đúng hẹn và tận tâm."", ""Chăm sóc khách hàng tốt, thời gian phản hồi ngắn."", ""Khách hàng phản ánh thời gian phản hồi còn chậm nhưng vấn đề đã được xử lý."", ""Tư vấn chi tiết, thái độ chuyên nghiệp và thân thiện."", ""Phản hồi thắc mắc đầy đủ, hỗ trợ xuyên suốt quá trình đặt hàng."", ""Dịch vụ đáp ứng yêu cầu cơ bản, chưa phát sinh vấn đề đáng kể."", ""Dịch vụ ổn định, nhân viên luôn sẵn sàng hỗ trợ khi cần."", ""Quá trình hỗ trợ diễn ra bình thường, đúng quy trình."", ""Giải quyết khiếu nại nhanh, khách hàng hài lòng với kết quả."", ""Khách hàng mong muốn nhân viên tư vấn chi tiết hơn."", ""Một số thắc mắc phải liên hệ nhiều lần mới được giải quyết."", ""Khách hàng không có thêm phản hồi về chất lượng hỗ trợ."", ""Khách hàng đánh giá cao sự chủ động và trách nhiệm của bộ phận hỗ trợ."", ""Cần cải thiện tốc độ hỗ trợ vào giờ cao điểm."", ""Khách hàng đánh giá mức độ hài lòng ở mức khá.""]"
EMP0059,Nguyễn Đức Dũng,Đã kết hôn,Đại học,12,"[""Nhân viên giao tiếp tốt, xử lý yêu cầu đúng hẹn và tận tâm."", ""Giải quyết khiếu nại nhanh, khách hàng hài lòng với kết quả."", ""Dịch vụ ổn định, nhân viên luôn sẵn sàng hỗ trợ khi cần."", ""Khách hàng không có thêm phản hồi về chất lượng hỗ trợ."", ""Hỗ trợ nhanh chóng, tư vấn rõ ràng, khách hàng hài lòng với trải nghiệm."", ""Tư vấn chi tiết, thái độ chuyên nghiệp và thân thiện."", ""Dịch vụ đáp ứng yêu cầu cơ bản, chưa phát sinh vấn đề đáng kể."", ""Dịch vụ chăm sóc khách hàng chuyên nghiệp, thái độ thân thiện và lịch sự."", ""Khách hàng đánh giá mức độ hài lòng ở mức khá."", ""Chăm sóc khách hàng tốt, thời gian phản hồi ngắn."", ""Quá trình hỗ trợ diễn ra bình thường, đúng quy trình."", ""Khách hàng mong muốn nhân viên tư vấn chi tiết hơn."", ""Khách hàng đánh giá cao sự chủ động và trách nhiệm của bộ phận hỗ trợ."", ""Khách hàng đánh giá nhân viên hỗ trợ rất nhiệt tình, phản hồi nhanh và giải quyết vấn đề hiệu quả."", ""Phản hồi thắc mắc đầy đủ, hỗ trợ xuyên suốt quá trình đặt hàng."", ""Khách hàng phản ánh thời gian phản hồi còn chậm nhưng vấn đề đã được xử lý."", ""Cần cải thiện tốc độ hỗ trợ vào giờ cao điểm."", ""Một số thắc mắc phải liên hệ nhiều lần mới được giải quyết.""]"
EMP0060,Phan Quốc Oanh,Độc thân,Trung cấp,16,"[""Giải quyết khiếu nại nhanh, khách hàng hài lòng với kết quả."", ""Khách hàng đánh giá mức độ hài lòng ở mức khá."", ""Hỗ trợ nhanh chóng, tư vấn rõ ràng, khách hàng hài lòng với trải nghiệm."", ""Dịch vụ ổn định, nhân viên luôn sẵn sàng hỗ trợ khi cần."", ""Chăm sóc khách hàng tốt, thời gian phản hồi ngắn."", ""Phản hồi thắc mắc đầy đủ, hỗ trợ xuyên suốt quá trình đặt hàng."", ""Khách hàng mong muốn nhân viên tư vấn chi tiết hơn."", ""Nhân viên giao tiếp tốt, xử lý yêu cầu đúng hẹn và tận tâm."", ""Quá trình hỗ trợ diễn ra bình thường, đúng quy trình."", ""Khách hàng không có thêm phản hồi về chất lượng hỗ trợ."", ""Tư vấn chi tiết, thái độ chuyên nghiệp và thân thiện."", ""Dịch vụ chăm sóc khách hàng chuyên nghiệp, thái độ thân thiện và lịch sự."", ""Dịch vụ đáp ứng yêu cầu cơ bản, chưa phát sinh vấn đề đáng kể."", ""Khách hàng đánh giá cao sự chủ động và trách nhiệm của bộ phận hỗ trợ."", ""Khách hàng đánh giá nhân viên hỗ trợ rất nhiệt tình, phản hồi nhanh và giải quyết vấn đề hiệu quả."", ""Cần cải thiện tốc độ hỗ trợ vào giờ cao điểm."", ""Một số thắc mắc phải liên hệ nhiều lần mới được giải quyết."", ""Khách hàng phản ánh thời gian phản hồi còn chậm nhưng vấn đề đã được xử lý.""]"
EMP0061,Hoàng Ngọc Hà,Độc thân,Đại học,16,"[""Hỗ trợ nhanh chóng, tư vấn rõ ràng, khách hàng hài lòng với trải nghiệm."", ""Chăm sóc khách hàng tốt, thời gian phản hồi ngắn."", ""Nhân viên giao tiếp tốt, xử lý yêu cầu đúng hẹn và tận tâm."", ""Dịch vụ đáp ứng yêu cầu cơ bản, chưa phát sinh vấn đề đáng kể."", ""Tư vấn chi tiết, thái độ chuyên nghiệp và thân thiện."", ""Quá trình hỗ trợ diễn ra bình thường, đúng quy trình."", ""Phản hồi thắc mắc đầy đủ, hỗ trợ xuyên suốt quá trình đặt hàng."", ""Khách hàng đánh giá nhân viên hỗ trợ rất nhiệt tình, phản hồi nhanh và giải quyết vấn đề hiệu quả."", ""Giải quyết khiếu nại nhanh, khách hàng hài lòng với kết quả."", ""Khách hàng không có thêm phản hồi về chất lượng hỗ trợ."", ""Khách hàng phản ánh thời gian phản hồi còn chậm nhưng vấn đề đã được xử lý."", ""Dịch vụ ổn định, nhân viên luôn sẵn sàng hỗ trợ khi cần."", ""Khách hàng đánh giá cao sự chủ động và trách nhiệm của bộ phận hỗ trợ."", ""Khách hàng mong muốn nhân viên tư vấn chi tiết hơn."", ""Khách hàng đánh giá mức độ hài lòng ở mức khá."", ""Dịch vụ chăm sóc khách hàng chuyên nghiệp, thái độ thân thiện và lịch sự."", ""Cần cải thiện tốc độ hỗ trợ vào giờ cao điểm."", ""Một số thắc mắc phải liên hệ nhiều lần mới được giải quyết.""]"
EMP0062,Đỗ Thanh Vy,Đã kết hôn,Đại học,18,"[""Khách hàng không có thêm phản hồi về chất lượng hỗ trợ."", ""Chăm sóc khách hàng tốt, thời gian phản hồi ngắn."", ""Nhân viên giao tiếp tốt, xử lý yêu cầu đúng hẹn và tận tâm."", ""Dịch vụ chăm sóc khách hàng chuyên nghiệp, thái độ thân thiện và lịch sự."", ""Khách hàng đánh giá nhân viên hỗ trợ rất nhiệt tình, phản hồi nhanh và giải quyết vấn đề hiệu quả."", ""Phản hồi thắc mắc đầy đủ, hỗ trợ xuyên suốt quá trình đặt hàng."", ""Tư vấn chi tiết, thái độ chuyên nghiệp và thân thiện."", ""Một số thắc mắc phải liên hệ nhiều lần mới được giải quyết."", ""Dịch vụ đáp ứng yêu cầu cơ bản, chưa phát sinh vấn đề đáng kể."", ""Dịch vụ ổn định, nhân viên luôn sẵn sàng hỗ trợ khi cần."", ""Quá trình hỗ trợ diễn ra bình thường, đúng quy trình."", ""Cần cải thiện tốc độ hỗ trợ vào giờ cao điểm."", ""Giải quyết khiếu nại nhanh, khách hàng hài lòng với kết quả."", ""Khách hàng đánh giá cao sự chủ động và trách nhiệm của bộ phận hỗ trợ."", ""Hỗ trợ nhanh chóng, tư vấn rõ ràng, khách hàng hài lòng với trải nghiệm."", ""Khách hàng phản ánh thời gian phản hồi còn chậm nhưng vấn đề đã được xử lý."", ""Khách hàng đánh giá mức độ hài lòng ở mức khá."", ""Khách hàng mong muốn nhân viên tư vấn chi tiết hơn.""]"
EMP0063,Trần Minh Vy,Đã kết hôn,Sau đại học,9,"[""Cần cải thiện tốc độ hỗ trợ vào giờ cao điểm."", ""Dịch vụ chăm sóc khách hàng chuyên nghiệp, thái độ thân thiện và lịch sự."", ""Dịch vụ đáp ứng yêu cầu cơ bản, chưa phát sinh vấn đề đáng kể."", ""Dịch vụ ổn định, nhân viên luôn sẵn sàng hỗ trợ khi cần."", ""Khách hàng đánh giá nhân viên hỗ trợ rất nhiệt tình, phản hồi nhanh và giải quyết vấn đề hiệu quả."", ""Phản hồi thắc mắc đầy đủ, hỗ trợ xuyên suốt quá trình đặt hàng."", ""Giải quyết khiếu nại nhanh, khách hàng hài lòng với kết quả."", ""Khách hàng đánh giá mức độ hài lòng ở mức khá."", ""Quá trình hỗ trợ diễn ra bình thường, đúng quy trình."", ""Chăm sóc khách hàng tốt, thời gian phản hồi ngắn."", ""Khách hàng không có thêm phản hồi về chất lượng hỗ trợ."", ""Tư vấn chi tiết, thái độ chuyên nghiệp và thân thiện."", ""Một số thắc mắc phải liên hệ nhiều lần mới được giải quyết."", ""Nhân viên giao tiếp tốt, xử lý yêu cầu đúng hẹn và tận tâm."", ""Khách hàng đánh giá cao sự chủ động và trách nhiệm của bộ phận hỗ trợ."", ""Hỗ trợ nhanh chóng, tư vấn rõ ràng, khách hàng hài lòng với trải nghiệm."", ""Khách hàng phản ánh thời gian phản hồi còn chậm nhưng vấn đề đã được xử lý."", ""Khách hàng mong muốn nhân viên tư vấn chi tiết hơn.""]"
EMP0064,Hoàng Quốc Mai,Độc thân,Đại học,5,"[""Nhân viên giao tiếp tốt, xử lý yêu cầu đúng hẹn và tận tâm."", ""Giải quyết khiếu nại nhanh, khách hàng hài lòng với kết quả."", ""Tư vấn chi tiết, thái độ chuyên nghiệp và thân thiện."", ""Phản hồi thắc mắc đầy đủ, hỗ trợ xuyên suốt quá trình đặt hàng."", ""Khách hàng đánh giá nhân viên hỗ trợ rất nhiệt tình, phản hồi nhanh và giải quyết vấn đề hiệu quả."", ""Khách hàng mong muốn nhân viên tư vấn chi tiết hơn."", ""Hỗ trợ nhanh chóng, tư vấn rõ ràng, khách hàng hài lòng với trải nghiệm."", ""Khách hàng không có thêm phản hồi về chất lượng hỗ trợ."", ""Dịch vụ ổn định, nhân viên luôn sẵn sàng hỗ trợ khi cần."", ""Khách hàng đánh giá cao sự chủ động và trách nhiệm của bộ phận hỗ trợ."", ""Chăm sóc khách hàng tốt, thời gian phản hồi ngắn."", ""Dịch vụ chăm sóc khách hàng chuyên nghiệp, thái độ thân thiện và lịch sự."", ""Khách hàng đánh giá mức độ hài lòng ở mức khá."", ""Khách hàng phản ánh thời gian phản hồi còn chậm nhưng vấn đề đã được xử lý."", ""Dịch vụ đáp ứng yêu cầu cơ bản, chưa phát sinh vấn đề đáng kể."", ""Quá trình hỗ trợ diễn ra bình thường, đúng quy trình."", ""Cần cải thiện tốc độ hỗ trợ vào giờ cao điểm."", ""Một số thắc mắc phải liên hệ nhiều lần mới được giải quyết.""]"
EMP0065,Hồ Ngọc Yến,Độc thân,Đại học,3,"[""Khách hàng đánh giá nhân viên hỗ trợ rất nhiệt tình, phản hồi nhanh và giải quyết vấn đề hiệu quả."", ""Dịch vụ đáp ứng yêu cầu cơ bản, chưa phát sinh vấn đề đáng kể."", ""Giải quyết khiếu nại nhanh, khách hàng hài lòng với kết quả."", ""Quá trình hỗ trợ diễn ra bình thường, đúng quy trình."", ""Chăm sóc khách hàng tốt, thời gian phản hồi ngắn."", ""Phản hồi thắc mắc đầy đủ, hỗ trợ xuyên suốt quá trình đặt hàng."", ""Nhân viên giao tiếp tốt, xử lý yêu cầu đúng hẹn và tận tâm."", ""Dịch vụ ổn định, nhân viên luôn sẵn sàng hỗ trợ khi cần."", ""Hỗ trợ nhanh chóng, tư vấn rõ ràng, khách hàng hài lòng với trải nghiệm."", ""Dịch vụ chăm sóc khách hàng chuyên nghiệp, thái độ thân thiện và lịch sự."", ""Khách hàng đánh giá mức độ hài lòng ở mức khá."", ""Tư vấn chi tiết, thái độ chuyên nghiệp và thân thiện."", ""Cần cải thiện tốc độ hỗ trợ vào giờ cao điểm."", ""Khách hàng đánh giá cao sự chủ động và trách nhiệm của bộ phận hỗ trợ."", ""Khách hàng mong muốn nhân viên tư vấn chi tiết hơn."", ""Một số thắc mắc phải liên hệ nhiều lần mới được giải quyết."", ""Khách hàng không có thêm phản hồi về chất lượng hỗ trợ."", ""Khách hàng phản ánh thời gian phản hồi còn chậm nhưng vấn đề đã được xử lý.""]"
EMP0066,Huỳnh Thị Dũng,Độc thân,Trung cấp,17,"[""Khách hàng đánh giá cao sự chủ động và trách nhiệm của bộ phận hỗ trợ."", ""Dịch vụ chăm sóc khách hàng chuyên nghiệp, thái độ thân thiện và lịch sự."", ""Nhân viên giao tiếp tốt, xử lý yêu cầu đúng hẹn và tận tâm."", ""Quá trình hỗ trợ diễn ra bình thường, đúng quy trình."", ""Hỗ trợ nhanh chóng, tư vấn rõ ràng, khách hàng hài lòng với trải nghiệm."", ""Tư vấn chi tiết, thái độ chuyên nghiệp và thân thiện."", ""Phản hồi thắc mắc đầy đủ, hỗ trợ xuyên suốt quá trình đặt hàng."", ""Chăm sóc khách hàng tốt, thời gian phản hồi ngắn."", ""Dịch vụ ổn định, nhân viên luôn sẵn sàng hỗ trợ khi cần."", ""Khách hàng phản ánh thời gian phản hồi còn chậm nhưng vấn đề đã được xử lý."", ""Khách hàng mong muốn nhân viên tư vấn chi tiết hơn."", ""Khách hàng không có thêm phản hồi về chất lượng hỗ trợ."", ""Dịch vụ đáp ứng yêu cầu cơ bản, chưa phát sinh vấn đề đáng kể."", ""Một số thắc mắc phải liên hệ nhiều lần mới được giải quyết."", ""Giải quyết khiếu nại nhanh, khách hàng hài lòng với kết quả."", ""Cần cải thiện tốc độ hỗ trợ vào giờ cao điểm."", ""Khách hàng đánh giá mức độ hài lòng ở mức khá."", ""Khách hàng đánh giá nhân viên hỗ trợ rất nhiệt tình, phản hồi nhanh và giải quyết vấn đề hiệu quả.""]"
EMP0067,Ngô Đức Nam,Độc thân,Cao đẳng,4,"[""Phản hồi thắc mắc đầy đủ, hỗ trợ xuyên suốt quá trình đặt hàng."", ""Giải quyết khiếu nại nhanh, khách hàng hài lòng với kết quả."", ""Khách hàng phản ánh thời gian phản hồi còn chậm nhưng vấn đề đã được xử lý."", ""Dịch vụ ổn định, nhân viên luôn sẵn sàng hỗ trợ khi cần."", ""Tư vấn chi tiết, thái độ chuyên nghiệp và thân thiện."", ""Hỗ trợ nhanh chóng, tư vấn rõ ràng, khách hàng hài lòng với trải nghiệm."", ""Chăm sóc khách hàng tốt, thời gian phản hồi ngắn."", ""Khách hàng đánh giá cao sự chủ động và trách nhiệm của bộ phận hỗ trợ."", ""Nhân viên giao tiếp tốt, xử lý yêu cầu đúng hẹn và tận tâm."", ""Dịch vụ chăm sóc khách hàng chuyên nghiệp, thái độ thân thiện và lịch sự."", ""Cần cải thiện tốc độ hỗ trợ vào giờ cao điểm."", ""Khách hàng không có thêm phản hồi về chất lượng hỗ trợ."", ""Khách hàng đánh giá mức độ hài lòng ở mức khá."", ""Khách hàng mong muốn nhân viên tư vấn chi tiết hơn."", ""Một số thắc mắc phải liên hệ nhiều lần mới được giải quyết."", ""Khách hàng đánh giá nhân viên hỗ trợ rất nhiệt tình, phản hồi nhanh và giải quyết vấn đề hiệu quả."", ""Quá trình hỗ trợ diễn ra bình thường, đúng quy trình."", ""Dịch vụ đáp ứng yêu cầu cơ bản, chưa phát sinh vấn đề đáng kể.""]"
EMP0068,Phan Thị Mai,Độc thân,Cao đẳng,1,"[""Giải quyết khiếu nại nhanh, khách hàng hài lòng với kết quả."", ""Khách hàng đánh giá mức độ hài lòng ở mức khá."", ""Dịch vụ đáp ứng yêu cầu cơ bản, chưa phát sinh vấn đề đáng kể."", ""Khách hàng đánh giá cao sự chủ động và trách nhiệm của bộ phận hỗ trợ."", ""Quá trình hỗ trợ diễn ra bình thường, đúng quy trình."", ""Một số thắc mắc phải liên hệ nhiều lần mới được giải quyết."", ""Khách hàng mong muốn nhân viên tư vấn chi tiết hơn."", ""Chăm sóc khách hàng tốt, thời gian phản hồi ngắn."", ""Tư vấn chi tiết, thái độ chuyên nghiệp và thân thiện."", ""Nhân viên giao tiếp tốt, xử lý yêu cầu đúng hẹn và tận tâm."", ""Khách hàng không có thêm phản hồi về chất lượng hỗ trợ."", ""Dịch vụ chăm sóc khách hàng chuyên nghiệp, thái độ thân thiện và lịch sự."", ""Dịch vụ ổn định, nhân viên luôn sẵn sàng hỗ trợ khi cần."", ""Khách hàng đánh giá nhân viên hỗ trợ rất nhiệt tình, phản hồi nhanh và giải quyết vấn đề hiệu quả."", ""Khách hàng phản ánh thời gian phản hồi còn chậm nhưng vấn đề đã được xử lý."", ""Phản hồi thắc mắc đầy đủ, hỗ trợ xuyên suốt quá trình đặt hàng."", ""Hỗ trợ nhanh chóng, tư vấn rõ ràng, khách hàng hài lòng với trải nghiệm."", ""Cần cải thiện tốc độ hỗ trợ vào giờ cao điểm.""]"
EMP0069,Hồ Văn Lan,Đã kết hôn,Đại học,12,"[""Khách hàng không có thêm phản hồi về chất lượng hỗ trợ."", ""Khách hàng đánh giá mức độ hài lòng ở mức khá."", ""Khách hàng đánh giá cao sự chủ động và trách nhiệm của bộ phận hỗ trợ."", ""Khách hàng mong muốn nhân viên tư vấn chi tiết hơn."", ""Chăm sóc khách hàng tốt, thời gian phản hồi ngắn."", ""Khách hàng đánh giá nhân viên hỗ trợ rất nhiệt tình, phản hồi nhanh và giải quyết vấn đề hiệu quả."", ""Nhân viên giao tiếp tốt, xử lý yêu cầu đúng hẹn và tận tâm."", ""Hỗ trợ nhanh chóng, tư vấn rõ ràng, khách hàng hài lòng với trải nghiệm."", ""Phản hồi thắc mắc đầy đủ, hỗ trợ xuyên suốt quá trình đặt hàng."", ""Khách hàng phản ánh thời gian phản hồi còn chậm nhưng vấn đề đã được xử lý."", ""Dịch vụ ổn định, nhân viên luôn sẵn sàng hỗ trợ khi cần."", ""Dịch vụ đáp ứng yêu cầu cơ bản, chưa phát sinh vấn đề đáng kể."", ""Giải quyết khiếu nại nhanh, khách hàng hài lòng với kết quả."", ""Dịch vụ chăm sóc khách hàng chuyên nghiệp, thái độ thân thiện và lịch sự."", ""Quá trình hỗ trợ diễn ra bình thường, đúng quy trình."", ""Tư vấn chi tiết, thái độ chuyên nghiệp và thân thiện."", ""Cần cải thiện tốc độ hỗ trợ vào giờ cao điểm."", ""Một số thắc mắc phải liên hệ nhiều lần mới được giải quyết.""]"
EMP0070,Hồ Minh Yến,Đã kết hôn,Sau đại học,11,"[""Khách hàng đánh giá cao sự chủ động và trách nhiệm của bộ phận hỗ trợ."", ""Dịch vụ ổn định, nhân viên luôn sẵn sàng hỗ trợ khi cần."", ""Nhân viên giao tiếp tốt, xử lý yêu cầu đúng hẹn và tận tâm."", ""Giải quyết khiếu nại nhanh, khách hàng hài lòng với kết quả."", ""Chăm sóc khách hàng tốt, thời gian phản hồi ngắn."", ""Phản hồi thắc mắc đầy đủ, hỗ trợ xuyên suốt quá trình đặt hàng."", ""Dịch vụ chăm sóc khách hàng chuyên nghiệp, thái độ thân thiện và lịch sự."", ""Hỗ trợ nhanh chóng, tư vấn rõ ràng, khách hàng hài lòng với trải nghiệm."", ""Khách hàng đánh giá mức độ hài lòng ở mức khá."", ""Tư vấn chi tiết, thái độ chuyên nghiệp và thân thiện."", ""Quá trình hỗ trợ diễn ra bình thường, đúng quy trình."", ""Khách hàng đánh giá nhân viên hỗ trợ rất nhiệt tình, phản hồi nhanh và giải quyết vấn đề hiệu quả."", ""Khách hàng phản ánh thời gian phản hồi còn chậm nhưng vấn đề đã được xử lý."", ""Khách hàng không có thêm phản hồi về chất lượng hỗ trợ."", ""Dịch vụ đáp ứng yêu cầu cơ bản, chưa phát sinh vấn đề đáng kể."", ""Khách hàng mong muốn nhân viên tư vấn chi tiết hơn."", ""Một số thắc mắc phải liên hệ nhiều lần mới được giải quyết."", ""Cần cải thiện tốc độ hỗ trợ vào giờ cao điểm.""]"
EMP0071,Võ Văn Linh,Độc thân,Cao đẳng,4,"[""Dịch vụ ổn định, nhân viên luôn sẵn sàng hỗ trợ khi cần."", ""Phản hồi thắc mắc đầy đủ, hỗ trợ xuyên suốt quá trình đặt hàng."", ""Tư vấn chi tiết, thái độ chuyên nghiệp và thân thiện."", ""Hỗ trợ nhanh chóng, tư vấn rõ ràng, khách hàng hài lòng với trải nghiệm."", ""Khách hàng đánh giá nhân viên hỗ trợ rất nhiệt tình, phản hồi nhanh và giải quyết vấn đề hiệu quả."", ""Dịch vụ chăm sóc khách hàng chuyên nghiệp, thái độ thân thiện và lịch sự."", ""Khách hàng đánh giá cao sự chủ động và trách nhiệm của bộ phận hỗ trợ."", ""Dịch vụ đáp ứng yêu cầu cơ bản, chưa phát sinh vấn đề đáng kể."", ""Nhân viên giao tiếp tốt, xử lý yêu cầu đúng hẹn và tận tâm."", ""Khách hàng đánh giá mức độ hài lòng ở mức khá."", ""Chăm sóc khách hàng tốt, thời gian phản hồi ngắn."", ""Quá trình hỗ trợ diễn ra bình thường, đúng quy trình."", ""Giải quyết khiếu nại nhanh, khách hàng hài lòng với kết quả."", ""Một số thắc mắc phải liên hệ nhiều lần mới được giải quyết."", ""Khách hàng mong muốn nhân viên tư vấn chi tiết hơn."", ""Cần cải thiện tốc độ hỗ trợ vào giờ cao điểm."", ""Khách hàng không có thêm phản hồi về chất lượng hỗ trợ."", ""Khách hàng phản ánh thời gian phản hồi còn chậm nhưng vấn đề đã được xử lý.""]"
EMP0072,Đặng Gia Vy,Độc thân,Đại học,9,"[""Tư vấn chi tiết, thái độ chuyên nghiệp và thân thiện."", ""Khách hàng đánh giá cao sự chủ động và trách nhiệm của bộ phận hỗ trợ."", ""Khách hàng không có thêm phản hồi về chất lượng hỗ trợ."", ""Hỗ trợ nhanh chóng, tư vấn rõ ràng, khách hàng hài lòng với trải nghiệm."", ""Khách hàng đánh giá nhân viên hỗ trợ rất nhiệt tình, phản hồi nhanh và giải quyết vấn đề hiệu quả."", ""Phản hồi thắc mắc đầy đủ, hỗ trợ xuyên suốt quá trình đặt hàng."", ""Dịch vụ đáp ứng yêu cầu cơ bản, chưa phát sinh vấn đề đáng kể."", ""Nhân viên giao tiếp tốt, xử lý yêu cầu đúng hẹn và tận tâm."", ""Giải quyết khiếu nại nhanh, khách hàng hài lòng với kết quả."", ""Khách hàng mong muốn nhân viên tư vấn chi tiết hơn."", ""Quá trình hỗ trợ diễn ra bình thường, đúng quy trình."", ""Chăm sóc khách hàng tốt, thời gian phản hồi ngắn."", ""Dịch vụ chăm sóc khách hàng chuyên nghiệp, thái độ thân thiện và lịch sự."", ""Khách hàng phản ánh thời gian phản hồi còn chậm nhưng vấn đề đã được xử lý."", ""Cần cải thiện tốc độ hỗ trợ vào giờ cao điểm."", ""Khách hàng đánh giá mức độ hài lòng ở mức khá."", ""Dịch vụ ổn định, nhân viên luôn sẵn sàng hỗ trợ khi cần."", ""Một số thắc mắc phải liên hệ nhiều lần mới được giải quyết.""]"
EMP0073,Ngô Gia Uyên,Đã kết hôn,Trung cấp,3,"[""Dịch vụ chăm sóc khách hàng chuyên nghiệp, thái độ thân thiện và lịch sự."", ""Tư vấn chi tiết, thái độ chuyên nghiệp và thân thiện."", ""Quá trình hỗ trợ diễn ra bình thường, đúng quy trình."", ""Khách hàng đánh giá mức độ hài lòng ở mức khá."", ""Khách hàng đánh giá cao sự chủ động và trách nhiệm của bộ phận hỗ trợ."", ""Phản hồi thắc mắc đầy đủ, hỗ trợ xuyên suốt quá trình đặt hàng."", ""Một số thắc mắc phải liên hệ nhiều lần mới được giải quyết."", ""Giải quyết khiếu nại nhanh, khách hàng hài lòng với kết quả."", ""Nhân viên giao tiếp tốt, xử lý yêu cầu đúng hẹn và tận tâm."", ""Cần cải thiện tốc độ hỗ trợ vào giờ cao điểm."", ""Chăm sóc khách hàng tốt, thời gian phản hồi ngắn."", ""Khách hàng không có thêm phản hồi về chất lượng hỗ trợ."", ""Hỗ trợ nhanh chóng, tư vấn rõ ràng, khách hàng hài lòng với trải nghiệm."", ""Dịch vụ ổn định, nhân viên luôn sẵn sàng hỗ trợ khi cần."", ""Khách hàng đánh giá nhân viên hỗ trợ rất nhiệt tình, phản hồi nhanh và giải quyết vấn đề hiệu quả."", ""Khách hàng mong muốn nhân viên tư vấn chi tiết hơn."", ""Dịch vụ đáp ứng yêu cầu cơ bản, chưa phát sinh vấn đề đáng kể."", ""Khách hàng phản ánh thời gian phản hồi còn chậm nhưng vấn đề đã được xử lý.""]"
EMP0074,Phan Đức Phúc,Đã kết hôn,Sau đại học,2,"[""Tư vấn chi tiết, thái độ chuyên nghiệp và thân thiện."", ""Dịch vụ ổn định, nhân viên luôn sẵn sàng hỗ trợ khi cần."", ""Dịch vụ chăm sóc khách hàng chuyên nghiệp, thái độ thân thiện và lịch sự."", ""Khách hàng đánh giá mức độ hài lòng ở mức khá."", ""Phản hồi thắc mắc đầy đủ, hỗ trợ xuyên suốt quá trình đặt hàng."", ""Quá trình hỗ trợ diễn ra bình thường, đúng quy trình."", ""Chăm sóc khách hàng tốt, thời gian phản hồi ngắn."", ""Dịch vụ đáp ứng yêu cầu cơ bản, chưa phát sinh vấn đề đáng kể."", ""Một số thắc mắc phải liên hệ nhiều lần mới được giải quyết."", ""Khách hàng đánh giá nhân viên hỗ trợ rất nhiệt tình, phản hồi nhanh và giải quyết vấn đề hiệu quả."", ""Cần cải thiện tốc độ hỗ trợ vào giờ cao điểm."", ""Hỗ trợ nhanh chóng, tư vấn rõ ràng, khách hàng hài lòng với trải nghiệm."", ""Nhân viên giao tiếp tốt, xử lý yêu cầu đúng hẹn và tận tâm."", ""Khách hàng mong muốn nhân viên tư vấn chi tiết hơn."", ""Khách hàng đánh giá cao sự chủ động và trách nhiệm của bộ phận hỗ trợ."", ""Giải quyết khiếu nại nhanh, khách hàng hài lòng với kết quả."", ""Khách hàng không có thêm phản hồi về chất lượng hỗ trợ."", ""Khách hàng phản ánh thời gian phản hồi còn chậm nhưng vấn đề đã được xử lý.""]"
EMP0075,Phạm Đức Hùng,Đã kết hôn,Đại học,17,"[""Chăm sóc khách hàng tốt, thời gian phản hồi ngắn."", ""Khách hàng đánh giá nhân viên hỗ trợ rất nhiệt tình, phản hồi nhanh và giải quyết vấn đề hiệu quả."", ""Dịch vụ đáp ứng yêu cầu cơ bản, chưa phát sinh vấn đề đáng kể."", ""Giải quyết khiếu nại nhanh, khách hàng hài lòng với kết quả."", ""Dịch vụ chăm sóc khách hàng chuyên nghiệp, thái độ thân thiện và lịch sự."", ""Tư vấn chi tiết, thái độ chuyên nghiệp và thân thiện."", ""Phản hồi thắc mắc đầy đủ, hỗ trợ xuyên suốt quá trình đặt hàng."", ""Khách hàng đánh giá mức độ hài lòng ở mức khá."", ""Nhân viên giao tiếp tốt, xử lý yêu cầu đúng hẹn và tận tâm."", ""Khách hàng đánh giá cao sự chủ động và trách nhiệm của bộ phận hỗ trợ."", ""Quá trình hỗ trợ diễn ra bình thường, đúng quy trình."", ""Khách hàng không có thêm phản hồi về chất lượng hỗ trợ."", ""Dịch vụ ổn định, nhân viên luôn sẵn sàng hỗ trợ khi cần."", ""Hỗ trợ nhanh chóng, tư vấn rõ ràng, khách hàng hài lòng với trải nghiệm."", ""Một số thắc mắc phải liên hệ nhiều lần mới được giải quyết."", ""Cần cải thiện tốc độ hỗ trợ vào giờ cao điểm."", ""Khách hàng mong muốn nhân viên tư vấn chi tiết hơn."", ""Khách hàng phản ánh thời gian phản hồi còn chậm nhưng vấn đề đã được xử lý.""]"
EMP0076,Đặng Anh Quân,Đã kết hôn,Đại học,3,"[""Phản hồi thắc mắc đầy đủ, hỗ trợ xuyên suốt quá trình đặt hàng."", ""Chăm sóc khách hàng tốt, thời gian phản hồi ngắn."", ""Dịch vụ ổn định, nhân viên luôn sẵn sàng hỗ trợ khi cần."", ""Giải quyết khiếu nại nhanh, khách hàng hài lòng với kết quả."", ""Cần cải thiện tốc độ hỗ trợ vào giờ cao điểm."", ""Hỗ trợ nhanh chóng, tư vấn rõ ràng, khách hàng hài lòng với trải nghiệm."", ""Tư vấn chi tiết, thái độ chuyên nghiệp và thân thiện."", ""Một số thắc mắc phải liên hệ nhiều lần mới được giải quyết."", ""Nhân viên giao tiếp tốt, xử lý yêu cầu đúng hẹn và tận tâm."", ""Dịch vụ đáp ứng yêu cầu cơ bản, chưa phát sinh vấn đề đáng kể."", ""Dịch vụ chăm sóc khách hàng chuyên nghiệp, thái độ thân thiện và lịch sự."", ""Quá trình hỗ trợ diễn ra bình thường, đúng quy trình."", ""Khách hàng phản ánh thời gian phản hồi còn chậm nhưng vấn đề đã được xử lý."", ""Khách hàng không có thêm phản hồi về chất lượng hỗ trợ."", ""Khách hàng đánh giá mức độ hài lòng ở mức khá."", ""Khách hàng đánh giá nhân viên hỗ trợ rất nhiệt tình, phản hồi nhanh và giải quyết vấn đề hiệu quả."", ""Khách hàng đánh giá cao sự chủ động và trách nhiệm của bộ phận hỗ trợ."", ""Khách hàng mong muốn nhân viên tư vấn chi tiết hơn.""]"
EMP0077,Dương Ngọc Trang,Độc thân,Đại học,10,"[""Tư vấn chi tiết, thái độ chuyên nghiệp và thân thiện."", ""Dịch vụ ổn định, nhân viên luôn sẵn sàng hỗ trợ khi cần."", ""Giải quyết khiếu nại nhanh, khách hàng hài lòng với kết quả."", ""Phản hồi thắc mắc đầy đủ, hỗ trợ xuyên suốt quá trình đặt hàng."", ""Khách hàng đánh giá cao sự chủ động và trách nhiệm của bộ phận hỗ trợ."", ""Dịch vụ chăm sóc khách hàng chuyên nghiệp, thái độ thân thiện và lịch sự."", ""Khách hàng đánh giá mức độ hài lòng ở mức khá."", ""Nhân viên giao tiếp tốt, xử lý yêu cầu đúng hẹn và tận tâm."", ""Khách hàng đánh giá nhân viên hỗ trợ rất nhiệt tình, phản hồi nhanh và giải quyết vấn đề hiệu quả."", ""Quá trình hỗ trợ diễn ra bình thường, đúng quy trình."", ""Hỗ trợ nhanh chóng, tư vấn rõ ràng, khách hàng hài lòng với trải nghiệm."", ""Khách hàng không có thêm phản hồi về chất lượng hỗ trợ."", ""Chăm sóc khách hàng tốt, thời gian phản hồi ngắn."", ""Khách hàng mong muốn nhân viên tư vấn chi tiết hơn."", ""Một số thắc mắc phải liên hệ nhiều lần mới được giải quyết."", ""Dịch vụ đáp ứng yêu cầu cơ bản, chưa phát sinh vấn đề đáng kể."", ""Khách hàng phản ánh thời gian phản hồi còn chậm nhưng vấn đề đã được xử lý."", ""Cần cải thiện tốc độ hỗ trợ vào giờ cao điểm.""]"
EMP0078,Phạm Hữu Bình,Đã kết hôn,Đại học,3,"[""Hỗ trợ nhanh chóng, tư vấn rõ ràng, khách hàng hài lòng với trải nghiệm."", ""Phản hồi thắc mắc đầy đủ, hỗ trợ xuyên suốt quá trình đặt hàng."", ""Dịch vụ ổn định, nhân viên luôn sẵn sàng hỗ trợ khi cần."", ""Cần cải thiện tốc độ hỗ trợ vào giờ cao điểm."", ""Dịch vụ chăm sóc khách hàng chuyên nghiệp, thái độ thân thiện và lịch sự."", ""Quá trình hỗ trợ diễn ra bình thường, đúng quy trình."", ""Khách hàng không có thêm phản hồi về chất lượng hỗ trợ."", ""Khách hàng đánh giá mức độ hài lòng ở mức khá."", ""Dịch vụ đáp ứng yêu cầu cơ bản, chưa phát sinh vấn đề đáng kể."", ""Khách hàng đánh giá nhân viên hỗ trợ rất nhiệt tình, phản hồi nhanh và giải quyết vấn đề hiệu quả."", ""Khách hàng phản ánh thời gian phản hồi còn chậm nhưng vấn đề đã được xử lý."", ""Chăm sóc khách hàng tốt, thời gian phản hồi ngắn."", ""Khách hàng đánh giá cao sự chủ động và trách nhiệm của bộ phận hỗ trợ."", ""Nhân viên giao tiếp tốt, xử lý yêu cầu đúng hẹn và tận tâm."", ""Tư vấn chi tiết, thái độ chuyên nghiệp và thân thiện."", ""Giải quyết khiếu nại nhanh, khách hàng hài lòng với kết quả."", ""Một số thắc mắc phải liên hệ nhiều lần mới được giải quyết."", ""Khách hàng mong muốn nhân viên tư vấn chi tiết hơn.""]"
EMP0079,Đặng Hữu Hùng,Độc thân,Cao đẳng,8,"[""Khách hàng đánh giá mức độ hài lòng ở mức khá."", ""Dịch vụ ổn định, nhân viên luôn sẵn sàng hỗ trợ khi cần."", ""Khách hàng đánh giá cao sự chủ động và trách nhiệm của bộ phận hỗ trợ."", ""Nhân viên giao tiếp tốt, xử lý yêu cầu đúng hẹn và tận tâm."", ""Phản hồi thắc mắc đầy đủ, hỗ trợ xuyên suốt quá trình đặt hàng."", ""Chăm sóc khách hàng tốt, thời gian phản hồi ngắn."", ""Cần cải thiện tốc độ hỗ trợ vào giờ cao điểm."", ""Tư vấn chi tiết, thái độ chuyên nghiệp và thân thiện."", ""Khách hàng đánh giá nhân viên hỗ trợ rất nhiệt tình, phản hồi nhanh và giải quyết vấn đề hiệu quả."", ""Giải quyết khiếu nại nhanh, khách hàng hài lòng với kết quả."", ""Hỗ trợ nhanh chóng, tư vấn rõ ràng, khách hàng hài lòng với trải nghiệm."", ""Dịch vụ chăm sóc khách hàng chuyên nghiệp, thái độ thân thiện và lịch sự."", ""Dịch vụ đáp ứng yêu cầu cơ bản, chưa phát sinh vấn đề đáng kể."", ""Khách hàng không có thêm phản hồi về chất lượng hỗ trợ."", ""Một số thắc mắc phải liên hệ nhiều lần mới được giải quyết."", ""Quá trình hỗ trợ diễn ra bình thường, đúng quy trình."", ""Khách hàng phản ánh thời gian phản hồi còn chậm nhưng vấn đề đã được xử lý."", ""Khách hàng mong muốn nhân viên tư vấn chi tiết hơn.""]"
EMP0080,Phan Minh Dũng,Độc thân,Sau đại học,14,"[""Hỗ trợ nhanh chóng, tư vấn rõ ràng, khách hàng hài lòng với trải nghiệm."", ""Chăm sóc khách hàng tốt, thời gian phản hồi ngắn."", ""Giải quyết khiếu nại nhanh, khách hàng hài lòng với kết quả."", ""Dịch vụ ổn định, nhân viên luôn sẵn sàng hỗ trợ khi cần."", ""Phản hồi thắc mắc đầy đủ, hỗ trợ xuyên suốt quá trình đặt hàng."", ""Tư vấn chi tiết, thái độ chuyên nghiệp và thân thiện."", ""Dịch vụ chăm sóc khách hàng chuyên nghiệp, thái độ thân thiện và lịch sự."", ""Nhân viên giao tiếp tốt, xử lý yêu cầu đúng hẹn và tận tâm."", ""Khách hàng mong muốn nhân viên tư vấn chi tiết hơn."", ""Khách hàng đánh giá cao sự chủ động và trách nhiệm của bộ phận hỗ trợ."", ""Quá trình hỗ trợ diễn ra bình thường, đúng quy trình."", ""Khách hàng đánh giá nhân viên hỗ trợ rất nhiệt tình, phản hồi nhanh và giải quyết vấn đề hiệu quả."", ""Khách hàng không có thêm phản hồi về chất lượng hỗ trợ."", ""Dịch vụ đáp ứng yêu cầu cơ bản, chưa phát sinh vấn đề đáng kể."", ""Khách hàng đánh giá mức độ hài lòng ở mức khá."", ""Một số thắc mắc phải liên hệ nhiều lần mới được giải quyết."", ""Khách hàng phản ánh thời gian phản hồi còn chậm nhưng vấn đề đã được xử lý."", ""Cần cải thiện tốc độ hỗ trợ vào giờ cao điểm.""]"
EMP0081,Bùi Đức Uyên,Độc thân,Đại học,10,"[""Nhân viên giao tiếp tốt, xử lý yêu cầu đúng hẹn và tận tâm."", ""Dịch vụ đáp ứng yêu cầu cơ bản, chưa phát sinh vấn đề đáng kể."", ""Khách hàng đánh giá nhân viên hỗ trợ rất nhiệt tình, phản hồi nhanh và giải quyết vấn đề hiệu quả."", ""Tư vấn chi tiết, thái độ chuyên nghiệp và thân thiện."", ""Dịch vụ ổn định, nhân viên luôn sẵn sàng hỗ trợ khi cần."", ""Khách hàng đánh giá mức độ hài lòng ở mức khá."", ""Khách hàng đánh giá cao sự chủ động và trách nhiệm của bộ phận hỗ trợ."", ""Cần cải thiện tốc độ hỗ trợ vào giờ cao điểm."", ""Dịch vụ chăm sóc khách hàng chuyên nghiệp, thái độ thân thiện và lịch sự."", ""Hỗ trợ nhanh chóng, tư vấn rõ ràng, khách hàng hài lòng với trải nghiệm."", ""Giải quyết khiếu nại nhanh, khách hàng hài lòng với kết quả."", ""Khách hàng không có thêm phản hồi về chất lượng hỗ trợ."", ""Quá trình hỗ trợ diễn ra bình thường, đúng quy trình."", ""Chăm sóc khách hàng tốt, thời gian phản hồi ngắn."", ""Phản hồi thắc mắc đầy đủ, hỗ trợ xuyên suốt quá trình đặt hàng."", ""Khách hàng mong muốn nhân viên tư vấn chi tiết hơn."", ""Khách hàng phản ánh thời gian phản hồi còn chậm nhưng vấn đề đã được xử lý."", ""Một số thắc mắc phải liên hệ nhiều lần mới được giải quyết.""]"
EMP0082,Dương Ngọc Linh,Đã kết hôn,Đại học,14,"[""Khách hàng đánh giá mức độ hài lòng ở mức khá."", ""Nhân viên giao tiếp tốt, xử lý yêu cầu đúng hẹn và tận tâm."", ""Dịch vụ ổn định, nhân viên luôn sẵn sàng hỗ trợ khi cần."", ""Giải quyết khiếu nại nhanh, khách hàng hài lòng với kết quả."", ""Khách hàng phản ánh thời gian phản hồi còn chậm nhưng vấn đề đã được xử lý."", ""Một số thắc mắc phải liên hệ nhiều lần mới được giải quyết."", ""Dịch vụ chăm sóc khách hàng chuyên nghiệp, thái độ thân thiện và lịch sự."", ""Chăm sóc khách hàng tốt, thời gian phản hồi ngắn."", ""Khách hàng đánh giá cao sự chủ động và trách nhiệm của bộ phận hỗ trợ."", ""Hỗ trợ nhanh chóng, tư vấn rõ ràng, khách hàng hài lòng với trải nghiệm."", ""Khách hàng không có thêm phản hồi về chất lượng hỗ trợ."", ""Khách hàng đánh giá nhân viên hỗ trợ rất nhiệt tình, phản hồi nhanh và giải quyết vấn đề hiệu quả."", ""Phản hồi thắc mắc đầy đủ, hỗ trợ xuyên suốt quá trình đặt hàng."", ""Cần cải thiện tốc độ hỗ trợ vào giờ cao điểm."", ""Dịch vụ đáp ứng yêu cầu cơ bản, chưa phát sinh vấn đề đáng kể."", ""Tư vấn chi tiết, thái độ chuyên nghiệp và thân thiện."", ""Quá trình hỗ trợ diễn ra bình thường, đúng quy trình."", ""Khách hàng mong muốn nhân viên tư vấn chi tiết hơn.""]"
EMP0083,Đỗ Thanh Bình,Đã kết hôn,Cao đẳng,6,"[""Dịch vụ đáp ứng yêu cầu cơ bản, chưa phát sinh vấn đề đáng kể."", ""Khách hàng mong muốn nhân viên tư vấn chi tiết hơn."", ""Giải quyết khiếu nại nhanh, khách hàng hài lòng với kết quả."", ""Nhân viên giao tiếp tốt, xử lý yêu cầu đúng hẹn và tận tâm."", ""Quá trình hỗ trợ diễn ra bình thường, đúng quy trình."", ""Hỗ trợ nhanh chóng, tư vấn rõ ràng, khách hàng hài lòng với trải nghiệm."", ""Tư vấn chi tiết, thái độ chuyên nghiệp và thân thiện."", ""Chăm sóc khách hàng tốt, thời gian phản hồi ngắn."", ""Phản hồi thắc mắc đầy đủ, hỗ trợ xuyên suốt quá trình đặt hàng."", ""Dịch vụ ổn định, nhân viên luôn sẵn sàng hỗ trợ khi cần."", ""Khách hàng đánh giá cao sự chủ động và trách nhiệm của bộ phận hỗ trợ."", ""Dịch vụ chăm sóc khách hàng chuyên nghiệp, thái độ thân thiện và lịch sự."", ""Khách hàng đánh giá nhân viên hỗ trợ rất nhiệt tình, phản hồi nhanh và giải quyết vấn đề hiệu quả."", ""Khách hàng phản ánh thời gian phản hồi còn chậm nhưng vấn đề đã được xử lý."", ""Khách hàng đánh giá mức độ hài lòng ở mức khá."", ""Khách hàng không có thêm phản hồi về chất lượng hỗ trợ."", ""Một số thắc mắc phải liên hệ nhiều lần mới được giải quyết."", ""Cần cải thiện tốc độ hỗ trợ vào giờ cao điểm.""]"
EMP0084,Võ Thanh Mai,Độc thân,Đại học,18,"[""Tư vấn chi tiết, thái độ chuyên nghiệp và thân thiện."", ""Hỗ trợ nhanh chóng, tư vấn rõ ràng, khách hàng hài lòng với trải nghiệm."", ""Nhân viên giao tiếp tốt, xử lý yêu cầu đúng hẹn và tận tâm."", ""Khách hàng đánh giá mức độ hài lòng ở mức khá."", ""Dịch vụ ổn định, nhân viên luôn sẵn sàng hỗ trợ khi cần."", ""Phản hồi thắc mắc đầy đủ, hỗ trợ xuyên suốt quá trình đặt hàng."", ""Dịch vụ đáp ứng yêu cầu cơ bản, chưa phát sinh vấn đề đáng kể."", ""Khách hàng không có thêm phản hồi về chất lượng hỗ trợ."", ""Giải quyết khiếu nại nhanh, khách hàng hài lòng với kết quả."", ""Dịch vụ chăm sóc khách hàng chuyên nghiệp, thái độ thân thiện và lịch sự."", ""Chăm sóc khách hàng tốt, thời gian phản hồi ngắn."", ""Khách hàng đánh giá nhân viên hỗ trợ rất nhiệt tình, phản hồi nhanh và giải quyết vấn đề hiệu quả."", ""Quá trình hỗ trợ diễn ra bình thường, đúng quy trình."", ""Cần cải thiện tốc độ hỗ trợ vào giờ cao điểm."", ""Khách hàng đánh giá cao sự chủ động và trách nhiệm của bộ phận hỗ trợ."", ""Một số thắc mắc phải liên hệ nhiều lần mới được giải quyết."", ""Khách hàng phản ánh thời gian phản hồi còn chậm nhưng vấn đề đã được xử lý."", ""Khách hàng mong muốn nhân viên tư vấn chi tiết hơn.""]"
EMP0085,Đặng Văn Oanh,Độc thân,Sau đại học,15,"[""Quá trình hỗ trợ diễn ra bình thường, đúng quy trình."", ""Phản hồi thắc mắc đầy đủ, hỗ trợ xuyên suốt quá trình đặt hàng."", ""Dịch vụ chăm sóc khách hàng chuyên nghiệp, thái độ thân thiện và lịch sự."", ""Khách hàng đánh giá nhân viên hỗ trợ rất nhiệt tình, phản hồi nhanh và giải quyết vấn đề hiệu quả."", ""Hỗ trợ nhanh chóng, tư vấn rõ ràng, khách hàng hài lòng với trải nghiệm."", ""Khách hàng đánh giá mức độ hài lòng ở mức khá."", ""Khách hàng phản ánh thời gian phản hồi còn chậm nhưng vấn đề đã được xử lý."", ""Dịch vụ ổn định, nhân viên luôn sẵn sàng hỗ trợ khi cần."", ""Giải quyết khiếu nại nhanh, khách hàng hài lòng với kết quả."", ""Khách hàng đánh giá cao sự chủ động và trách nhiệm của bộ phận hỗ trợ."", ""Dịch vụ đáp ứng yêu cầu cơ bản, chưa phát sinh vấn đề đáng kể."", ""Chăm sóc khách hàng tốt, thời gian phản hồi ngắn."", ""Nhân viên giao tiếp tốt, xử lý yêu cầu đúng hẹn và tận tâm."", ""Tư vấn chi tiết, thái độ chuyên nghiệp và thân thiện."", ""Cần cải thiện tốc độ hỗ trợ vào giờ cao điểm."", ""Khách hàng không có thêm phản hồi về chất lượng hỗ trợ."", ""Một số thắc mắc phải liên hệ nhiều lần mới được giải quyết."", ""Khách hàng mong muốn nhân viên tư vấn chi tiết hơn.""]"
EMP0086,Bùi Thị Yến,Đã kết hôn,Đại học,20,"[""Cần cải thiện tốc độ hỗ trợ vào giờ cao điểm."", ""Khách hàng đánh giá nhân viên hỗ trợ rất nhiệt tình, phản hồi nhanh và giải quyết vấn đề hiệu quả."", ""Chăm sóc khách hàng tốt, thời gian phản hồi ngắn."", ""Khách hàng đánh giá cao sự chủ động và trách nhiệm của bộ phận hỗ trợ."", ""Quá trình hỗ trợ diễn ra bình thường, đúng quy trình."", ""Nhân viên giao tiếp tốt, xử lý yêu cầu đúng hẹn và tận tâm."", ""Khách hàng không có thêm phản hồi về chất lượng hỗ trợ."", ""Dịch vụ đáp ứng yêu cầu cơ bản, chưa phát sinh vấn đề đáng kể."", ""Một số thắc mắc phải liên hệ nhiều lần mới được giải quyết."", ""Phản hồi thắc mắc đầy đủ, hỗ trợ xuyên suốt quá trình đặt hàng."", ""Giải quyết khiếu nại nhanh, khách hàng hài lòng với kết quả."", ""Dịch vụ chăm sóc khách hàng chuyên nghiệp, thái độ thân thiện và lịch sự."", ""Hỗ trợ nhanh chóng, tư vấn rõ ràng, khách hàng hài lòng với trải nghiệm."", ""Tư vấn chi tiết, thái độ chuyên nghiệp và thân thiện."", ""Dịch vụ ổn định, nhân viên luôn sẵn sàng hỗ trợ khi cần."", ""Khách hàng phản ánh thời gian phản hồi còn chậm nhưng vấn đề đã được xử lý."", ""Khách hàng đánh giá mức độ hài lòng ở mức khá."", ""Khách hàng mong muốn nhân viên tư vấn chi tiết hơn.""]"
EMP0087,Phan Anh Yến,Đã kết hôn,Cao đẳng,16,"[""Giải quyết khiếu nại nhanh, khách hàng hài lòng với kết quả."", ""Dịch vụ chăm sóc khách hàng chuyên nghiệp, thái độ thân thiện và lịch sự."", ""Dịch vụ đáp ứng yêu cầu cơ bản, chưa phát sinh vấn đề đáng kể."", ""Dịch vụ ổn định, nhân viên luôn sẵn sàng hỗ trợ khi cần."", ""Khách hàng đánh giá nhân viên hỗ trợ rất nhiệt tình, phản hồi nhanh và giải quyết vấn đề hiệu quả."", ""Nhân viên giao tiếp tốt, xử lý yêu cầu đúng hẹn và tận tâm."", ""Tư vấn chi tiết, thái độ chuyên nghiệp và thân thiện."", ""Khách hàng không có thêm phản hồi về chất lượng hỗ trợ."", ""Phản hồi thắc mắc đầy đủ, hỗ trợ xuyên suốt quá trình đặt hàng."", ""Cần cải thiện tốc độ hỗ trợ vào giờ cao điểm."", ""Quá trình hỗ trợ diễn ra bình thường, đúng quy trình."", ""Khách hàng đánh giá mức độ hài lòng ở mức khá."", ""Chăm sóc khách hàng tốt, thời gian phản hồi ngắn."", ""Một số thắc mắc phải liên hệ nhiều lần mới được giải quyết."", ""Khách hàng mong muốn nhân viên tư vấn chi tiết hơn."", ""Hỗ trợ nhanh chóng, tư vấn rõ ràng, khách hàng hài lòng với trải nghiệm."", ""Khách hàng đánh giá cao sự chủ động và trách nhiệm của bộ phận hỗ trợ."", ""Khách hàng phản ánh thời gian phản hồi còn chậm nhưng vấn đề đã được xử lý.""]"
EMP0088,Bùi Gia Bình,Đã kết hôn,Cao đẳng,2,"[""Hỗ trợ nhanh chóng, tư vấn rõ ràng, khách hàng hài lòng với trải nghiệm."", ""Khách hàng đánh giá cao sự chủ động và trách nhiệm của bộ phận hỗ trợ."", ""Phản hồi thắc mắc đầy đủ, hỗ trợ xuyên suốt quá trình đặt hàng."", ""Dịch vụ ổn định, nhân viên luôn sẵn sàng hỗ trợ khi cần."", ""Dịch vụ đáp ứng yêu cầu cơ bản, chưa phát sinh vấn đề đáng kể."", ""Quá trình hỗ trợ diễn ra bình thường, đúng quy trình."", ""Khách hàng đánh giá mức độ hài lòng ở mức khá."", ""Khách hàng phản ánh thời gian phản hồi còn chậm nhưng vấn đề đã được xử lý."", ""Tư vấn chi tiết, thái độ chuyên nghiệp và thân thiện."", ""Dịch vụ chăm sóc khách hàng chuyên nghiệp, thái độ thân thiện và lịch sự."", ""Khách hàng đánh giá nhân viên hỗ trợ rất nhiệt tình, phản hồi nhanh và giải quyết vấn đề hiệu quả."", ""Giải quyết khiếu nại nhanh, khách hàng hài lòng với kết quả."", ""Khách hàng không có thêm phản hồi về chất lượng hỗ trợ."", ""Cần cải thiện tốc độ hỗ trợ vào giờ cao điểm."", ""Chăm sóc khách hàng tốt, thời gian phản hồi ngắn."", ""Nhân viên giao tiếp tốt, xử lý yêu cầu đúng hẹn và tận tâm."", ""Một số thắc mắc phải liên hệ nhiều lần mới được giải quyết."", ""Khách hàng mong muốn nhân viên tư vấn chi tiết hơn.""]"
EMP0089,Trần Gia An,Đã kết hôn,Đại học,12,"[""Cần cải thiện tốc độ hỗ trợ vào giờ cao điểm."", ""Dịch vụ chăm sóc khách hàng chuyên nghiệp, thái độ thân thiện và lịch sự."", ""Khách hàng đánh giá nhân viên hỗ trợ rất nhiệt tình, phản hồi nhanh và giải quyết vấn đề hiệu quả."", ""Hỗ trợ nhanh chóng, tư vấn rõ ràng, khách hàng hài lòng với trải nghiệm."", ""Dịch vụ ổn định, nhân viên luôn sẵn sàng hỗ trợ khi cần."", ""Quá trình hỗ trợ diễn ra bình thường, đúng quy trình."", ""Giải quyết khiếu nại nhanh, khách hàng hài lòng với kết quả."", ""Tư vấn chi tiết, thái độ chuyên nghiệp và thân thiện."", ""Phản hồi thắc mắc đầy đủ, hỗ trợ xuyên suốt quá trình đặt hàng."", ""Khách hàng không có thêm phản hồi về chất lượng hỗ trợ."", ""Khách hàng đánh giá cao sự chủ động và trách nhiệm của bộ phận hỗ trợ."", ""Khách hàng đánh giá mức độ hài lòng ở mức khá."", ""Khách hàng mong muốn nhân viên tư vấn chi tiết hơn."", ""Chăm sóc khách hàng tốt, thời gian phản hồi ngắn."", ""Nhân viên giao tiếp tốt, xử lý yêu cầu đúng hẹn và tận tâm."", ""Dịch vụ đáp ứng yêu cầu cơ bản, chưa phát sinh vấn đề đáng kể."", ""Khách hàng phản ánh thời gian phản hồi còn chậm nhưng vấn đề đã được xử lý."", ""Một số thắc mắc phải liên hệ nhiều lần mới được giải quyết.""]"
EMP0090,Bùi Anh Vy,Đã kết hôn,Đại học,16,"[""Chăm sóc khách hàng tốt, thời gian phản hồi ngắn."", ""Dịch vụ đáp ứng yêu cầu cơ bản, chưa phát sinh vấn đề đáng kể."", ""Giải quyết khiếu nại nhanh, khách hàng hài lòng với kết quả."", ""Khách hàng đánh giá nhân viên hỗ trợ rất nhiệt tình, phản hồi nhanh và giải quyết vấn đề hiệu quả."", ""Khách hàng đánh giá cao sự chủ động và trách nhiệm của bộ phận hỗ trợ."", ""Hỗ trợ nhanh chóng, tư vấn rõ ràng, khách hàng hài lòng với trải nghiệm."", ""Dịch vụ chăm sóc khách hàng chuyên nghiệp, thái độ thân thiện và lịch sự."", ""Nhân viên giao tiếp tốt, xử lý yêu cầu đúng hẹn và tận tâm."", ""Khách hàng không có thêm phản hồi về chất lượng hỗ trợ."", ""Quá trình hỗ trợ diễn ra bình thường, đúng quy trình."", ""Phản hồi thắc mắc đầy đủ, hỗ trợ xuyên suốt quá trình đặt hàng."", ""Dịch vụ ổn định, nhân viên luôn sẵn sàng hỗ trợ khi cần."", ""Khách hàng mong muốn nhân viên tư vấn chi tiết hơn."", ""Cần cải thiện tốc độ hỗ trợ vào giờ cao điểm."", ""Tư vấn chi tiết, thái độ chuyên nghiệp và thân thiện."", ""Một số thắc mắc phải liên hệ nhiều lần mới được giải quyết."", ""Khách hàng đánh giá mức độ hài lòng ở mức khá."", ""Khách hàng phản ánh thời gian phản hồi còn chậm nhưng vấn đề đã được xử lý.""]"
EMP0091,Lê Đức Trang,Độc thân,Trung cấp,3,"[""Phản hồi thắc mắc đầy đủ, hỗ trợ xuyên suốt quá trình đặt hàng."", ""Dịch vụ ổn định, nhân viên luôn sẵn sàng hỗ trợ khi cần."", ""Dịch vụ đáp ứng yêu cầu cơ bản, chưa phát sinh vấn đề đáng kể."", ""Tư vấn chi tiết, thái độ chuyên nghiệp và thân thiện."", ""Chăm sóc khách hàng tốt, thời gian phản hồi ngắn."", ""Hỗ trợ nhanh chóng, tư vấn rõ ràng, khách hàng hài lòng với trải nghiệm."", ""Khách hàng phản ánh thời gian phản hồi còn chậm nhưng vấn đề đã được xử lý."", ""Nhân viên giao tiếp tốt, xử lý yêu cầu đúng hẹn và tận tâm."", ""Quá trình hỗ trợ diễn ra bình thường, đúng quy trình."", ""Cần cải thiện tốc độ hỗ trợ vào giờ cao điểm."", ""Giải quyết khiếu nại nhanh, khách hàng hài lòng với kết quả."", ""Khách hàng không có thêm phản hồi về chất lượng hỗ trợ."", ""Khách hàng mong muốn nhân viên tư vấn chi tiết hơn."", ""Khách hàng đánh giá nhân viên hỗ trợ rất nhiệt tình, phản hồi nhanh và giải quyết vấn đề hiệu quả."", ""Một số thắc mắc phải liên hệ nhiều lần mới được giải quyết."", ""Khách hàng đánh giá mức độ hài lòng ở mức khá."", ""Dịch vụ chăm sóc khách hàng chuyên nghiệp, thái độ thân thiện và lịch sự."", ""Khách hàng đánh giá cao sự chủ động và trách nhiệm của bộ phận hỗ trợ.""]"
EMP0092,Vũ Thanh Quân,Đã kết hôn,Đại học,9,"[""Dịch vụ chăm sóc khách hàng chuyên nghiệp, thái độ thân thiện và lịch sự."", ""Dịch vụ ổn định, nhân viên luôn sẵn sàng hỗ trợ khi cần."", ""Khách hàng đánh giá nhân viên hỗ trợ rất nhiệt tình, phản hồi nhanh và giải quyết vấn đề hiệu quả."", ""Dịch vụ đáp ứng yêu cầu cơ bản, chưa phát sinh vấn đề đáng kể."", ""Hỗ trợ nhanh chóng, tư vấn rõ ràng, khách hàng hài lòng với trải nghiệm."", ""Một số thắc mắc phải liên hệ nhiều lần mới được giải quyết."", ""Nhân viên giao tiếp tốt, xử lý yêu cầu đúng hẹn và tận tâm."", ""Phản hồi thắc mắc đầy đủ, hỗ trợ xuyên suốt quá trình đặt hàng."", ""Khách hàng đánh giá mức độ hài lòng ở mức khá."", ""Chăm sóc khách hàng tốt, thời gian phản hồi ngắn."", ""Tư vấn chi tiết, thái độ chuyên nghiệp và thân thiện."", ""Khách hàng mong muốn nhân viên tư vấn chi tiết hơn."", ""Khách hàng không có thêm phản hồi về chất lượng hỗ trợ."", ""Khách hàng phản ánh thời gian phản hồi còn chậm nhưng vấn đề đã được xử lý."", ""Giải quyết khiếu nại nhanh, khách hàng hài lòng với kết quả."", ""Quá trình hỗ trợ diễn ra bình thường, đúng quy trình."", ""Khách hàng đánh giá cao sự chủ động và trách nhiệm của bộ phận hỗ trợ."", ""Cần cải thiện tốc độ hỗ trợ vào giờ cao điểm.""]"
EMP0093,Bùi Minh Quân,Đã kết hôn,Cao đẳng,18,"[""Khách hàng không có thêm phản hồi về chất lượng hỗ trợ."", ""Nhân viên giao tiếp tốt, xử lý yêu cầu đúng hẹn và tận tâm."", ""Khách hàng đánh giá cao sự chủ động và trách nhiệm của bộ phận hỗ trợ."", ""Khách hàng đánh giá mức độ hài lòng ở mức khá."", ""Dịch vụ chăm sóc khách hàng chuyên nghiệp, thái độ thân thiện và lịch sự."", ""Dịch vụ đáp ứng yêu cầu cơ bản, chưa phát sinh vấn đề đáng kể."", ""Phản hồi thắc mắc đầy đủ, hỗ trợ xuyên suốt quá trình đặt hàng."", ""Giải quyết khiếu nại nhanh, khách hàng hài lòng với kết quả."", ""Khách hàng đánh giá nhân viên hỗ trợ rất nhiệt tình, phản hồi nhanh và giải quyết vấn đề hiệu quả."", ""Dịch vụ ổn định, nhân viên luôn sẵn sàng hỗ trợ khi cần."", ""Khách hàng phản ánh thời gian phản hồi còn chậm nhưng vấn đề đã được xử lý."", ""Hỗ trợ nhanh chóng, tư vấn rõ ràng, khách hàng hài lòng với trải nghiệm."", ""Chăm sóc khách hàng tốt, thời gian phản hồi ngắn."", ""Khách hàng mong muốn nhân viên tư vấn chi tiết hơn."", ""Tư vấn chi tiết, thái độ chuyên nghiệp và thân thiện."", ""Một số thắc mắc phải liên hệ nhiều lần mới được giải quyết."", ""Cần cải thiện tốc độ hỗ trợ vào giờ cao điểm."", ""Quá trình hỗ trợ diễn ra bình thường, đúng quy trình.""]"
EMP0094,Đỗ Minh Mai,Độc thân,Trung cấp,7,"[""Khách hàng đánh giá cao sự chủ động và trách nhiệm của bộ phận hỗ trợ."", ""Khách hàng đánh giá nhân viên hỗ trợ rất nhiệt tình, phản hồi nhanh và giải quyết vấn đề hiệu quả."", ""Tư vấn chi tiết, thái độ chuyên nghiệp và thân thiện."", ""Cần cải thiện tốc độ hỗ trợ vào giờ cao điểm."", ""Phản hồi thắc mắc đầy đủ, hỗ trợ xuyên suốt quá trình đặt hàng."", ""Dịch vụ ổn định, nhân viên luôn sẵn sàng hỗ trợ khi cần."", ""Dịch vụ chăm sóc khách hàng chuyên nghiệp, thái độ thân thiện và lịch sự."", ""Nhân viên giao tiếp tốt, xử lý yêu cầu đúng hẹn và tận tâm."", ""Hỗ trợ nhanh chóng, tư vấn rõ ràng, khách hàng hài lòng với trải nghiệm."", ""Chăm sóc khách hàng tốt, thời gian phản hồi ngắn."", ""Khách hàng đánh giá mức độ hài lòng ở mức khá."", ""Một số thắc mắc phải liên hệ nhiều lần mới được giải quyết."", ""Giải quyết khiếu nại nhanh, khách hàng hài lòng với kết quả."", ""Khách hàng phản ánh thời gian phản hồi còn chậm nhưng vấn đề đã được xử lý."", ""Khách hàng không có thêm phản hồi về chất lượng hỗ trợ."", ""Dịch vụ đáp ứng yêu cầu cơ bản, chưa phát sinh vấn đề đáng kể."", ""Khách hàng mong muốn nhân viên tư vấn chi tiết hơn."", ""Quá trình hỗ trợ diễn ra bình thường, đúng quy trình.""]"
EMP0095,Trần Đức Nam,Độc thân,Đại học,9,"[""Nhân viên giao tiếp tốt, xử lý yêu cầu đúng hẹn và tận tâm."", ""Giải quyết khiếu nại nhanh, khách hàng hài lòng với kết quả."", ""Cần cải thiện tốc độ hỗ trợ vào giờ cao điểm."", ""Khách hàng đánh giá cao sự chủ động và trách nhiệm của bộ phận hỗ trợ."", ""Khách hàng không có thêm phản hồi về chất lượng hỗ trợ."", ""Khách hàng đánh giá nhân viên hỗ trợ rất nhiệt tình, phản hồi nhanh và giải quyết vấn đề hiệu quả."", ""Dịch vụ chăm sóc khách hàng chuyên nghiệp, thái độ thân thiện và lịch sự."", ""Dịch vụ ổn định, nhân viên luôn sẵn sàng hỗ trợ khi cần."", ""Tư vấn chi tiết, thái độ chuyên nghiệp và thân thiện."", ""Quá trình hỗ trợ diễn ra bình thường, đúng quy trình."", ""Khách hàng đánh giá mức độ hài lòng ở mức khá."", ""Dịch vụ đáp ứng yêu cầu cơ bản, chưa phát sinh vấn đề đáng kể."", ""Hỗ trợ nhanh chóng, tư vấn rõ ràng, khách hàng hài lòng với trải nghiệm."", ""Khách hàng mong muốn nhân viên tư vấn chi tiết hơn."", ""Chăm sóc khách hàng tốt, thời gian phản hồi ngắn."", ""Phản hồi thắc mắc đầy đủ, hỗ trợ xuyên suốt quá trình đặt hàng."", ""Khách hàng phản ánh thời gian phản hồi còn chậm nhưng vấn đề đã được xử lý."", ""Một số thắc mắc phải liên hệ nhiều lần mới được giải quyết.""]"
EMP0096,Lê Gia Vy,Đã kết hôn,Đại học,19,"[""Phản hồi thắc mắc đầy đủ, hỗ trợ xuyên suốt quá trình đặt hàng."", ""Nhân viên giao tiếp tốt, xử lý yêu cầu đúng hẹn và tận tâm."", ""Dịch vụ chăm sóc khách hàng chuyên nghiệp, thái độ thân thiện và lịch sự."", ""Hỗ trợ nhanh chóng, tư vấn rõ ràng, khách hàng hài lòng với trải nghiệm."", ""Dịch vụ đáp ứng yêu cầu cơ bản, chưa phát sinh vấn đề đáng kể."", ""Chăm sóc khách hàng tốt, thời gian phản hồi ngắn."", ""Giải quyết khiếu nại nhanh, khách hàng hài lòng với kết quả."", ""Khách hàng đánh giá mức độ hài lòng ở mức khá."", ""Dịch vụ ổn định, nhân viên luôn sẵn sàng hỗ trợ khi cần."", ""Quá trình hỗ trợ diễn ra bình thường, đúng quy trình."", ""Khách hàng không có thêm phản hồi về chất lượng hỗ trợ."", ""Khách hàng đánh giá cao sự chủ động và trách nhiệm của bộ phận hỗ trợ."", ""Khách hàng phản ánh thời gian phản hồi còn chậm nhưng vấn đề đã được xử lý."", ""Tư vấn chi tiết, thái độ chuyên nghiệp và thân thiện."", ""Khách hàng mong muốn nhân viên tư vấn chi tiết hơn."", ""Một số thắc mắc phải liên hệ nhiều lần mới được giải quyết."", ""Cần cải thiện tốc độ hỗ trợ vào giờ cao điểm."", ""Khách hàng đánh giá nhân viên hỗ trợ rất nhiệt tình, phản hồi nhanh và giải quyết vấn đề hiệu quả.""]"
EMP0097,Lê Minh Phúc,Đã kết hôn,Sau đại học,20,"[""Dịch vụ chăm sóc khách hàng chuyên nghiệp, thái độ thân thiện và lịch sự."", ""Dịch vụ đáp ứng yêu cầu cơ bản, chưa phát sinh vấn đề đáng kể."", ""Khách hàng đánh giá cao sự chủ động và trách nhiệm của bộ phận hỗ trợ."", ""Giải quyết khiếu nại nhanh, khách hàng hài lòng với kết quả."", ""Nhân viên giao tiếp tốt, xử lý yêu cầu đúng hẹn và tận tâm."", ""Hỗ trợ nhanh chóng, tư vấn rõ ràng, khách hàng hài lòng với trải nghiệm."", ""Tư vấn chi tiết, thái độ chuyên nghiệp và thân thiện."", ""Quá trình hỗ trợ diễn ra bình thường, đúng quy trình."", ""Chăm sóc khách hàng tốt, thời gian phản hồi ngắn."", ""Dịch vụ ổn định, nhân viên luôn sẵn sàng hỗ trợ khi cần."", ""Phản hồi thắc mắc đầy đủ, hỗ trợ xuyên suốt quá trình đặt hàng."", ""Khách hàng không có thêm phản hồi về chất lượng hỗ trợ."", ""Khách hàng đánh giá nhân viên hỗ trợ rất nhiệt tình, phản hồi nhanh và giải quyết vấn đề hiệu quả."", ""Khách hàng mong muốn nhân viên tư vấn chi tiết hơn."", ""Khách hàng đánh giá mức độ hài lòng ở mức khá."", ""Một số thắc mắc phải liên hệ nhiều lần mới được giải quyết."", ""Cần cải thiện tốc độ hỗ trợ vào giờ cao điểm."", ""Khách hàng phản ánh thời gian phản hồi còn chậm nhưng vấn đề đã được xử lý.""]"
EMP0098,Phan Thị Hà,Đã kết hôn,Trung cấp,18,"[""Giải quyết khiếu nại nhanh, khách hàng hài lòng với kết quả."", ""Dịch vụ chăm sóc khách hàng chuyên nghiệp, thái độ thân thiện và lịch sự."", ""Phản hồi thắc mắc đầy đủ, hỗ trợ xuyên suốt quá trình đặt hàng."", ""Khách hàng đánh giá nhân viên hỗ trợ rất nhiệt tình, phản hồi nhanh và giải quyết vấn đề hiệu quả."", ""Khách hàng đánh giá mức độ hài lòng ở mức khá."", ""Tư vấn chi tiết, thái độ chuyên nghiệp và thân thiện."", ""Nhân viên giao tiếp tốt, xử lý yêu cầu đúng hẹn và tận tâm."", ""Khách hàng đánh giá cao sự chủ động và trách nhiệm của bộ phận hỗ trợ."", ""Khách hàng không có thêm phản hồi về chất lượng hỗ trợ."", ""Dịch vụ ổn định, nhân viên luôn sẵn sàng hỗ trợ khi cần."", ""Hỗ trợ nhanh chóng, tư vấn rõ ràng, khách hàng hài lòng với trải nghiệm."", ""Quá trình hỗ trợ diễn ra bình thường, đúng quy trình."", ""Khách hàng phản ánh thời gian phản hồi còn chậm nhưng vấn đề đã được xử lý."", ""Dịch vụ đáp ứng yêu cầu cơ bản, chưa phát sinh vấn đề đáng kể."", ""Một số thắc mắc phải liên hệ nhiều lần mới được giải quyết."", ""Chăm sóc khách hàng tốt, thời gian phản hồi ngắn."", ""Cần cải thiện tốc độ hỗ trợ vào giờ cao điểm."", ""Khách hàng mong muốn nhân viên tư vấn chi tiết hơn.""]"
EMP0099,Vũ Gia An,Độc thân,Đại học,14,"[""Giải quyết khiếu nại nhanh, khách hàng hài lòng với kết quả."", ""Chăm sóc khách hàng tốt, thời gian phản hồi ngắn."", ""Hỗ trợ nhanh chóng, tư vấn rõ ràng, khách hàng hài lòng với trải nghiệm."", ""Khách hàng đánh giá nhân viên hỗ trợ rất nhiệt tình, phản hồi nhanh và giải quyết vấn đề hiệu quả."", ""Dịch vụ ổn định, nhân viên luôn sẵn sàng hỗ trợ khi cần."", ""Dịch vụ chăm sóc khách hàng chuyên nghiệp, thái độ thân thiện và lịch sự."", ""Khách hàng không có thêm phản hồi về chất lượng hỗ trợ."", ""Tư vấn chi tiết, thái độ chuyên nghiệp và thân thiện."", ""Quá trình hỗ trợ diễn ra bình thường, đúng quy trình."", ""Phản hồi thắc mắc đầy đủ, hỗ trợ xuyên suốt quá trình đặt hàng."", ""Khách hàng đánh giá cao sự chủ động và trách nhiệm của bộ phận hỗ trợ."", ""Khách hàng mong muốn nhân viên tư vấn chi tiết hơn."", ""Nhân viên giao tiếp tốt, xử lý yêu cầu đúng hẹn và tận tâm."", ""Dịch vụ đáp ứng yêu cầu cơ bản, chưa phát sinh vấn đề đáng kể."", ""Khách hàng đánh giá mức độ hài lòng ở mức khá."", ""Một số thắc mắc phải liên hệ nhiều lần mới được giải quyết."", ""Cần cải thiện tốc độ hỗ trợ vào giờ cao điểm."", ""Khách hàng phản ánh thời gian phản hồi còn chậm nhưng vấn đề đã được xử lý.""]"
EMP0100,Bùi Ngọc Lan,Đã kết hôn,Đại học,6,"[""Nhân viên giao tiếp tốt, xử lý yêu cầu đúng hẹn và tận tâm."", ""Khách hàng đánh giá cao sự chủ động và trách nhiệm của bộ phận hỗ trợ."", ""Dịch vụ chăm sóc khách hàng chuyên nghiệp, thái độ thân thiện và lịch sự."", ""Dịch vụ ổn định, nhân viên luôn sẵn sàng hỗ trợ khi cần."", ""Một số thắc mắc phải liên hệ nhiều lần mới được giải quyết."", ""Chăm sóc khách hàng tốt, thời gian phản hồi ngắn."", ""Giải quyết khiếu nại nhanh, khách hàng hài lòng với kết quả."", ""Hỗ trợ nhanh chóng, tư vấn rõ ràng, khách hàng hài lòng với trải nghiệm."", ""Phản hồi thắc mắc đầy đủ, hỗ trợ xuyên suốt quá trình đặt hàng."", ""Khách hàng đánh giá mức độ hài lòng ở mức khá."", ""Khách hàng mong muốn nhân viên tư vấn chi tiết hơn."", ""Khách hàng đánh giá nhân viên hỗ trợ rất nhiệt tình, phản hồi nhanh và giải quyết vấn đề hiệu quả."", ""Cần cải thiện tốc độ hỗ trợ vào giờ cao điểm."", ""Khách hàng không có thêm phản hồi về chất lượng hỗ trợ."", ""Quá trình hỗ trợ diễn ra bình thường, đúng quy trình."", ""Tư vấn chi tiết, thái độ chuyên nghiệp và thân thiện."", ""Khách hàng phản ánh thời gian phản hồi còn chậm nhưng vấn đề đã được xử lý."", ""Dịch vụ đáp ứng yêu cầu cơ bản, chưa phát sinh vấn đề đáng kể.""]"
EMP0101,Nguyễn Minh Mai,Đã kết hôn,Trung cấp,19,"[""Khách hàng phản ánh thời gian phản hồi còn chậm nhưng vấn đề đã được xử lý."", ""Nhân viên giao tiếp tốt, xử lý yêu cầu đúng hẹn và tận tâm."", ""Tư vấn chi tiết, thái độ chuyên nghiệp và thân thiện."", ""Khách hàng đánh giá cao sự chủ động và trách nhiệm của bộ phận hỗ trợ."", ""Giải quyết khiếu nại nhanh, khách hàng hài lòng với kết quả."", ""Chăm sóc khách hàng tốt, thời gian phản hồi ngắn."", ""Hỗ trợ nhanh chóng, tư vấn rõ ràng, khách hàng hài lòng với trải nghiệm."", ""Dịch vụ ổn định, nhân viên luôn sẵn sàng hỗ trợ khi cần."", ""Khách hàng đánh giá mức độ hài lòng ở mức khá."", ""Phản hồi thắc mắc đầy đủ, hỗ trợ xuyên suốt quá trình đặt hàng."", ""Một số thắc mắc phải liên hệ nhiều lần mới được giải quyết."", ""Khách hàng đánh giá nhân viên hỗ trợ rất nhiệt tình, phản hồi nhanh và giải quyết vấn đề hiệu quả."", ""Khách hàng không có thêm phản hồi về chất lượng hỗ trợ."", ""Dịch vụ đáp ứng yêu cầu cơ bản, chưa phát sinh vấn đề đáng kể."", ""Dịch vụ chăm sóc khách hàng chuyên nghiệp, thái độ thân thiện và lịch sự."", ""Quá trình hỗ trợ diễn ra bình thường, đúng quy trình."", ""Cần cải thiện tốc độ hỗ trợ vào giờ cao điểm."", ""Khách hàng mong muốn nhân viên tư vấn chi tiết hơn.""]"
EMP0102,Huỳnh Đức An,Độc thân,Đại học,18,"[""Phản hồi thắc mắc đầy đủ, hỗ trợ xuyên suốt quá trình đặt hàng."", ""Dịch vụ ổn định, nhân viên luôn sẵn sàng hỗ trợ khi cần."", ""Khách hàng phản ánh thời gian phản hồi còn chậm nhưng vấn đề đã được xử lý."", ""Dịch vụ chăm sóc khách hàng chuyên nghiệp, thái độ thân thiện và lịch sự."", ""Một số thắc mắc phải liên hệ nhiều lần mới được giải quyết."", ""Tư vấn chi tiết, thái độ chuyên nghiệp và thân thiện."", ""Nhân viên giao tiếp tốt, xử lý yêu cầu đúng hẹn và tận tâm."", ""Chăm sóc khách hàng tốt, thời gian phản hồi ngắn."", ""Hỗ trợ nhanh chóng, tư vấn rõ ràng, khách hàng hài lòng với trải nghiệm."", ""Quá trình hỗ trợ diễn ra bình thường, đúng quy trình."", ""Dịch vụ đáp ứng yêu cầu cơ bản, chưa phát sinh vấn đề đáng kể."", ""Khách hàng đánh giá nhân viên hỗ trợ rất nhiệt tình, phản hồi nhanh và giải quyết vấn đề hiệu quả."", ""Khách hàng không có thêm phản hồi về chất lượng hỗ trợ."", ""Giải quyết khiếu nại nhanh, khách hàng hài lòng với kết quả."", ""Khách hàng đánh giá mức độ hài lòng ở mức khá."", ""Khách hàng mong muốn nhân viên tư vấn chi tiết hơn."", ""Khách hàng đánh giá cao sự chủ động và trách nhiệm của bộ phận hỗ trợ."", ""Cần cải thiện tốc độ hỗ trợ vào giờ cao điểm.""]"
EMP0103,Nguyễn Thị Phúc,Đã kết hôn,Đại học,20,"[""Dịch vụ chăm sóc khách hàng chuyên nghiệp, thái độ thân thiện và lịch sự."", ""Nhân viên giao tiếp tốt, xử lý yêu cầu đúng hẹn và tận tâm."", ""Dịch vụ ổn định, nhân viên luôn sẵn sàng hỗ trợ khi cần."", ""Khách hàng phản ánh thời gian phản hồi còn chậm nhưng vấn đề đã được xử lý."", ""Hỗ trợ nhanh chóng, tư vấn rõ ràng, khách hàng hài lòng với trải nghiệm."", ""Khách hàng đánh giá nhân viên hỗ trợ rất nhiệt tình, phản hồi nhanh và giải quyết vấn đề hiệu quả."", ""Phản hồi thắc mắc đầy đủ, hỗ trợ xuyên suốt quá trình đặt hàng."", ""Dịch vụ đáp ứng yêu cầu cơ bản, chưa phát sinh vấn đề đáng kể."", ""Khách hàng đánh giá cao sự chủ động và trách nhiệm của bộ phận hỗ trợ."", ""Khách hàng không có thêm phản hồi về chất lượng hỗ trợ."", ""Quá trình hỗ trợ diễn ra bình thường, đúng quy trình."", ""Chăm sóc khách hàng tốt, thời gian phản hồi ngắn."", ""Tư vấn chi tiết, thái độ chuyên nghiệp và thân thiện."", ""Khách hàng đánh giá mức độ hài lòng ở mức khá."", ""Cần cải thiện tốc độ hỗ trợ vào giờ cao điểm."", ""Giải quyết khiếu nại nhanh, khách hàng hài lòng với kết quả."", ""Khách hàng mong muốn nhân viên tư vấn chi tiết hơn."", ""Một số thắc mắc phải liên hệ nhiều lần mới được giải quyết.""]"
EMP0104,Đặng Văn Phúc,Độc thân,Cao đẳng,18,"[""Phản hồi thắc mắc đầy đủ, hỗ trợ xuyên suốt quá trình đặt hàng."", ""Tư vấn chi tiết, thái độ chuyên nghiệp và thân thiện."", ""Hỗ trợ nhanh chóng, tư vấn rõ ràng, khách hàng hài lòng với trải nghiệm."", ""Dịch vụ đáp ứng yêu cầu cơ bản, chưa phát sinh vấn đề đáng kể."", ""Chăm sóc khách hàng tốt, thời gian phản hồi ngắn."", ""Dịch vụ ổn định, nhân viên luôn sẵn sàng hỗ trợ khi cần."", ""Khách hàng không có thêm phản hồi về chất lượng hỗ trợ."", ""Dịch vụ chăm sóc khách hàng chuyên nghiệp, thái độ thân thiện và lịch sự."", ""Khách hàng đánh giá cao sự chủ động và trách nhiệm của bộ phận hỗ trợ."", ""Quá trình hỗ trợ diễn ra bình thường, đúng quy trình."", ""Khách hàng đánh giá mức độ hài lòng ở mức khá."", ""Khách hàng đánh giá nhân viên hỗ trợ rất nhiệt tình, phản hồi nhanh và giải quyết vấn đề hiệu quả."", ""Nhân viên giao tiếp tốt, xử lý yêu cầu đúng hẹn và tận tâm."", ""Một số thắc mắc phải liên hệ nhiều lần mới được giải quyết."", ""Cần cải thiện tốc độ hỗ trợ vào giờ cao điểm."", ""Giải quyết khiếu nại nhanh, khách hàng hài lòng với kết quả."", ""Khách hàng mong muốn nhân viên tư vấn chi tiết hơn."", ""Khách hàng phản ánh thời gian phản hồi còn chậm nhưng vấn đề đã được xử lý.""]"
EMP0105,Phan Thị Uyên,Độc thân,Sau đại học,16,"[""Dịch vụ ổn định, nhân viên luôn sẵn sàng hỗ trợ khi cần."", ""Khách hàng phản ánh thời gian phản hồi còn chậm nhưng vấn đề đã được xử lý."", ""Khách hàng đánh giá mức độ hài lòng ở mức khá."", ""Tư vấn chi tiết, thái độ chuyên nghiệp và thân thiện."", ""Nhân viên giao tiếp tốt, xử lý yêu cầu đúng hẹn và tận tâm."", ""Dịch vụ đáp ứng yêu cầu cơ bản, chưa phát sinh vấn đề đáng kể."", ""Hỗ trợ nhanh chóng, tư vấn rõ ràng, khách hàng hài lòng với trải nghiệm."", ""Giải quyết khiếu nại nhanh, khách hàng hài lòng với kết quả."", ""Chăm sóc khách hàng tốt, thời gian phản hồi ngắn."", ""Khách hàng mong muốn nhân viên tư vấn chi tiết hơn."", ""Phản hồi thắc mắc đầy đủ, hỗ trợ xuyên suốt quá trình đặt hàng."", ""Khách hàng đánh giá cao sự chủ động và trách nhiệm của bộ phận hỗ trợ."", ""Khách hàng đánh giá nhân viên hỗ trợ rất nhiệt tình, phản hồi nhanh và giải quyết vấn đề hiệu quả."", ""Dịch vụ chăm sóc khách hàng chuyên nghiệp, thái độ thân thiện và lịch sự."", ""Khách hàng không có thêm phản hồi về chất lượng hỗ trợ."", ""Quá trình hỗ trợ diễn ra bình thường, đúng quy trình."", ""Một số thắc mắc phải liên hệ nhiều lần mới được giải quyết."", ""Cần cải thiện tốc độ hỗ trợ vào giờ cao điểm.""]"
EMP0106,Hoàng Thanh Vy,Độc thân,Trung cấp,1,"[""Giải quyết khiếu nại nhanh, khách hàng hài lòng với kết quả."", ""Nhân viên giao tiếp tốt, xử lý yêu cầu đúng hẹn và tận tâm."", ""Dịch vụ đáp ứng yêu cầu cơ bản, chưa phát sinh vấn đề đáng kể."", ""Khách hàng đánh giá cao sự chủ động và trách nhiệm của bộ phận hỗ trợ."", ""Chăm sóc khách hàng tốt, thời gian phản hồi ngắn."", ""Phản hồi thắc mắc đầy đủ, hỗ trợ xuyên suốt quá trình đặt hàng."", ""Dịch vụ ổn định, nhân viên luôn sẵn sàng hỗ trợ khi cần."", ""Khách hàng không có thêm phản hồi về chất lượng hỗ trợ."", ""Tư vấn chi tiết, thái độ chuyên nghiệp và thân thiện."", ""Khách hàng đánh giá nhân viên hỗ trợ rất nhiệt tình, phản hồi nhanh và giải quyết vấn đề hiệu quả."", ""Cần cải thiện tốc độ hỗ trợ vào giờ cao điểm."", ""Hỗ trợ nhanh chóng, tư vấn rõ ràng, khách hàng hài lòng với trải nghiệm."", ""Khách hàng đánh giá mức độ hài lòng ở mức khá."", ""Dịch vụ chăm sóc khách hàng chuyên nghiệp, thái độ thân thiện và lịch sự."", ""Một số thắc mắc phải liên hệ nhiều lần mới được giải quyết."", ""Quá trình hỗ trợ diễn ra bình thường, đúng quy trình."", ""Khách hàng phản ánh thời gian phản hồi còn chậm nhưng vấn đề đã được xử lý."", ""Khách hàng mong muốn nhân viên tư vấn chi tiết hơn.""]"
EMP0107,Hồ Thanh Yến,Độc thân,Đại học,17,"[""Khách hàng đánh giá mức độ hài lòng ở mức khá."", ""Khách hàng mong muốn nhân viên tư vấn chi tiết hơn."", ""Hỗ trợ nhanh chóng, tư vấn rõ ràng, khách hàng hài lòng với trải nghiệm."", ""Tư vấn chi tiết, thái độ chuyên nghiệp và thân thiện."", ""Chăm sóc khách hàng tốt, thời gian phản hồi ngắn."", ""Nhân viên giao tiếp tốt, xử lý yêu cầu đúng hẹn và tận tâm."", ""Giải quyết khiếu nại nhanh, khách hàng hài lòng với kết quả."", ""Phản hồi thắc mắc đầy đủ, hỗ trợ xuyên suốt quá trình đặt hàng."", ""Cần cải thiện tốc độ hỗ trợ vào giờ cao điểm."", ""Khách hàng đánh giá nhân viên hỗ trợ rất nhiệt tình, phản hồi nhanh và giải quyết vấn đề hiệu quả."", ""Dịch vụ chăm sóc khách hàng chuyên nghiệp, thái độ thân thiện và lịch sự."", ""Dịch vụ ổn định, nhân viên luôn sẵn sàng hỗ trợ khi cần."", ""Khách hàng đánh giá cao sự chủ động và trách nhiệm của bộ phận hỗ trợ."", ""Một số thắc mắc phải liên hệ nhiều lần mới được giải quyết."", ""Quá trình hỗ trợ diễn ra bình thường, đúng quy trình."", ""Khách hàng phản ánh thời gian phản hồi còn chậm nhưng vấn đề đã được xử lý."", ""Dịch vụ đáp ứng yêu cầu cơ bản, chưa phát sinh vấn đề đáng kể."", ""Khách hàng không có thêm phản hồi về chất lượng hỗ trợ.""]"
EMP0108,Phạm Văn Phúc,Đã kết hôn,Đại học,17,"[""Chăm sóc khách hàng tốt, thời gian phản hồi ngắn."", ""Dịch vụ chăm sóc khách hàng chuyên nghiệp, thái độ thân thiện và lịch sự."", ""Quá trình hỗ trợ diễn ra bình thường, đúng quy trình."", ""Khách hàng phản ánh thời gian phản hồi còn chậm nhưng vấn đề đã được xử lý."", ""Giải quyết khiếu nại nhanh, khách hàng hài lòng với kết quả."", ""Khách hàng đánh giá mức độ hài lòng ở mức khá."", ""Tư vấn chi tiết, thái độ chuyên nghiệp và thân thiện."", ""Dịch vụ ổn định, nhân viên luôn sẵn sàng hỗ trợ khi cần."", ""Dịch vụ đáp ứng yêu cầu cơ bản, chưa phát sinh vấn đề đáng kể."", ""Cần cải thiện tốc độ hỗ trợ vào giờ cao điểm."", ""Nhân viên giao tiếp tốt, xử lý yêu cầu đúng hẹn và tận tâm."", ""Khách hàng đánh giá nhân viên hỗ trợ rất nhiệt tình, phản hồi nhanh và giải quyết vấn đề hiệu quả."", ""Hỗ trợ nhanh chóng, tư vấn rõ ràng, khách hàng hài lòng với trải nghiệm."", ""Một số thắc mắc phải liên hệ nhiều lần mới được giải quyết."", ""Khách hàng mong muốn nhân viên tư vấn chi tiết hơn."", ""Khách hàng không có thêm phản hồi về chất lượng hỗ trợ."", ""Phản hồi thắc mắc đầy đủ, hỗ trợ xuyên suốt quá trình đặt hàng."", ""Khách hàng đánh giá cao sự chủ động và trách nhiệm của bộ phận hỗ trợ.""]"
EMP0109,Hồ Thanh Trang,Độc thân,Cao đẳng,17,"[""Giải quyết khiếu nại nhanh, khách hàng hài lòng với kết quả."", ""Dịch vụ chăm sóc khách hàng chuyên nghiệp, thái độ thân thiện và lịch sự."", ""Phản hồi thắc mắc đầy đủ, hỗ trợ xuyên suốt quá trình đặt hàng."", ""Chăm sóc khách hàng tốt, thời gian phản hồi ngắn."", ""Hỗ trợ nhanh chóng, tư vấn rõ ràng, khách hàng hài lòng với trải nghiệm."", ""Nhân viên giao tiếp tốt, xử lý yêu cầu đúng hẹn và tận tâm."", ""Khách hàng đánh giá nhân viên hỗ trợ rất nhiệt tình, phản hồi nhanh và giải quyết vấn đề hiệu quả."", ""Khách hàng không có thêm phản hồi về chất lượng hỗ trợ."", ""Khách hàng đánh giá cao sự chủ động và trách nhiệm của bộ phận hỗ trợ."", ""Khách hàng đánh giá mức độ hài lòng ở mức khá."", ""Khách hàng phản ánh thời gian phản hồi còn chậm nhưng vấn đề đã được xử lý."", ""Tư vấn chi tiết, thái độ chuyên nghiệp và thân thiện."", ""Dịch vụ ổn định, nhân viên luôn sẵn sàng hỗ trợ khi cần."", ""Dịch vụ đáp ứng yêu cầu cơ bản, chưa phát sinh vấn đề đáng kể."", ""Một số thắc mắc phải liên hệ nhiều lần mới được giải quyết."", ""Cần cải thiện tốc độ hỗ trợ vào giờ cao điểm."", ""Quá trình hỗ trợ diễn ra bình thường, đúng quy trình."", ""Khách hàng mong muốn nhân viên tư vấn chi tiết hơn.""]"
EMP0110,Trần Thị Phúc,Đã kết hôn,Đại học,11,"[""Nhân viên giao tiếp tốt, xử lý yêu cầu đúng hẹn và tận tâm."", ""Giải quyết khiếu nại nhanh, khách hàng hài lòng với kết quả."", ""Hỗ trợ nhanh chóng, tư vấn rõ ràng, khách hàng hài lòng với trải nghiệm."", ""Khách hàng đánh giá mức độ hài lòng ở mức khá."", ""Quá trình hỗ trợ diễn ra bình thường, đúng quy trình."", ""Khách hàng đánh giá nhân viên hỗ trợ rất nhiệt tình, phản hồi nhanh và giải quyết vấn đề hiệu quả."", ""Phản hồi thắc mắc đầy đủ, hỗ trợ xuyên suốt quá trình đặt hàng."", ""Khách hàng không có thêm phản hồi về chất lượng hỗ trợ."", ""Tư vấn chi tiết, thái độ chuyên nghiệp và thân thiện."", ""Dịch vụ ổn định, nhân viên luôn sẵn sàng hỗ trợ khi cần."", ""Khách hàng đánh giá cao sự chủ động và trách nhiệm của bộ phận hỗ trợ."", ""Một số thắc mắc phải liên hệ nhiều lần mới được giải quyết."", ""Chăm sóc khách hàng tốt, thời gian phản hồi ngắn."", ""Cần cải thiện tốc độ hỗ trợ vào giờ cao điểm."", ""Dịch vụ đáp ứng yêu cầu cơ bản, chưa phát sinh vấn đề đáng kể."", ""Dịch vụ chăm sóc khách hàng chuyên nghiệp, thái độ thân thiện và lịch sự."", ""Khách hàng mong muốn nhân viên tư vấn chi tiết hơn."", ""Khách hàng phản ánh thời gian phản hồi còn chậm nhưng vấn đề đã được xử lý.""]"
EMP0111,Trần Ngọc Lan,Đã kết hôn,Cao đẳng,4,"[""Khách hàng đánh giá cao sự chủ động và trách nhiệm của bộ phận hỗ trợ."", ""Chăm sóc khách hàng tốt, thời gian phản hồi ngắn."", ""Hỗ trợ nhanh chóng, tư vấn rõ ràng, khách hàng hài lòng với trải nghiệm."", ""Tư vấn chi tiết, thái độ chuyên nghiệp và thân thiện."", ""Khách hàng không có thêm phản hồi về chất lượng hỗ trợ."", ""Dịch vụ chăm sóc khách hàng chuyên nghiệp, thái độ thân thiện và lịch sự."", ""Nhân viên giao tiếp tốt, xử lý yêu cầu đúng hẹn và tận tâm."", ""Quá trình hỗ trợ diễn ra bình thường, đúng quy trình."", ""Khách hàng đánh giá nhân viên hỗ trợ rất nhiệt tình, phản hồi nhanh và giải quyết vấn đề hiệu quả."", ""Phản hồi thắc mắc đầy đủ, hỗ trợ xuyên suốt quá trình đặt hàng."", ""Giải quyết khiếu nại nhanh, khách hàng hài lòng với kết quả."", ""Một số thắc mắc phải liên hệ nhiều lần mới được giải quyết."", ""Cần cải thiện tốc độ hỗ trợ vào giờ cao điểm."", ""Khách hàng đánh giá mức độ hài lòng ở mức khá."", ""Dịch vụ ổn định, nhân viên luôn sẵn sàng hỗ trợ khi cần."", ""Khách hàng phản ánh thời gian phản hồi còn chậm nhưng vấn đề đã được xử lý."", ""Dịch vụ đáp ứng yêu cầu cơ bản, chưa phát sinh vấn đề đáng kể."", ""Khách hàng mong muốn nhân viên tư vấn chi tiết hơn.""]"
EMP0112,Nguyễn Hữu Bình,Đã kết hôn,Đại học,15,"[""Nhân viên giao tiếp tốt, xử lý yêu cầu đúng hẹn và tận tâm."", ""Cần cải thiện tốc độ hỗ trợ vào giờ cao điểm."", ""Dịch vụ chăm sóc khách hàng chuyên nghiệp, thái độ thân thiện và lịch sự."", ""Chăm sóc khách hàng tốt, thời gian phản hồi ngắn."", ""Một số thắc mắc phải liên hệ nhiều lần mới được giải quyết."", ""Dịch vụ ổn định, nhân viên luôn sẵn sàng hỗ trợ khi cần."", ""Giải quyết khiếu nại nhanh, khách hàng hài lòng với kết quả."", ""Phản hồi thắc mắc đầy đủ, hỗ trợ xuyên suốt quá trình đặt hàng."", ""Khách hàng đánh giá cao sự chủ động và trách nhiệm của bộ phận hỗ trợ."", ""Hỗ trợ nhanh chóng, tư vấn rõ ràng, khách hàng hài lòng với trải nghiệm."", ""Tư vấn chi tiết, thái độ chuyên nghiệp và thân thiện."", ""Dịch vụ đáp ứng yêu cầu cơ bản, chưa phát sinh vấn đề đáng kể."", ""Quá trình hỗ trợ diễn ra bình thường, đúng quy trình."", ""Khách hàng đánh giá mức độ hài lòng ở mức khá."", ""Khách hàng không có thêm phản hồi về chất lượng hỗ trợ."", ""Khách hàng mong muốn nhân viên tư vấn chi tiết hơn."", ""Khách hàng đánh giá nhân viên hỗ trợ rất nhiệt tình, phản hồi nhanh và giải quyết vấn đề hiệu quả."", ""Khách hàng phản ánh thời gian phản hồi còn chậm nhưng vấn đề đã được xử lý.""]"
EMP0113,Vũ Văn Bình,Độc thân,Sau đại học,13,"[""Chăm sóc khách hàng tốt, thời gian phản hồi ngắn."", ""Một số thắc mắc phải liên hệ nhiều lần mới được giải quyết."", ""Khách hàng đánh giá nhân viên hỗ trợ rất nhiệt tình, phản hồi nhanh và giải quyết vấn đề hiệu quả."", ""Phản hồi thắc mắc đầy đủ, hỗ trợ xuyên suốt quá trình đặt hàng."", ""Nhân viên giao tiếp tốt, xử lý yêu cầu đúng hẹn và tận tâm."", ""Hỗ trợ nhanh chóng, tư vấn rõ ràng, khách hàng hài lòng với trải nghiệm."", ""Khách hàng đánh giá cao sự chủ động và trách nhiệm của bộ phận hỗ trợ."", ""Giải quyết khiếu nại nhanh, khách hàng hài lòng với kết quả."", ""Dịch vụ ổn định, nhân viên luôn sẵn sàng hỗ trợ khi cần."", ""Quá trình hỗ trợ diễn ra bình thường, đúng quy trình."", ""Dịch vụ chăm sóc khách hàng chuyên nghiệp, thái độ thân thiện và lịch sự."", ""Cần cải thiện tốc độ hỗ trợ vào giờ cao điểm."", ""Khách hàng không có thêm phản hồi về chất lượng hỗ trợ."", ""Khách hàng mong muốn nhân viên tư vấn chi tiết hơn."", ""Dịch vụ đáp ứng yêu cầu cơ bản, chưa phát sinh vấn đề đáng kể."", ""Tư vấn chi tiết, thái độ chuyên nghiệp và thân thiện."", ""Khách hàng đánh giá mức độ hài lòng ở mức khá."", ""Khách hàng phản ánh thời gian phản hồi còn chậm nhưng vấn đề đã được xử lý.""]"
EMP0114,Phan Anh Lan,Độc thân,Cao đẳng,4,"[""Dịch vụ đáp ứng yêu cầu cơ bản, chưa phát sinh vấn đề đáng kể."", ""Nhân viên giao tiếp tốt, xử lý yêu cầu đúng hẹn và tận tâm."", ""Chăm sóc khách hàng tốt, thời gian phản hồi ngắn."", ""Dịch vụ chăm sóc khách hàng chuyên nghiệp, thái độ thân thiện và lịch sự."", ""Hỗ trợ nhanh chóng, tư vấn rõ ràng, khách hàng hài lòng với trải nghiệm."", ""Khách hàng đánh giá mức độ hài lòng ở mức khá."", ""Khách hàng đánh giá cao sự chủ động và trách nhiệm của bộ phận hỗ trợ."", ""Khách hàng mong muốn nhân viên tư vấn chi tiết hơn."", ""Dịch vụ ổn định, nhân viên luôn sẵn sàng hỗ trợ khi cần."", ""Phản hồi thắc mắc đầy đủ, hỗ trợ xuyên suốt quá trình đặt hàng."", ""Cần cải thiện tốc độ hỗ trợ vào giờ cao điểm."", ""Giải quyết khiếu nại nhanh, khách hàng hài lòng với kết quả."", ""Quá trình hỗ trợ diễn ra bình thường, đúng quy trình."", ""Tư vấn chi tiết, thái độ chuyên nghiệp và thân thiện."", ""Khách hàng phản ánh thời gian phản hồi còn chậm nhưng vấn đề đã được xử lý."", ""Khách hàng không có thêm phản hồi về chất lượng hỗ trợ."", ""Khách hàng đánh giá nhân viên hỗ trợ rất nhiệt tình, phản hồi nhanh và giải quyết vấn đề hiệu quả."", ""Một số thắc mắc phải liên hệ nhiều lần mới được giải quyết.""]"
EMP0115,Huỳnh Đức Nam,Đã kết hôn,Đại học,10,"[""Giải quyết khiếu nại nhanh, khách hàng hài lòng với kết quả."", ""Khách hàng đánh giá nhân viên hỗ trợ rất nhiệt tình, phản hồi nhanh và giải quyết vấn đề hiệu quả."", ""Khách hàng đánh giá cao sự chủ động và trách nhiệm của bộ phận hỗ trợ."", ""Cần cải thiện tốc độ hỗ trợ vào giờ cao điểm."", ""Phản hồi thắc mắc đầy đủ, hỗ trợ xuyên suốt quá trình đặt hàng."", ""Dịch vụ chăm sóc khách hàng chuyên nghiệp, thái độ thân thiện và lịch sự."", ""Khách hàng không có thêm phản hồi về chất lượng hỗ trợ."", ""Dịch vụ đáp ứng yêu cầu cơ bản, chưa phát sinh vấn đề đáng kể."", ""Hỗ trợ nhanh chóng, tư vấn rõ ràng, khách hàng hài lòng với trải nghiệm."", ""Khách hàng đánh giá mức độ hài lòng ở mức khá."", ""Dịch vụ ổn định, nhân viên luôn sẵn sàng hỗ trợ khi cần."", ""Tư vấn chi tiết, thái độ chuyên nghiệp và thân thiện."", ""Nhân viên giao tiếp tốt, xử lý yêu cầu đúng hẹn và tận tâm."", ""Quá trình hỗ trợ diễn ra bình thường, đúng quy trình."", ""Khách hàng mong muốn nhân viên tư vấn chi tiết hơn."", ""Khách hàng phản ánh thời gian phản hồi còn chậm nhưng vấn đề đã được xử lý."", ""Một số thắc mắc phải liên hệ nhiều lần mới được giải quyết."", ""Chăm sóc khách hàng tốt, thời gian phản hồi ngắn.""]"
EMP0116,Ngô Gia Lan,Đã kết hôn,Cao đẳng,3,"[""Dịch vụ chăm sóc khách hàng chuyên nghiệp, thái độ thân thiện và lịch sự."", ""Phản hồi thắc mắc đầy đủ, hỗ trợ xuyên suốt quá trình đặt hàng."", ""Khách hàng đánh giá cao sự chủ động và trách nhiệm của bộ phận hỗ trợ."", ""Nhân viên giao tiếp tốt, xử lý yêu cầu đúng hẹn và tận tâm."", ""Chăm sóc khách hàng tốt, thời gian phản hồi ngắn."", ""Khách hàng đánh giá nhân viên hỗ trợ rất nhiệt tình, phản hồi nhanh và giải quyết vấn đề hiệu quả."", ""Khách hàng phản ánh thời gian phản hồi còn chậm nhưng vấn đề đã được xử lý."", ""Tư vấn chi tiết, thái độ chuyên nghiệp và thân thiện."", ""Giải quyết khiếu nại nhanh, khách hàng hài lòng với kết quả."", ""Một số thắc mắc phải liên hệ nhiều lần mới được giải quyết."", ""Quá trình hỗ trợ diễn ra bình thường, đúng quy trình."", ""Khách hàng không có thêm phản hồi về chất lượng hỗ trợ."", ""Hỗ trợ nhanh chóng, tư vấn rõ ràng, khách hàng hài lòng với trải nghiệm."", ""Dịch vụ ổn định, nhân viên luôn sẵn sàng hỗ trợ khi cần."", ""Khách hàng đánh giá mức độ hài lòng ở mức khá."", ""Dịch vụ đáp ứng yêu cầu cơ bản, chưa phát sinh vấn đề đáng kể."", ""Cần cải thiện tốc độ hỗ trợ vào giờ cao điểm."", ""Khách hàng mong muốn nhân viên tư vấn chi tiết hơn.""]"
EMP0117,Phan Gia Mai,Đã kết hôn,Sau đại học,14,"[""Khách hàng đánh giá cao sự chủ động và trách nhiệm của bộ phận hỗ trợ."", ""Hỗ trợ nhanh chóng, tư vấn rõ ràng, khách hàng hài lòng với trải nghiệm."", ""Dịch vụ đáp ứng yêu cầu cơ bản, chưa phát sinh vấn đề đáng kể."", ""Chăm sóc khách hàng tốt, thời gian phản hồi ngắn."", ""Dịch vụ chăm sóc khách hàng chuyên nghiệp, thái độ thân thiện và lịch sự."", ""Tư vấn chi tiết, thái độ chuyên nghiệp và thân thiện."", ""Khách hàng mong muốn nhân viên tư vấn chi tiết hơn."", ""Khách hàng đánh giá nhân viên hỗ trợ rất nhiệt tình, phản hồi nhanh và giải quyết vấn đề hiệu quả."", ""Khách hàng không có thêm phản hồi về chất lượng hỗ trợ."", ""Giải quyết khiếu nại nhanh, khách hàng hài lòng với kết quả."", ""Nhân viên giao tiếp tốt, xử lý yêu cầu đúng hẹn và tận tâm."", ""Phản hồi thắc mắc đầy đủ, hỗ trợ xuyên suốt quá trình đặt hàng."", ""Khách hàng đánh giá mức độ hài lòng ở mức khá."", ""Dịch vụ ổn định, nhân viên luôn sẵn sàng hỗ trợ khi cần."", ""Cần cải thiện tốc độ hỗ trợ vào giờ cao điểm."", ""Quá trình hỗ trợ diễn ra bình thường, đúng quy trình."", ""Một số thắc mắc phải liên hệ nhiều lần mới được giải quyết."", ""Khách hàng phản ánh thời gian phản hồi còn chậm nhưng vấn đề đã được xử lý.""]"
EMP0118,Lê Thị Linh,Đã kết hôn,Đại học,11,"[""Khách hàng đánh giá nhân viên hỗ trợ rất nhiệt tình, phản hồi nhanh và giải quyết vấn đề hiệu quả."", ""Nhân viên giao tiếp tốt, xử lý yêu cầu đúng hẹn và tận tâm."", ""Khách hàng đánh giá cao sự chủ động và trách nhiệm của bộ phận hỗ trợ."", ""Dịch vụ chăm sóc khách hàng chuyên nghiệp, thái độ thân thiện và lịch sự."", ""Quá trình hỗ trợ diễn ra bình thường, đúng quy trình."", ""Khách hàng không có thêm phản hồi về chất lượng hỗ trợ."", ""Khách hàng đánh giá mức độ hài lòng ở mức khá."", ""Tư vấn chi tiết, thái độ chuyên nghiệp và thân thiện."", ""Phản hồi thắc mắc đầy đủ, hỗ trợ xuyên suốt quá trình đặt hàng."", ""Dịch vụ ổn định, nhân viên luôn sẵn sàng hỗ trợ khi cần."", ""Khách hàng mong muốn nhân viên tư vấn chi tiết hơn."", ""Dịch vụ đáp ứng yêu cầu cơ bản, chưa phát sinh vấn đề đáng kể."", ""Giải quyết khiếu nại nhanh, khách hàng hài lòng với kết quả."", ""Hỗ trợ nhanh chóng, tư vấn rõ ràng, khách hàng hài lòng với trải nghiệm."", ""Cần cải thiện tốc độ hỗ trợ vào giờ cao điểm."", ""Một số thắc mắc phải liên hệ nhiều lần mới được giải quyết."", ""Chăm sóc khách hàng tốt, thời gian phản hồi ngắn."", ""Khách hàng phản ánh thời gian phản hồi còn chậm nhưng vấn đề đã được xử lý.""]"
EMP0119,Trần Thị Yến,Độc thân,Cao đẳng,3,"[""Quá trình hỗ trợ diễn ra bình thường, đúng quy trình."", ""Chăm sóc khách hàng tốt, thời gian phản hồi ngắn."", ""Khách hàng đánh giá nhân viên hỗ trợ rất nhiệt tình, phản hồi nhanh và giải quyết vấn đề hiệu quả."", ""Khách hàng mong muốn nhân viên tư vấn chi tiết hơn."", ""Nhân viên giao tiếp tốt, xử lý yêu cầu đúng hẹn và tận tâm."", ""Dịch vụ ổn định, nhân viên luôn sẵn sàng hỗ trợ khi cần."", ""Khách hàng không có thêm phản hồi về chất lượng hỗ trợ."", ""Dịch vụ chăm sóc khách hàng chuyên nghiệp, thái độ thân thiện và lịch sự."", ""Tư vấn chi tiết, thái độ chuyên nghiệp và thân thiện."", ""Dịch vụ đáp ứng yêu cầu cơ bản, chưa phát sinh vấn đề đáng kể."", ""Cần cải thiện tốc độ hỗ trợ vào giờ cao điểm."", ""Khách hàng đánh giá mức độ hài lòng ở mức khá."", ""Hỗ trợ nhanh chóng, tư vấn rõ ràng, khách hàng hài lòng với trải nghiệm."", ""Khách hàng phản ánh thời gian phản hồi còn chậm nhưng vấn đề đã được xử lý."", ""Phản hồi thắc mắc đầy đủ, hỗ trợ xuyên suốt quá trình đặt hàng."", ""Khách hàng đánh giá cao sự chủ động và trách nhiệm của bộ phận hỗ trợ."", ""Giải quyết khiếu nại nhanh, khách hàng hài lòng với kết quả."", ""Một số thắc mắc phải liên hệ nhiều lần mới được giải quyết.""]"
EMP0120,Đặng Quốc Sơn,Đã kết hôn,Đại học,13,"[""Tư vấn chi tiết, thái độ chuyên nghiệp và thân thiện."", ""Khách hàng đánh giá nhân viên hỗ trợ rất nhiệt tình, phản hồi nhanh và giải quyết vấn đề hiệu quả."", ""Giải quyết khiếu nại nhanh, khách hàng hài lòng với kết quả."", ""Hỗ trợ nhanh chóng, tư vấn rõ ràng, khách hàng hài lòng với trải nghiệm."", ""Khách hàng đánh giá cao sự chủ động và trách nhiệm của bộ phận hỗ trợ."", ""Dịch vụ đáp ứng yêu cầu cơ bản, chưa phát sinh vấn đề đáng kể."", ""Khách hàng đánh giá mức độ hài lòng ở mức khá."", ""Phản hồi thắc mắc đầy đủ, hỗ trợ xuyên suốt quá trình đặt hàng."", ""Dịch vụ ổn định, nhân viên luôn sẵn sàng hỗ trợ khi cần."", ""Chăm sóc khách hàng tốt, thời gian phản hồi ngắn."", ""Nhân viên giao tiếp tốt, xử lý yêu cầu đúng hẹn và tận tâm."", ""Dịch vụ chăm sóc khách hàng chuyên nghiệp, thái độ thân thiện và lịch sự."", ""Khách hàng không có thêm phản hồi về chất lượng hỗ trợ."", ""Khách hàng phản ánh thời gian phản hồi còn chậm nhưng vấn đề đã được xử lý."", ""Quá trình hỗ trợ diễn ra bình thường, đúng quy trình."", ""Một số thắc mắc phải liên hệ nhiều lần mới được giải quyết."", ""Cần cải thiện tốc độ hỗ trợ vào giờ cao điểm."", ""Khách hàng mong muốn nhân viên tư vấn chi tiết hơn.""]"
EMP0121,Lê Quốc Trang,Đã kết hôn,Cao đẳng,5,"[""Dịch vụ ổn định, nhân viên luôn sẵn sàng hỗ trợ khi cần."", ""Quá trình hỗ trợ diễn ra bình thường, đúng quy trình."", ""Nhân viên giao tiếp tốt, xử lý yêu cầu đúng hẹn và tận tâm."", ""Khách hàng đánh giá mức độ hài lòng ở mức khá."", ""Dịch vụ đáp ứng yêu cầu cơ bản, chưa phát sinh vấn đề đáng kể."", ""Giải quyết khiếu nại nhanh, khách hàng hài lòng với kết quả."", ""Chăm sóc khách hàng tốt, thời gian phản hồi ngắn."", ""Khách hàng không có thêm phản hồi về chất lượng hỗ trợ."", ""Phản hồi thắc mắc đầy đủ, hỗ trợ xuyên suốt quá trình đặt hàng."", ""Hỗ trợ nhanh chóng, tư vấn rõ ràng, khách hàng hài lòng với trải nghiệm."", ""Khách hàng phản ánh thời gian phản hồi còn chậm nhưng vấn đề đã được xử lý."", ""Tư vấn chi tiết, thái độ chuyên nghiệp và thân thiện."", ""Cần cải thiện tốc độ hỗ trợ vào giờ cao điểm."", ""Khách hàng đánh giá nhân viên hỗ trợ rất nhiệt tình, phản hồi nhanh và giải quyết vấn đề hiệu quả."", ""Một số thắc mắc phải liên hệ nhiều lần mới được giải quyết."", ""Dịch vụ chăm sóc khách hàng chuyên nghiệp, thái độ thân thiện và lịch sự."", ""Khách hàng đánh giá cao sự chủ động và trách nhiệm của bộ phận hỗ trợ."", ""Khách hàng mong muốn nhân viên tư vấn chi tiết hơn.""]"
EMP0122,Ngô Văn Hà,Đã kết hôn,Cao đẳng,9,"[""Quá trình hỗ trợ diễn ra bình thường, đúng quy trình."", ""Khách hàng đánh giá cao sự chủ động và trách nhiệm của bộ phận hỗ trợ."", ""Tư vấn chi tiết, thái độ chuyên nghiệp và thân thiện."", ""Chăm sóc khách hàng tốt, thời gian phản hồi ngắn."", ""Một số thắc mắc phải liên hệ nhiều lần mới được giải quyết."", ""Nhân viên giao tiếp tốt, xử lý yêu cầu đúng hẹn và tận tâm."", ""Khách hàng phản ánh thời gian phản hồi còn chậm nhưng vấn đề đã được xử lý."", ""Khách hàng đánh giá mức độ hài lòng ở mức khá."", ""Phản hồi thắc mắc đầy đủ, hỗ trợ xuyên suốt quá trình đặt hàng."", ""Hỗ trợ nhanh chóng, tư vấn rõ ràng, khách hàng hài lòng với trải nghiệm."", ""Giải quyết khiếu nại nhanh, khách hàng hài lòng với kết quả."", ""Khách hàng đánh giá nhân viên hỗ trợ rất nhiệt tình, phản hồi nhanh và giải quyết vấn đề hiệu quả."", ""Dịch vụ chăm sóc khách hàng chuyên nghiệp, thái độ thân thiện và lịch sự."", ""Dịch vụ ổn định, nhân viên luôn sẵn sàng hỗ trợ khi cần."", ""Khách hàng không có thêm phản hồi về chất lượng hỗ trợ."", ""Dịch vụ đáp ứng yêu cầu cơ bản, chưa phát sinh vấn đề đáng kể."", ""Khách hàng mong muốn nhân viên tư vấn chi tiết hơn."", ""Cần cải thiện tốc độ hỗ trợ vào giờ cao điểm.""]"
EMP0123,Trần Gia Khánh,Đã kết hôn,Đại học,12,"[""Dịch vụ đáp ứng yêu cầu cơ bản, chưa phát sinh vấn đề đáng kể."", ""Quá trình hỗ trợ diễn ra bình thường, đúng quy trình."", ""Phản hồi thắc mắc đầy đủ, hỗ trợ xuyên suốt quá trình đặt hàng."", ""Khách hàng đánh giá nhân viên hỗ trợ rất nhiệt tình, phản hồi nhanh và giải quyết vấn đề hiệu quả."", ""Giải quyết khiếu nại nhanh, khách hàng hài lòng với kết quả."", ""Dịch vụ ổn định, nhân viên luôn sẵn sàng hỗ trợ khi cần."", ""Khách hàng không có thêm phản hồi về chất lượng hỗ trợ."", ""Tư vấn chi tiết, thái độ chuyên nghiệp và thân thiện."", ""Chăm sóc khách hàng tốt, thời gian phản hồi ngắn."", ""Nhân viên giao tiếp tốt, xử lý yêu cầu đúng hẹn và tận tâm."", ""Cần cải thiện tốc độ hỗ trợ vào giờ cao điểm."", ""Hỗ trợ nhanh chóng, tư vấn rõ ràng, khách hàng hài lòng với trải nghiệm."", ""Dịch vụ chăm sóc khách hàng chuyên nghiệp, thái độ thân thiện và lịch sự."", ""Khách hàng đánh giá cao sự chủ động và trách nhiệm của bộ phận hỗ trợ."", ""Khách hàng đánh giá mức độ hài lòng ở mức khá."", ""Một số thắc mắc phải liên hệ nhiều lần mới được giải quyết."", ""Khách hàng phản ánh thời gian phản hồi còn chậm nhưng vấn đề đã được xử lý."", ""Khách hàng mong muốn nhân viên tư vấn chi tiết hơn.""]"
EMP0124,Võ Thanh Oanh,Đã kết hôn,Đại học,7,"[""Khách hàng đánh giá nhân viên hỗ trợ rất nhiệt tình, phản hồi nhanh và giải quyết vấn đề hiệu quả."", ""Chăm sóc khách hàng tốt, thời gian phản hồi ngắn."", ""Dịch vụ ổn định, nhân viên luôn sẵn sàng hỗ trợ khi cần."", ""Giải quyết khiếu nại nhanh, khách hàng hài lòng với kết quả."", ""Phản hồi thắc mắc đầy đủ, hỗ trợ xuyên suốt quá trình đặt hàng."", ""Dịch vụ chăm sóc khách hàng chuyên nghiệp, thái độ thân thiện và lịch sự."", ""Khách hàng đánh giá cao sự chủ động và trách nhiệm của bộ phận hỗ trợ."", ""Quá trình hỗ trợ diễn ra bình thường, đúng quy trình."", ""Nhân viên giao tiếp tốt, xử lý yêu cầu đúng hẹn và tận tâm."", ""Khách hàng phản ánh thời gian phản hồi còn chậm nhưng vấn đề đã được xử lý."", ""Dịch vụ đáp ứng yêu cầu cơ bản, chưa phát sinh vấn đề đáng kể."", ""Một số thắc mắc phải liên hệ nhiều lần mới được giải quyết."", ""Khách hàng đánh giá mức độ hài lòng ở mức khá."", ""Khách hàng không có thêm phản hồi về chất lượng hỗ trợ."", ""Tư vấn chi tiết, thái độ chuyên nghiệp và thân thiện."", ""Cần cải thiện tốc độ hỗ trợ vào giờ cao điểm."", ""Hỗ trợ nhanh chóng, tư vấn rõ ràng, khách hàng hài lòng với trải nghiệm."", ""Khách hàng mong muốn nhân viên tư vấn chi tiết hơn.""]"
EMP0125,Lê Quốc Mai,Độc thân,Đại học,13,"[""Chăm sóc khách hàng tốt, thời gian phản hồi ngắn."", ""Khách hàng đánh giá nhân viên hỗ trợ rất nhiệt tình, phản hồi nhanh và giải quyết vấn đề hiệu quả."", ""Quá trình hỗ trợ diễn ra bình thường, đúng quy trình."", ""Tư vấn chi tiết, thái độ chuyên nghiệp và thân thiện."", ""Phản hồi thắc mắc đầy đủ, hỗ trợ xuyên suốt quá trình đặt hàng."", ""Giải quyết khiếu nại nhanh, khách hàng hài lòng với kết quả."", ""Nhân viên giao tiếp tốt, xử lý yêu cầu đúng hẹn và tận tâm."", ""Dịch vụ ổn định, nhân viên luôn sẵn sàng hỗ trợ khi cần."", ""Dịch vụ đáp ứng yêu cầu cơ bản, chưa phát sinh vấn đề đáng kể."", ""Khách hàng không có thêm phản hồi về chất lượng hỗ trợ."", ""Khách hàng phản ánh thời gian phản hồi còn chậm nhưng vấn đề đã được xử lý."", ""Hỗ trợ nhanh chóng, tư vấn rõ ràng, khách hàng hài lòng với trải nghiệm."", ""Khách hàng đánh giá mức độ hài lòng ở mức khá."", ""Một số thắc mắc phải liên hệ nhiều lần mới được giải quyết."", ""Khách hàng đánh giá cao sự chủ động và trách nhiệm của bộ phận hỗ trợ."", ""Dịch vụ chăm sóc khách hàng chuyên nghiệp, thái độ thân thiện và lịch sự."", ""Cần cải thiện tốc độ hỗ trợ vào giờ cao điểm."", ""Khách hàng mong muốn nhân viên tư vấn chi tiết hơn.""]"
EMP0126,Hồ Anh Nam,Đã kết hôn,Đại học,18,"[""Dịch vụ chăm sóc khách hàng chuyên nghiệp, thái độ thân thiện và lịch sự."", ""Tư vấn chi tiết, thái độ chuyên nghiệp và thân thiện."", ""Khách hàng đánh giá mức độ hài lòng ở mức khá."", ""Quá trình hỗ trợ diễn ra bình thường, đúng quy trình."", ""Khách hàng đánh giá cao sự chủ động và trách nhiệm của bộ phận hỗ trợ."", ""Phản hồi thắc mắc đầy đủ, hỗ trợ xuyên suốt quá trình đặt hàng."", ""Khách hàng không có thêm phản hồi về chất lượng hỗ trợ."", ""Giải quyết khiếu nại nhanh, khách hàng hài lòng với kết quả."", ""Hỗ trợ nhanh chóng, tư vấn rõ ràng, khách hàng hài lòng với trải nghiệm."", ""Chăm sóc khách hàng tốt, thời gian phản hồi ngắn."", ""Một số thắc mắc phải liên hệ nhiều lần mới được giải quyết."", ""Nhân viên giao tiếp tốt, xử lý yêu cầu đúng hẹn và tận tâm."", ""Khách hàng đánh giá nhân viên hỗ trợ rất nhiệt tình, phản hồi nhanh và giải quyết vấn đề hiệu quả."", ""Dịch vụ đáp ứng yêu cầu cơ bản, chưa phát sinh vấn đề đáng kể."", ""Dịch vụ ổn định, nhân viên luôn sẵn sàng hỗ trợ khi cần."", ""Khách hàng mong muốn nhân viên tư vấn chi tiết hơn."", ""Cần cải thiện tốc độ hỗ trợ vào giờ cao điểm."", ""Khách hàng phản ánh thời gian phản hồi còn chậm nhưng vấn đề đã được xử lý.""]"
EMP0127,Đỗ Gia Hà,Độc thân,Đại học,16,"[""Chăm sóc khách hàng tốt, thời gian phản hồi ngắn."", ""Tư vấn chi tiết, thái độ chuyên nghiệp và thân thiện."", ""Khách hàng mong muốn nhân viên tư vấn chi tiết hơn."", ""Dịch vụ chăm sóc khách hàng chuyên nghiệp, thái độ thân thiện và lịch sự."", ""Dịch vụ đáp ứng yêu cầu cơ bản, chưa phát sinh vấn đề đáng kể."", ""Quá trình hỗ trợ diễn ra bình thường, đúng quy trình."", ""Dịch vụ ổn định, nhân viên luôn sẵn sàng hỗ trợ khi cần."", ""Khách hàng phản ánh thời gian phản hồi còn chậm nhưng vấn đề đã được xử lý."", ""Khách hàng đánh giá cao sự chủ động và trách nhiệm của bộ phận hỗ trợ."", ""Giải quyết khiếu nại nhanh, khách hàng hài lòng với kết quả."", ""Phản hồi thắc mắc đầy đủ, hỗ trợ xuyên suốt quá trình đặt hàng."", ""Khách hàng đánh giá nhân viên hỗ trợ rất nhiệt tình, phản hồi nhanh và giải quyết vấn đề hiệu quả."", ""Khách hàng đánh giá mức độ hài lòng ở mức khá."", ""Hỗ trợ nhanh chóng, tư vấn rõ ràng, khách hàng hài lòng với trải nghiệm."", ""Khách hàng không có thêm phản hồi về chất lượng hỗ trợ."", ""Nhân viên giao tiếp tốt, xử lý yêu cầu đúng hẹn và tận tâm."", ""Một số thắc mắc phải liên hệ nhiều lần mới được giải quyết."", ""Cần cải thiện tốc độ hỗ trợ vào giờ cao điểm.""]"
EMP0128,Huỳnh Quốc An,Độc thân,Đại học,3,"[""Tư vấn chi tiết, thái độ chuyên nghiệp và thân thiện."", ""Khách hàng không có thêm phản hồi về chất lượng hỗ trợ."", ""Phản hồi thắc mắc đầy đủ, hỗ trợ xuyên suốt quá trình đặt hàng."", ""Khách hàng đánh giá nhân viên hỗ trợ rất nhiệt tình, phản hồi nhanh và giải quyết vấn đề hiệu quả."", ""Khách hàng đánh giá cao sự chủ động và trách nhiệm của bộ phận hỗ trợ."", ""Dịch vụ ổn định, nhân viên luôn sẵn sàng hỗ trợ khi cần."", ""Dịch vụ đáp ứng yêu cầu cơ bản, chưa phát sinh vấn đề đáng kể."", ""Chăm sóc khách hàng tốt, thời gian phản hồi ngắn."", ""Giải quyết khiếu nại nhanh, khách hàng hài lòng với kết quả."", ""Cần cải thiện tốc độ hỗ trợ vào giờ cao điểm."", ""Nhân viên giao tiếp tốt, xử lý yêu cầu đúng hẹn và tận tâm."", ""Khách hàng đánh giá mức độ hài lòng ở mức khá."", ""Dịch vụ chăm sóc khách hàng chuyên nghiệp, thái độ thân thiện và lịch sự."", ""Hỗ trợ nhanh chóng, tư vấn rõ ràng, khách hàng hài lòng với trải nghiệm."", ""Khách hàng phản ánh thời gian phản hồi còn chậm nhưng vấn đề đã được xử lý."", ""Quá trình hỗ trợ diễn ra bình thường, đúng quy trình."", ""Khách hàng mong muốn nhân viên tư vấn chi tiết hơn."", ""Một số thắc mắc phải liên hệ nhiều lần mới được giải quyết.""]"
EMP0129,Hồ Văn Bình,Độc thân,Cao đẳng,6,"[""Khách hàng đánh giá nhân viên hỗ trợ rất nhiệt tình, phản hồi nhanh và giải quyết vấn đề hiệu quả."", ""Quá trình hỗ trợ diễn ra bình thường, đúng quy trình."", ""Phản hồi thắc mắc đầy đủ, hỗ trợ xuyên suốt quá trình đặt hàng."", ""Dịch vụ chăm sóc khách hàng chuyên nghiệp, thái độ thân thiện và lịch sự."", ""Chăm sóc khách hàng tốt, thời gian phản hồi ngắn."", ""Dịch vụ đáp ứng yêu cầu cơ bản, chưa phát sinh vấn đề đáng kể."", ""Tư vấn chi tiết, thái độ chuyên nghiệp và thân thiện."", ""Giải quyết khiếu nại nhanh, khách hàng hài lòng với kết quả."", ""Khách hàng đánh giá cao sự chủ động và trách nhiệm của bộ phận hỗ trợ."", ""Hỗ trợ nhanh chóng, tư vấn rõ ràng, khách hàng hài lòng với trải nghiệm."", ""Một số thắc mắc phải liên hệ nhiều lần mới được giải quyết."", ""Dịch vụ ổn định, nhân viên luôn sẵn sàng hỗ trợ khi cần."", ""Khách hàng mong muốn nhân viên tư vấn chi tiết hơn."", ""Khách hàng phản ánh thời gian phản hồi còn chậm nhưng vấn đề đã được xử lý."", ""Khách hàng không có thêm phản hồi về chất lượng hỗ trợ."", ""Nhân viên giao tiếp tốt, xử lý yêu cầu đúng hẹn và tận tâm."", ""Cần cải thiện tốc độ hỗ trợ vào giờ cao điểm."", ""Khách hàng đánh giá mức độ hài lòng ở mức khá.""]"
EMP0130,Bùi Minh Bình,Độc thân,Đại học,15,"[""Khách hàng đánh giá nhân viên hỗ trợ rất nhiệt tình, phản hồi nhanh và giải quyết vấn đề hiệu quả."", ""Hỗ trợ nhanh chóng, tư vấn rõ ràng, khách hàng hài lòng với trải nghiệm."", ""Giải quyết khiếu nại nhanh, khách hàng hài lòng với kết quả."", ""Phản hồi thắc mắc đầy đủ, hỗ trợ xuyên suốt quá trình đặt hàng."", ""Dịch vụ ổn định, nhân viên luôn sẵn sàng hỗ trợ khi cần."", ""Chăm sóc khách hàng tốt, thời gian phản hồi ngắn."", ""Dịch vụ chăm sóc khách hàng chuyên nghiệp, thái độ thân thiện và lịch sự."", ""Tư vấn chi tiết, thái độ chuyên nghiệp và thân thiện."", ""Khách hàng đánh giá cao sự chủ động và trách nhiệm của bộ phận hỗ trợ."", ""Khách hàng đánh giá mức độ hài lòng ở mức khá."", ""Khách hàng không có thêm phản hồi về chất lượng hỗ trợ."", ""Cần cải thiện tốc độ hỗ trợ vào giờ cao điểm."", ""Một số thắc mắc phải liên hệ nhiều lần mới được giải quyết."", ""Quá trình hỗ trợ diễn ra bình thường, đúng quy trình."", ""Nhân viên giao tiếp tốt, xử lý yêu cầu đúng hẹn và tận tâm."", ""Dịch vụ đáp ứng yêu cầu cơ bản, chưa phát sinh vấn đề đáng kể."", ""Khách hàng phản ánh thời gian phản hồi còn chậm nhưng vấn đề đã được xử lý."", ""Khách hàng mong muốn nhân viên tư vấn chi tiết hơn.""]"
EMP0131,Bùi Ngọc Lan,Độc thân,Đại học,8,"[""Khách hàng không có thêm phản hồi về chất lượng hỗ trợ."", ""Dịch vụ ổn định, nhân viên luôn sẵn sàng hỗ trợ khi cần."", ""Một số thắc mắc phải liên hệ nhiều lần mới được giải quyết."", ""Quá trình hỗ trợ diễn ra bình thường, đúng quy trình."", ""Nhân viên giao tiếp tốt, xử lý yêu cầu đúng hẹn và tận tâm."", ""Khách hàng đánh giá nhân viên hỗ trợ rất nhiệt tình, phản hồi nhanh và giải quyết vấn đề hiệu quả."", ""Tư vấn chi tiết, thái độ chuyên nghiệp và thân thiện."", ""Khách hàng đánh giá mức độ hài lòng ở mức khá."", ""Khách hàng mong muốn nhân viên tư vấn chi tiết hơn."", ""Giải quyết khiếu nại nhanh, khách hàng hài lòng với kết quả."", ""Khách hàng phản ánh thời gian phản hồi còn chậm nhưng vấn đề đã được xử lý."", ""Hỗ trợ nhanh chóng, tư vấn rõ ràng, khách hàng hài lòng với trải nghiệm."", ""Chăm sóc khách hàng tốt, thời gian phản hồi ngắn."", ""Phản hồi thắc mắc đầy đủ, hỗ trợ xuyên suốt quá trình đặt hàng."", ""Khách hàng đánh giá cao sự chủ động và trách nhiệm của bộ phận hỗ trợ."", ""Dịch vụ chăm sóc khách hàng chuyên nghiệp, thái độ thân thiện và lịch sự."", ""Cần cải thiện tốc độ hỗ trợ vào giờ cao điểm."", ""Dịch vụ đáp ứng yêu cầu cơ bản, chưa phát sinh vấn đề đáng kể.""]"
EMP0132,Bùi Thị Mai,Đã kết hôn,Sau đại học,8,"[""Khách hàng đánh giá nhân viên hỗ trợ rất nhiệt tình, phản hồi nhanh và giải quyết vấn đề hiệu quả."", ""Phản hồi thắc mắc đầy đủ, hỗ trợ xuyên suốt quá trình đặt hàng."", ""Hỗ trợ nhanh chóng, tư vấn rõ ràng, khách hàng hài lòng với trải nghiệm."", ""Tư vấn chi tiết, thái độ chuyên nghiệp và thân thiện."", ""Quá trình hỗ trợ diễn ra bình thường, đúng quy trình."", ""Dịch vụ chăm sóc khách hàng chuyên nghiệp, thái độ thân thiện và lịch sự."", ""Khách hàng đánh giá cao sự chủ động và trách nhiệm của bộ phận hỗ trợ."", ""Khách hàng phản ánh thời gian phản hồi còn chậm nhưng vấn đề đã được xử lý."", ""Giải quyết khiếu nại nhanh, khách hàng hài lòng với kết quả."", ""Chăm sóc khách hàng tốt, thời gian phản hồi ngắn."", ""Dịch vụ đáp ứng yêu cầu cơ bản, chưa phát sinh vấn đề đáng kể."", ""Nhân viên giao tiếp tốt, xử lý yêu cầu đúng hẹn và tận tâm."", ""Dịch vụ ổn định, nhân viên luôn sẵn sàng hỗ trợ khi cần."", ""Một số thắc mắc phải liên hệ nhiều lần mới được giải quyết."", ""Khách hàng không có thêm phản hồi về chất lượng hỗ trợ."", ""Khách hàng đánh giá mức độ hài lòng ở mức khá."", ""Cần cải thiện tốc độ hỗ trợ vào giờ cao điểm."", ""Khách hàng mong muốn nhân viên tư vấn chi tiết hơn.""]"
EMP0133,Phan Anh Lan,Đã kết hôn,Đại học,7,"[""Quá trình hỗ trợ diễn ra bình thường, đúng quy trình."", ""Khách hàng đánh giá mức độ hài lòng ở mức khá."", ""Khách hàng đánh giá cao sự chủ động và trách nhiệm của bộ phận hỗ trợ."", ""Dịch vụ ổn định, nhân viên luôn sẵn sàng hỗ trợ khi cần."", ""Hỗ trợ nhanh chóng, tư vấn rõ ràng, khách hàng hài lòng với trải nghiệm."", ""Nhân viên giao tiếp tốt, xử lý yêu cầu đúng hẹn và tận tâm."", ""Giải quyết khiếu nại nhanh, khách hàng hài lòng với kết quả."", ""Dịch vụ chăm sóc khách hàng chuyên nghiệp, thái độ thân thiện và lịch sự."", ""Cần cải thiện tốc độ hỗ trợ vào giờ cao điểm."", ""Chăm sóc khách hàng tốt, thời gian phản hồi ngắn."", ""Tư vấn chi tiết, thái độ chuyên nghiệp và thân thiện."", ""Dịch vụ đáp ứng yêu cầu cơ bản, chưa phát sinh vấn đề đáng kể."", ""Phản hồi thắc mắc đầy đủ, hỗ trợ xuyên suốt quá trình đặt hàng."", ""Khách hàng phản ánh thời gian phản hồi còn chậm nhưng vấn đề đã được xử lý."", ""Khách hàng đánh giá nhân viên hỗ trợ rất nhiệt tình, phản hồi nhanh và giải quyết vấn đề hiệu quả."", ""Khách hàng không có thêm phản hồi về chất lượng hỗ trợ."", ""Một số thắc mắc phải liên hệ nhiều lần mới được giải quyết."", ""Khách hàng mong muốn nhân viên tư vấn chi tiết hơn.""]"
EMP0134,Đỗ Minh Vy,Độc thân,Cao đẳng,13,"[""Giải quyết khiếu nại nhanh, khách hàng hài lòng với kết quả."", ""Quá trình hỗ trợ diễn ra bình thường, đúng quy trình."", ""Chăm sóc khách hàng tốt, thời gian phản hồi ngắn."", ""Dịch vụ đáp ứng yêu cầu cơ bản, chưa phát sinh vấn đề đáng kể."", ""Dịch vụ ổn định, nhân viên luôn sẵn sàng hỗ trợ khi cần."", ""Khách hàng phản ánh thời gian phản hồi còn chậm nhưng vấn đề đã được xử lý."", ""Khách hàng đánh giá nhân viên hỗ trợ rất nhiệt tình, phản hồi nhanh và giải quyết vấn đề hiệu quả."", ""Phản hồi thắc mắc đầy đủ, hỗ trợ xuyên suốt quá trình đặt hàng."", ""Tư vấn chi tiết, thái độ chuyên nghiệp và thân thiện."", ""Nhân viên giao tiếp tốt, xử lý yêu cầu đúng hẹn và tận tâm."", ""Dịch vụ chăm sóc khách hàng chuyên nghiệp, thái độ thân thiện và lịch sự."", ""Một số thắc mắc phải liên hệ nhiều lần mới được giải quyết."", ""Hỗ trợ nhanh chóng, tư vấn rõ ràng, khách hàng hài lòng với trải nghiệm."", ""Khách hàng đánh giá cao sự chủ động và trách nhiệm của bộ phận hỗ trợ."", ""Khách hàng mong muốn nhân viên tư vấn chi tiết hơn."", ""Khách hàng đánh giá mức độ hài lòng ở mức khá."", ""Khách hàng không có thêm phản hồi về chất lượng hỗ trợ."", ""Cần cải thiện tốc độ hỗ trợ vào giờ cao điểm.""]"
EMP0135,Đỗ Gia Linh,Độc thân,Đại học,4,"[""Dịch vụ ổn định, nhân viên luôn sẵn sàng hỗ trợ khi cần."", ""Khách hàng phản ánh thời gian phản hồi còn chậm nhưng vấn đề đã được xử lý."", ""Hỗ trợ nhanh chóng, tư vấn rõ ràng, khách hàng hài lòng với trải nghiệm."", ""Dịch vụ chăm sóc khách hàng chuyên nghiệp, thái độ thân thiện và lịch sự."", ""Khách hàng đánh giá nhân viên hỗ trợ rất nhiệt tình, phản hồi nhanh và giải quyết vấn đề hiệu quả."", ""Tư vấn chi tiết, thái độ chuyên nghiệp và thân thiện."", ""Phản hồi thắc mắc đầy đủ, hỗ trợ xuyên suốt quá trình đặt hàng."", ""Khách hàng mong muốn nhân viên tư vấn chi tiết hơn."", ""Khách hàng không có thêm phản hồi về chất lượng hỗ trợ."", ""Dịch vụ đáp ứng yêu cầu cơ bản, chưa phát sinh vấn đề đáng kể."", ""Chăm sóc khách hàng tốt, thời gian phản hồi ngắn."", ""Nhân viên giao tiếp tốt, xử lý yêu cầu đúng hẹn và tận tâm."", ""Quá trình hỗ trợ diễn ra bình thường, đúng quy trình."", ""Giải quyết khiếu nại nhanh, khách hàng hài lòng với kết quả."", ""Khách hàng đánh giá mức độ hài lòng ở mức khá."", ""Khách hàng đánh giá cao sự chủ động và trách nhiệm của bộ phận hỗ trợ."", ""Một số thắc mắc phải liên hệ nhiều lần mới được giải quyết."", ""Cần cải thiện tốc độ hỗ trợ vào giờ cao điểm.""]"
EMP0136,Ngô Đức Yến,Đã kết hôn,Sau đại học,12,"[""Chăm sóc khách hàng tốt, thời gian phản hồi ngắn."", ""Tư vấn chi tiết, thái độ chuyên nghiệp và thân thiện."", ""Khách hàng phản ánh thời gian phản hồi còn chậm nhưng vấn đề đã được xử lý."", ""Khách hàng đánh giá mức độ hài lòng ở mức khá."", ""Khách hàng không có thêm phản hồi về chất lượng hỗ trợ."", ""Phản hồi thắc mắc đầy đủ, hỗ trợ xuyên suốt quá trình đặt hàng."", ""Cần cải thiện tốc độ hỗ trợ vào giờ cao điểm."", ""Dịch vụ ổn định, nhân viên luôn sẵn sàng hỗ trợ khi cần."", ""Dịch vụ đáp ứng yêu cầu cơ bản, chưa phát sinh vấn đề đáng kể."", ""Quá trình hỗ trợ diễn ra bình thường, đúng quy trình."", ""Khách hàng đánh giá cao sự chủ động và trách nhiệm của bộ phận hỗ trợ."", ""Giải quyết khiếu nại nhanh, khách hàng hài lòng với kết quả."", ""Nhân viên giao tiếp tốt, xử lý yêu cầu đúng hẹn và tận tâm."", ""Dịch vụ chăm sóc khách hàng chuyên nghiệp, thái độ thân thiện và lịch sự."", ""Khách hàng mong muốn nhân viên tư vấn chi tiết hơn."", ""Hỗ trợ nhanh chóng, tư vấn rõ ràng, khách hàng hài lòng với trải nghiệm."", ""Khách hàng đánh giá nhân viên hỗ trợ rất nhiệt tình, phản hồi nhanh và giải quyết vấn đề hiệu quả."", ""Một số thắc mắc phải liên hệ nhiều lần mới được giải quyết.""]"
EMP0137,Đặng Thị Mai,Độc thân,Trung cấp,9,"[""Phản hồi thắc mắc đầy đủ, hỗ trợ xuyên suốt quá trình đặt hàng."", ""Khách hàng đánh giá cao sự chủ động và trách nhiệm của bộ phận hỗ trợ."", ""Quá trình hỗ trợ diễn ra bình thường, đúng quy trình."", ""Hỗ trợ nhanh chóng, tư vấn rõ ràng, khách hàng hài lòng với trải nghiệm."", ""Cần cải thiện tốc độ hỗ trợ vào giờ cao điểm."", ""Nhân viên giao tiếp tốt, xử lý yêu cầu đúng hẹn và tận tâm."", ""Khách hàng đánh giá nhân viên hỗ trợ rất nhiệt tình, phản hồi nhanh và giải quyết vấn đề hiệu quả."", ""Dịch vụ ổn định, nhân viên luôn sẵn sàng hỗ trợ khi cần."", ""Giải quyết khiếu nại nhanh, khách hàng hài lòng với kết quả."", ""Khách hàng không có thêm phản hồi về chất lượng hỗ trợ."", ""Khách hàng đánh giá mức độ hài lòng ở mức khá."", ""Tư vấn chi tiết, thái độ chuyên nghiệp và thân thiện."", ""Khách hàng phản ánh thời gian phản hồi còn chậm nhưng vấn đề đã được xử lý."", ""Dịch vụ chăm sóc khách hàng chuyên nghiệp, thái độ thân thiện và lịch sự."", ""Chăm sóc khách hàng tốt, thời gian phản hồi ngắn."", ""Dịch vụ đáp ứng yêu cầu cơ bản, chưa phát sinh vấn đề đáng kể."", ""Khách hàng mong muốn nhân viên tư vấn chi tiết hơn."", ""Một số thắc mắc phải liên hệ nhiều lần mới được giải quyết.""]"
EMP0138,Hồ Anh An,Đã kết hôn,Cao đẳng,9,"[""Khách hàng không có thêm phản hồi về chất lượng hỗ trợ."", ""Phản hồi thắc mắc đầy đủ, hỗ trợ xuyên suốt quá trình đặt hàng."", ""Khách hàng đánh giá cao sự chủ động và trách nhiệm của bộ phận hỗ trợ."", ""Chăm sóc khách hàng tốt, thời gian phản hồi ngắn."", ""Nhân viên giao tiếp tốt, xử lý yêu cầu đúng hẹn và tận tâm."", ""Khách hàng mong muốn nhân viên tư vấn chi tiết hơn."", ""Dịch vụ chăm sóc khách hàng chuyên nghiệp, thái độ thân thiện và lịch sự."", ""Dịch vụ đáp ứng yêu cầu cơ bản, chưa phát sinh vấn đề đáng kể."", ""Dịch vụ ổn định, nhân viên luôn sẵn sàng hỗ trợ khi cần."", ""Khách hàng đánh giá nhân viên hỗ trợ rất nhiệt tình, phản hồi nhanh và giải quyết vấn đề hiệu quả."", ""Khách hàng đánh giá mức độ hài lòng ở mức khá."", ""Quá trình hỗ trợ diễn ra bình thường, đúng quy trình."", ""Tư vấn chi tiết, thái độ chuyên nghiệp và thân thiện."", ""Giải quyết khiếu nại nhanh, khách hàng hài lòng với kết quả."", ""Cần cải thiện tốc độ hỗ trợ vào giờ cao điểm."", ""Hỗ trợ nhanh chóng, tư vấn rõ ràng, khách hàng hài lòng với trải nghiệm."", ""Khách hàng phản ánh thời gian phản hồi còn chậm nhưng vấn đề đã được xử lý."", ""Một số thắc mắc phải liên hệ nhiều lần mới được giải quyết.""]"
EMP0139,Hoàng Thị Giang,Độc thân,Cao đẳng,19,"[""Quá trình hỗ trợ diễn ra bình thường, đúng quy trình."", ""Khách hàng đánh giá cao sự chủ động và trách nhiệm của bộ phận hỗ trợ."", ""Tư vấn chi tiết, thái độ chuyên nghiệp và thân thiện."", ""Hỗ trợ nhanh chóng, tư vấn rõ ràng, khách hàng hài lòng với trải nghiệm."", ""Chăm sóc khách hàng tốt, thời gian phản hồi ngắn."", ""Nhân viên giao tiếp tốt, xử lý yêu cầu đúng hẹn và tận tâm."", ""Dịch vụ đáp ứng yêu cầu cơ bản, chưa phát sinh vấn đề đáng kể."", ""Phản hồi thắc mắc đầy đủ, hỗ trợ xuyên suốt quá trình đặt hàng."", ""Cần cải thiện tốc độ hỗ trợ vào giờ cao điểm."", ""Khách hàng đánh giá nhân viên hỗ trợ rất nhiệt tình, phản hồi nhanh và giải quyết vấn đề hiệu quả."", ""Khách hàng không có thêm phản hồi về chất lượng hỗ trợ."", ""Khách hàng đánh giá mức độ hài lòng ở mức khá."", ""Khách hàng mong muốn nhân viên tư vấn chi tiết hơn."", ""Dịch vụ ổn định, nhân viên luôn sẵn sàng hỗ trợ khi cần."", ""Giải quyết khiếu nại nhanh, khách hàng hài lòng với kết quả."", ""Dịch vụ chăm sóc khách hàng chuyên nghiệp, thái độ thân thiện và lịch sự."", ""Một số thắc mắc phải liên hệ nhiều lần mới được giải quyết."", ""Khách hàng phản ánh thời gian phản hồi còn chậm nhưng vấn đề đã được xử lý.""]"
EMP0140,Lê Hữu Dũng,Đã kết hôn,Đại học,10,"[""Khách hàng không có thêm phản hồi về chất lượng hỗ trợ."", ""Khách hàng đánh giá mức độ hài lòng ở mức khá."", ""Cần cải thiện tốc độ hỗ trợ vào giờ cao điểm."", ""Phản hồi thắc mắc đầy đủ, hỗ trợ xuyên suốt quá trình đặt hàng."", ""Dịch vụ ổn định, nhân viên luôn sẵn sàng hỗ trợ khi cần."", ""Nhân viên giao tiếp tốt, xử lý yêu cầu đúng hẹn và tận tâm."", ""Chăm sóc khách hàng tốt, thời gian phản hồi ngắn."", ""Khách hàng đánh giá cao sự chủ động và trách nhiệm của bộ phận hỗ trợ."", ""Dịch vụ chăm sóc khách hàng chuyên nghiệp, thái độ thân thiện và lịch sự."", ""Hỗ trợ nhanh chóng, tư vấn rõ ràng, khách hàng hài lòng với trải nghiệm."", ""Giải quyết khiếu nại nhanh, khách hàng hài lòng với kết quả."", ""Tư vấn chi tiết, thái độ chuyên nghiệp và thân thiện."", ""Khách hàng đánh giá nhân viên hỗ trợ rất nhiệt tình, phản hồi nhanh và giải quyết vấn đề hiệu quả."", ""Khách hàng mong muốn nhân viên tư vấn chi tiết hơn."", ""Quá trình hỗ trợ diễn ra bình thường, đúng quy trình."", ""Khách hàng phản ánh thời gian phản hồi còn chậm nhưng vấn đề đã được xử lý."", ""Một số thắc mắc phải liên hệ nhiều lần mới được giải quyết."", ""Dịch vụ đáp ứng yêu cầu cơ bản, chưa phát sinh vấn đề đáng kể.""]"
EMP0141,Nguyễn Văn Hà,Đã kết hôn,Đại học,5,"[""Khách hàng đánh giá nhân viên hỗ trợ rất nhiệt tình, phản hồi nhanh và giải quyết vấn đề hiệu quả."", ""Khách hàng không có thêm phản hồi về chất lượng hỗ trợ."", ""Dịch vụ ổn định, nhân viên luôn sẵn sàng hỗ trợ khi cần."", ""Khách hàng mong muốn nhân viên tư vấn chi tiết hơn."", ""Dịch vụ chăm sóc khách hàng chuyên nghiệp, thái độ thân thiện và lịch sự."", ""Nhân viên giao tiếp tốt, xử lý yêu cầu đúng hẹn và tận tâm."", ""Quá trình hỗ trợ diễn ra bình thường, đúng quy trình."", ""Khách hàng đánh giá cao sự chủ động và trách nhiệm của bộ phận hỗ trợ."", ""Chăm sóc khách hàng tốt, thời gian phản hồi ngắn."", ""Phản hồi thắc mắc đầy đủ, hỗ trợ xuyên suốt quá trình đặt hàng."", ""Khách hàng đánh giá mức độ hài lòng ở mức khá."", ""Tư vấn chi tiết, thái độ chuyên nghiệp và thân thiện."", ""Một số thắc mắc phải liên hệ nhiều lần mới được giải quyết."", ""Giải quyết khiếu nại nhanh, khách hàng hài lòng với kết quả."", ""Dịch vụ đáp ứng yêu cầu cơ bản, chưa phát sinh vấn đề đáng kể."", ""Hỗ trợ nhanh chóng, tư vấn rõ ràng, khách hàng hài lòng với trải nghiệm."", ""Cần cải thiện tốc độ hỗ trợ vào giờ cao điểm."", ""Khách hàng phản ánh thời gian phản hồi còn chậm nhưng vấn đề đã được xử lý.""]"
EMP0142,Võ Thanh Lan,Đã kết hôn,Trung cấp,14,"[""Dịch vụ ổn định, nhân viên luôn sẵn sàng hỗ trợ khi cần."", ""Khách hàng đánh giá cao sự chủ động và trách nhiệm của bộ phận hỗ trợ."", ""Nhân viên giao tiếp tốt, xử lý yêu cầu đúng hẹn và tận tâm."", ""Khách hàng đánh giá nhân viên hỗ trợ rất nhiệt tình, phản hồi nhanh và giải quyết vấn đề hiệu quả."", ""Phản hồi thắc mắc đầy đủ, hỗ trợ xuyên suốt quá trình đặt hàng."", ""Dịch vụ chăm sóc khách hàng chuyên nghiệp, thái độ thân thiện và lịch sự."", ""Khách hàng đánh giá mức độ hài lòng ở mức khá."", ""Khách hàng mong muốn nhân viên tư vấn chi tiết hơn."", ""Tư vấn chi tiết, thái độ chuyên nghiệp và thân thiện."", ""Cần cải thiện tốc độ hỗ trợ vào giờ cao điểm."", ""Một số thắc mắc phải liên hệ nhiều lần mới được giải quyết."", ""Khách hàng phản ánh thời gian phản hồi còn chậm nhưng vấn đề đã được xử lý."", ""Khách hàng không có thêm phản hồi về chất lượng hỗ trợ."", ""Hỗ trợ nhanh chóng, tư vấn rõ ràng, khách hàng hài lòng với trải nghiệm."", ""Dịch vụ đáp ứng yêu cầu cơ bản, chưa phát sinh vấn đề đáng kể."", ""Chăm sóc khách hàng tốt, thời gian phản hồi ngắn."", ""Giải quyết khiếu nại nhanh, khách hàng hài lòng với kết quả."", ""Quá trình hỗ trợ diễn ra bình thường, đúng quy trình.""]"
EMP0143,Bùi Minh Quân,Độc thân,Đại học,11,"[""Quá trình hỗ trợ diễn ra bình thường, đúng quy trình."", ""Khách hàng đánh giá cao sự chủ động và trách nhiệm của bộ phận hỗ trợ."", ""Giải quyết khiếu nại nhanh, khách hàng hài lòng với kết quả."", ""Phản hồi thắc mắc đầy đủ, hỗ trợ xuyên suốt quá trình đặt hàng."", ""Tư vấn chi tiết, thái độ chuyên nghiệp và thân thiện."", ""Dịch vụ ổn định, nhân viên luôn sẵn sàng hỗ trợ khi cần."", ""Dịch vụ đáp ứng yêu cầu cơ bản, chưa phát sinh vấn đề đáng kể."", ""Khách hàng không có thêm phản hồi về chất lượng hỗ trợ."", ""Chăm sóc khách hàng tốt, thời gian phản hồi ngắn."", ""Dịch vụ chăm sóc khách hàng chuyên nghiệp, thái độ thân thiện và lịch sự."", ""Hỗ trợ nhanh chóng, tư vấn rõ ràng, khách hàng hài lòng với trải nghiệm."", ""Khách hàng đánh giá mức độ hài lòng ở mức khá."", ""Nhân viên giao tiếp tốt, xử lý yêu cầu đúng hẹn và tận tâm."", ""Khách hàng đánh giá nhân viên hỗ trợ rất nhiệt tình, phản hồi nhanh và giải quyết vấn đề hiệu quả."", ""Cần cải thiện tốc độ hỗ trợ vào giờ cao điểm."", ""Một số thắc mắc phải liên hệ nhiều lần mới được giải quyết."", ""Khách hàng mong muốn nhân viên tư vấn chi tiết hơn."", ""Khách hàng phản ánh thời gian phản hồi còn chậm nhưng vấn đề đã được xử lý.""]"
EMP0144,Hoàng Quốc Mai,Đã kết hôn,Đại học,16,"[""Dịch vụ đáp ứng yêu cầu cơ bản, chưa phát sinh vấn đề đáng kể."", ""Khách hàng đánh giá cao sự chủ động và trách nhiệm của bộ phận hỗ trợ."", ""Hỗ trợ nhanh chóng, tư vấn rõ ràng, khách hàng hài lòng với trải nghiệm."", ""Phản hồi thắc mắc đầy đủ, hỗ trợ xuyên suốt quá trình đặt hàng."", ""Khách hàng đánh giá nhân viên hỗ trợ rất nhiệt tình, phản hồi nhanh và giải quyết vấn đề hiệu quả."", ""Nhân viên giao tiếp tốt, xử lý yêu cầu đúng hẹn và tận tâm."", ""Tư vấn chi tiết, thái độ chuyên nghiệp và thân thiện."", ""Giải quyết khiếu nại nhanh, khách hàng hài lòng với kết quả."", ""Quá trình hỗ trợ diễn ra bình thường, đúng quy trình."", ""Cần cải thiện tốc độ hỗ trợ vào giờ cao điểm."", ""Chăm sóc khách hàng tốt, thời gian phản hồi ngắn."", ""Một số thắc mắc phải liên hệ nhiều lần mới được giải quyết."", ""Khách hàng không có thêm phản hồi về chất lượng hỗ trợ."", ""Dịch vụ ổn định, nhân viên luôn sẵn sàng hỗ trợ khi cần."", ""Khách hàng mong muốn nhân viên tư vấn chi tiết hơn."", ""Dịch vụ chăm sóc khách hàng chuyên nghiệp, thái độ thân thiện và lịch sự."", ""Khách hàng đánh giá mức độ hài lòng ở mức khá."", ""Khách hàng phản ánh thời gian phản hồi còn chậm nhưng vấn đề đã được xử lý.""]"
EMP0145,Phan Đức Hùng,Đã kết hôn,Cao đẳng,12,"[""Nhân viên giao tiếp tốt, xử lý yêu cầu đúng hẹn và tận tâm."", ""Dịch vụ chăm sóc khách hàng chuyên nghiệp, thái độ thân thiện và lịch sự."", ""Khách hàng đánh giá nhân viên hỗ trợ rất nhiệt tình, phản hồi nhanh và giải quyết vấn đề hiệu quả."", ""Khách hàng không có thêm phản hồi về chất lượng hỗ trợ."", ""Khách hàng đánh giá cao sự chủ động và trách nhiệm của bộ phận hỗ trợ."", ""Dịch vụ đáp ứng yêu cầu cơ bản, chưa phát sinh vấn đề đáng kể."", ""Tư vấn chi tiết, thái độ chuyên nghiệp và thân thiện."", ""Giải quyết khiếu nại nhanh, khách hàng hài lòng với kết quả."", ""Phản hồi thắc mắc đầy đủ, hỗ trợ xuyên suốt quá trình đặt hàng."", ""Khách hàng đánh giá mức độ hài lòng ở mức khá."", ""Chăm sóc khách hàng tốt, thời gian phản hồi ngắn."", ""Khách hàng mong muốn nhân viên tư vấn chi tiết hơn."", ""Dịch vụ ổn định, nhân viên luôn sẵn sàng hỗ trợ khi cần."", ""Hỗ trợ nhanh chóng, tư vấn rõ ràng, khách hàng hài lòng với trải nghiệm."", ""Cần cải thiện tốc độ hỗ trợ vào giờ cao điểm."", ""Quá trình hỗ trợ diễn ra bình thường, đúng quy trình."", ""Một số thắc mắc phải liên hệ nhiều lần mới được giải quyết."", ""Khách hàng phản ánh thời gian phản hồi còn chậm nhưng vấn đề đã được xử lý.""]"
EMP0146,Võ Quốc Trang,Độc thân,Đại học,11,"[""Khách hàng đánh giá nhân viên hỗ trợ rất nhiệt tình, phản hồi nhanh và giải quyết vấn đề hiệu quả."", ""Phản hồi thắc mắc đầy đủ, hỗ trợ xuyên suốt quá trình đặt hàng."", ""Hỗ trợ nhanh chóng, tư vấn rõ ràng, khách hàng hài lòng với trải nghiệm."", ""Khách hàng không có thêm phản hồi về chất lượng hỗ trợ."", ""Nhân viên giao tiếp tốt, xử lý yêu cầu đúng hẹn và tận tâm."", ""Dịch vụ chăm sóc khách hàng chuyên nghiệp, thái độ thân thiện và lịch sự."", ""Chăm sóc khách hàng tốt, thời gian phản hồi ngắn."", ""Giải quyết khiếu nại nhanh, khách hàng hài lòng với kết quả."", ""Cần cải thiện tốc độ hỗ trợ vào giờ cao điểm."", ""Khách hàng đánh giá mức độ hài lòng ở mức khá."", ""Dịch vụ đáp ứng yêu cầu cơ bản, chưa phát sinh vấn đề đáng kể."", ""Khách hàng đánh giá cao sự chủ động và trách nhiệm của bộ phận hỗ trợ."", ""Tư vấn chi tiết, thái độ chuyên nghiệp và thân thiện."", ""Một số thắc mắc phải liên hệ nhiều lần mới được giải quyết."", ""Quá trình hỗ trợ diễn ra bình thường, đúng quy trình."", ""Dịch vụ ổn định, nhân viên luôn sẵn sàng hỗ trợ khi cần."", ""Khách hàng mong muốn nhân viên tư vấn chi tiết hơn."", ""Khách hàng phản ánh thời gian phản hồi còn chậm nhưng vấn đề đã được xử lý.""]"
EMP0147,Dương Đức Oanh,Độc thân,Cao đẳng,13,"[""Giải quyết khiếu nại nhanh, khách hàng hài lòng với kết quả."", ""Quá trình hỗ trợ diễn ra bình thường, đúng quy trình."", ""Khách hàng đánh giá cao sự chủ động và trách nhiệm của bộ phận hỗ trợ."", ""Khách hàng đánh giá nhân viên hỗ trợ rất nhiệt tình, phản hồi nhanh và giải quyết vấn đề hiệu quả."", ""Hỗ trợ nhanh chóng, tư vấn rõ ràng, khách hàng hài lòng với trải nghiệm."", ""Dịch vụ ổn định, nhân viên luôn sẵn sàng hỗ trợ khi cần."", ""Tư vấn chi tiết, thái độ chuyên nghiệp và thân thiện."", ""Khách hàng không có thêm phản hồi về chất lượng hỗ trợ."", ""Dịch vụ đáp ứng yêu cầu cơ bản, chưa phát sinh vấn đề đáng kể."", ""Một số thắc mắc phải liên hệ nhiều lần mới được giải quyết."", ""Khách hàng mong muốn nhân viên tư vấn chi tiết hơn."", ""Chăm sóc khách hàng tốt, thời gian phản hồi ngắn."", ""Phản hồi thắc mắc đầy đủ, hỗ trợ xuyên suốt quá trình đặt hàng."", ""Khách hàng đánh giá mức độ hài lòng ở mức khá."", ""Dịch vụ chăm sóc khách hàng chuyên nghiệp, thái độ thân thiện và lịch sự."", ""Cần cải thiện tốc độ hỗ trợ vào giờ cao điểm."", ""Nhân viên giao tiếp tốt, xử lý yêu cầu đúng hẹn và tận tâm."", ""Khách hàng phản ánh thời gian phản hồi còn chậm nhưng vấn đề đã được xử lý.""]"
EMP0148,Hoàng Thị Hà,Đã kết hôn,Đại học,1,"[""Hỗ trợ nhanh chóng, tư vấn rõ ràng, khách hàng hài lòng với trải nghiệm."", ""Dịch vụ chăm sóc khách hàng chuyên nghiệp, thái độ thân thiện và lịch sự."", ""Khách hàng đánh giá nhân viên hỗ trợ rất nhiệt tình, phản hồi nhanh và giải quyết vấn đề hiệu quả."", ""Chăm sóc khách hàng tốt, thời gian phản hồi ngắn."", ""Khách hàng đánh giá mức độ hài lòng ở mức khá."", ""Dịch vụ ổn định, nhân viên luôn sẵn sàng hỗ trợ khi cần."", ""Khách hàng mong muốn nhân viên tư vấn chi tiết hơn."", ""Tư vấn chi tiết, thái độ chuyên nghiệp và thân thiện."", ""Giải quyết khiếu nại nhanh, khách hàng hài lòng với kết quả."", ""Khách hàng đánh giá cao sự chủ động và trách nhiệm của bộ phận hỗ trợ."", ""Nhân viên giao tiếp tốt, xử lý yêu cầu đúng hẹn và tận tâm."", ""Dịch vụ đáp ứng yêu cầu cơ bản, chưa phát sinh vấn đề đáng kể."", ""Khách hàng không có thêm phản hồi về chất lượng hỗ trợ."", ""Phản hồi thắc mắc đầy đủ, hỗ trợ xuyên suốt quá trình đặt hàng."", ""Khách hàng phản ánh thời gian phản hồi còn chậm nhưng vấn đề đã được xử lý."", ""Cần cải thiện tốc độ hỗ trợ vào giờ cao điểm."", ""Quá trình hỗ trợ diễn ra bình thường, đúng quy trình."", ""Một số thắc mắc phải liên hệ nhiều lần mới được giải quyết.""]"
EMP0149,Phan Minh Cường,Độc thân,Cao đẳng,12,"[""Giải quyết khiếu nại nhanh, khách hàng hài lòng với kết quả."", ""Khách hàng đánh giá cao sự chủ động và trách nhiệm của bộ phận hỗ trợ."", ""Nhân viên giao tiếp tốt, xử lý yêu cầu đúng hẹn và tận tâm."", ""Hỗ trợ nhanh chóng, tư vấn rõ ràng, khách hàng hài lòng với trải nghiệm."", ""Chăm sóc khách hàng tốt, thời gian phản hồi ngắn."", ""Khách hàng đánh giá mức độ hài lòng ở mức khá."", ""Khách hàng phản ánh thời gian phản hồi còn chậm nhưng vấn đề đã được xử lý."", ""Dịch vụ chăm sóc khách hàng chuyên nghiệp, thái độ thân thiện và lịch sự."", ""Dịch vụ đáp ứng yêu cầu cơ bản, chưa phát sinh vấn đề đáng kể."", ""Dịch vụ ổn định, nhân viên luôn sẵn sàng hỗ trợ khi cần."", ""Quá trình hỗ trợ diễn ra bình thường, đúng quy trình."", ""Phản hồi thắc mắc đầy đủ, hỗ trợ xuyên suốt quá trình đặt hàng."", ""Tư vấn chi tiết, thái độ chuyên nghiệp và thân thiện."", ""Khách hàng đánh giá nhân viên hỗ trợ rất nhiệt tình, phản hồi nhanh và giải quyết vấn đề hiệu quả."", ""Khách hàng không có thêm phản hồi về chất lượng hỗ trợ."", ""Một số thắc mắc phải liên hệ nhiều lần mới được giải quyết."", ""Khách hàng mong muốn nhân viên tư vấn chi tiết hơn."", ""Cần cải thiện tốc độ hỗ trợ vào giờ cao điểm.""]"
EMP0150,Lê Anh Mai,Đã kết hôn,Đại học,13,"[""Khách hàng đánh giá mức độ hài lòng ở mức khá."", ""Khách hàng đánh giá cao sự chủ động và trách nhiệm của bộ phận hỗ trợ."", ""Dịch vụ ổn định, nhân viên luôn sẵn sàng hỗ trợ khi cần."", ""Phản hồi thắc mắc đầy đủ, hỗ trợ xuyên suốt quá trình đặt hàng."", ""Khách hàng đánh giá nhân viên hỗ trợ rất nhiệt tình, phản hồi nhanh và giải quyết vấn đề hiệu quả."", ""Khách hàng mong muốn nhân viên tư vấn chi tiết hơn."", ""Giải quyết khiếu nại nhanh, khách hàng hài lòng với kết quả."", ""Dịch vụ chăm sóc khách hàng chuyên nghiệp, thái độ thân thiện và lịch sự."", ""Chăm sóc khách hàng tốt, thời gian phản hồi ngắn."", ""Một số thắc mắc phải liên hệ nhiều lần mới được giải quyết."", ""Hỗ trợ nhanh chóng, tư vấn rõ ràng, khách hàng hài lòng với trải nghiệm."", ""Khách hàng phản ánh thời gian phản hồi còn chậm nhưng vấn đề đã được xử lý."", ""Nhân viên giao tiếp tốt, xử lý yêu cầu đúng hẹn và tận tâm."", ""Tư vấn chi tiết, thái độ chuyên nghiệp và thân thiện."", ""Khách hàng không có thêm phản hồi về chất lượng hỗ trợ."", ""Cần cải thiện tốc độ hỗ trợ vào giờ cao điểm."", ""Quá trình hỗ trợ diễn ra bình thường, đúng quy trình."", ""Dịch vụ đáp ứng yêu cầu cơ bản, chưa phát sinh vấn đề đáng kể.""]"
EMP0151,Ngô Quốc Yến,Đã kết hôn,Đại học,16,"[""Dịch vụ chăm sóc khách hàng chuyên nghiệp, thái độ thân thiện và lịch sự."", ""Một số thắc mắc phải liên hệ nhiều lần mới được giải quyết."", ""Khách hàng đánh giá nhân viên hỗ trợ rất nhiệt tình, phản hồi nhanh và giải quyết vấn đề hiệu quả."", ""Phản hồi thắc mắc đầy đủ, hỗ trợ xuyên suốt quá trình đặt hàng."", ""Khách hàng đánh giá cao sự chủ động và trách nhiệm của bộ phận hỗ trợ."", ""Dịch vụ ổn định, nhân viên luôn sẵn sàng hỗ trợ khi cần."", ""Khách hàng đánh giá mức độ hài lòng ở mức khá."", ""Chăm sóc khách hàng tốt, thời gian phản hồi ngắn."", ""Hỗ trợ nhanh chóng, tư vấn rõ ràng, khách hàng hài lòng với trải nghiệm."", ""Dịch vụ đáp ứng yêu cầu cơ bản, chưa phát sinh vấn đề đáng kể."", ""Khách hàng không có thêm phản hồi về chất lượng hỗ trợ."", ""Quá trình hỗ trợ diễn ra bình thường, đúng quy trình."", ""Tư vấn chi tiết, thái độ chuyên nghiệp và thân thiện."", ""Nhân viên giao tiếp tốt, xử lý yêu cầu đúng hẹn và tận tâm."", ""Khách hàng mong muốn nhân viên tư vấn chi tiết hơn."", ""Giải quyết khiếu nại nhanh, khách hàng hài lòng với kết quả."", ""Cần cải thiện tốc độ hỗ trợ vào giờ cao điểm."", ""Khách hàng phản ánh thời gian phản hồi còn chậm nhưng vấn đề đã được xử lý.""]"
EMP0152,Hoàng Đức Oanh,Đã kết hôn,Trung cấp,16,"[""Hỗ trợ nhanh chóng, tư vấn rõ ràng, khách hàng hài lòng với trải nghiệm."", ""Phản hồi thắc mắc đầy đủ, hỗ trợ xuyên suốt quá trình đặt hàng."", ""Khách hàng đánh giá nhân viên hỗ trợ rất nhiệt tình, phản hồi nhanh và giải quyết vấn đề hiệu quả."", ""Giải quyết khiếu nại nhanh, khách hàng hài lòng với kết quả."", ""Tư vấn chi tiết, thái độ chuyên nghiệp và thân thiện."", ""Khách hàng đánh giá cao sự chủ động và trách nhiệm của bộ phận hỗ trợ."", ""Dịch vụ chăm sóc khách hàng chuyên nghiệp, thái độ thân thiện và lịch sự."", ""Quá trình hỗ trợ diễn ra bình thường, đúng quy trình."", ""Dịch vụ đáp ứng yêu cầu cơ bản, chưa phát sinh vấn đề đáng kể."", ""Chăm sóc khách hàng tốt, thời gian phản hồi ngắn."", ""Dịch vụ ổn định, nhân viên luôn sẵn sàng hỗ trợ khi cần."", ""Nhân viên giao tiếp tốt, xử lý yêu cầu đúng hẹn và tận tâm."", ""Khách hàng đánh giá mức độ hài lòng ở mức khá."", ""Khách hàng không có thêm phản hồi về chất lượng hỗ trợ."", ""Cần cải thiện tốc độ hỗ trợ vào giờ cao điểm."", ""Một số thắc mắc phải liên hệ nhiều lần mới được giải quyết."", ""Khách hàng mong muốn nhân viên tư vấn chi tiết hơn."", ""Khách hàng phản ánh thời gian phản hồi còn chậm nhưng vấn đề đã được xử lý.""]"
EMP0153,Vũ Anh Trang,Đã kết hôn,Đại học,9,"[""Hỗ trợ nhanh chóng, tư vấn rõ ràng, khách hàng hài lòng với trải nghiệm."", ""Phản hồi thắc mắc đầy đủ, hỗ trợ xuyên suốt quá trình đặt hàng."", ""Dịch vụ ổn định, nhân viên luôn sẵn sàng hỗ trợ khi cần."", ""Khách hàng đánh giá cao sự chủ động và trách nhiệm của bộ phận hỗ trợ."", ""Chăm sóc khách hàng tốt, thời gian phản hồi ngắn."", ""Dịch vụ chăm sóc khách hàng chuyên nghiệp, thái độ thân thiện và lịch sự."", ""Nhân viên giao tiếp tốt, xử lý yêu cầu đúng hẹn và tận tâm."", ""Giải quyết khiếu nại nhanh, khách hàng hài lòng với kết quả."", ""Dịch vụ đáp ứng yêu cầu cơ bản, chưa phát sinh vấn đề đáng kể."", ""Khách hàng đánh giá mức độ hài lòng ở mức khá."", ""Khách hàng đánh giá nhân viên hỗ trợ rất nhiệt tình, phản hồi nhanh và giải quyết vấn đề hiệu quả."", ""Quá trình hỗ trợ diễn ra bình thường, đúng quy trình."", ""Tư vấn chi tiết, thái độ chuyên nghiệp và thân thiện."", ""Khách hàng mong muốn nhân viên tư vấn chi tiết hơn."", ""Khách hàng không có thêm phản hồi về chất lượng hỗ trợ."", ""Khách hàng phản ánh thời gian phản hồi còn chậm nhưng vấn đề đã được xử lý."", ""Cần cải thiện tốc độ hỗ trợ vào giờ cao điểm."", ""Một số thắc mắc phải liên hệ nhiều lần mới được giải quyết.""]"
EMP0154,Phan Đức Cường,Độc thân,Đại học,20,"[""Tư vấn chi tiết, thái độ chuyên nghiệp và thân thiện."", ""Chăm sóc khách hàng tốt, thời gian phản hồi ngắn."", ""Khách hàng đánh giá mức độ hài lòng ở mức khá."", ""Khách hàng mong muốn nhân viên tư vấn chi tiết hơn."", ""Dịch vụ chăm sóc khách hàng chuyên nghiệp, thái độ thân thiện và lịch sự."", ""Quá trình hỗ trợ diễn ra bình thường, đúng quy trình."", ""Dịch vụ đáp ứng yêu cầu cơ bản, chưa phát sinh vấn đề đáng kể."", ""Giải quyết khiếu nại nhanh, khách hàng hài lòng với kết quả."", ""Hỗ trợ nhanh chóng, tư vấn rõ ràng, khách hàng hài lòng với trải nghiệm."", ""Cần cải thiện tốc độ hỗ trợ vào giờ cao điểm."", ""Khách hàng đánh giá nhân viên hỗ trợ rất nhiệt tình, phản hồi nhanh và giải quyết vấn đề hiệu quả."", ""Nhân viên giao tiếp tốt, xử lý yêu cầu đúng hẹn và tận tâm."", ""Khách hàng đánh giá cao sự chủ động và trách nhiệm của bộ phận hỗ trợ."", ""Dịch vụ ổn định, nhân viên luôn sẵn sàng hỗ trợ khi cần."", ""Phản hồi thắc mắc đầy đủ, hỗ trợ xuyên suốt quá trình đặt hàng."", ""Khách hàng phản ánh thời gian phản hồi còn chậm nhưng vấn đề đã được xử lý."", ""Khách hàng không có thêm phản hồi về chất lượng hỗ trợ."", ""Một số thắc mắc phải liên hệ nhiều lần mới được giải quyết.""]"
EMP0155,Dương Anh Oanh,Độc thân,Trung cấp,7,"[""Giải quyết khiếu nại nhanh, khách hàng hài lòng với kết quả."", ""Dịch vụ đáp ứng yêu cầu cơ bản, chưa phát sinh vấn đề đáng kể."", ""Nhân viên giao tiếp tốt, xử lý yêu cầu đúng hẹn và tận tâm."", ""Dịch vụ chăm sóc khách hàng chuyên nghiệp, thái độ thân thiện và lịch sự."", ""Khách hàng mong muốn nhân viên tư vấn chi tiết hơn."", ""Hỗ trợ nhanh chóng, tư vấn rõ ràng, khách hàng hài lòng với trải nghiệm."", ""Khách hàng đánh giá nhân viên hỗ trợ rất nhiệt tình, phản hồi nhanh và giải quyết vấn đề hiệu quả."", ""Dịch vụ ổn định, nhân viên luôn sẵn sàng hỗ trợ khi cần."", ""Tư vấn chi tiết, thái độ chuyên nghiệp và thân thiện."", ""Chăm sóc khách hàng tốt, thời gian phản hồi ngắn."", ""Khách hàng không có thêm phản hồi về chất lượng hỗ trợ."", ""Khách hàng đánh giá mức độ hài lòng ở mức khá."", ""Khách hàng đánh giá cao sự chủ động và trách nhiệm của bộ phận hỗ trợ."", ""Cần cải thiện tốc độ hỗ trợ vào giờ cao điểm."", ""Khách hàng phản ánh thời gian phản hồi còn chậm nhưng vấn đề đã được xử lý."", ""Phản hồi thắc mắc đầy đủ, hỗ trợ xuyên suốt quá trình đặt hàng."", ""Quá trình hỗ trợ diễn ra bình thường, đúng quy trình."", ""Một số thắc mắc phải liên hệ nhiều lần mới được giải quyết.""]"
EMP0156,Vũ Anh Yến,Đã kết hôn,Đại học,10,"[""Phản hồi thắc mắc đầy đủ, hỗ trợ xuyên suốt quá trình đặt hàng."", ""Khách hàng đánh giá nhân viên hỗ trợ rất nhiệt tình, phản hồi nhanh và giải quyết vấn đề hiệu quả."", ""Dịch vụ ổn định, nhân viên luôn sẵn sàng hỗ trợ khi cần."", ""Một số thắc mắc phải liên hệ nhiều lần mới được giải quyết."", ""Dịch vụ chăm sóc khách hàng chuyên nghiệp, thái độ thân thiện và lịch sự."", ""Hỗ trợ nhanh chóng, tư vấn rõ ràng, khách hàng hài lòng với trải nghiệm."", ""Cần cải thiện tốc độ hỗ trợ vào giờ cao điểm."", ""Giải quyết khiếu nại nhanh, khách hàng hài lòng với kết quả."", ""Tư vấn chi tiết, thái độ chuyên nghiệp và thân thiện."", ""Khách hàng không có thêm phản hồi về chất lượng hỗ trợ."", ""Chăm sóc khách hàng tốt, thời gian phản hồi ngắn."", ""Khách hàng đánh giá mức độ hài lòng ở mức khá."", ""Khách hàng đánh giá cao sự chủ động và trách nhiệm của bộ phận hỗ trợ."", ""Nhân viên giao tiếp tốt, xử lý yêu cầu đúng hẹn và tận tâm."", ""Quá trình hỗ trợ diễn ra bình thường, đúng quy trình."", ""Dịch vụ đáp ứng yêu cầu cơ bản, chưa phát sinh vấn đề đáng kể."", ""Khách hàng mong muốn nhân viên tư vấn chi tiết hơn."", ""Khách hàng phản ánh thời gian phản hồi còn chậm nhưng vấn đề đã được xử lý.""]"
EMP0157,Hoàng Đức Giang,Đã kết hôn,Trung cấp,9,"[""Giải quyết khiếu nại nhanh, khách hàng hài lòng với kết quả."", ""Khách hàng đánh giá cao sự chủ động và trách nhiệm của bộ phận hỗ trợ."", ""Tư vấn chi tiết, thái độ chuyên nghiệp và thân thiện."", ""Phản hồi thắc mắc đầy đủ, hỗ trợ xuyên suốt quá trình đặt hàng."", ""Hỗ trợ nhanh chóng, tư vấn rõ ràng, khách hàng hài lòng với trải nghiệm."", ""Chăm sóc khách hàng tốt, thời gian phản hồi ngắn."", ""Nhân viên giao tiếp tốt, xử lý yêu cầu đúng hẹn và tận tâm."", ""Khách hàng đánh giá mức độ hài lòng ở mức khá."", ""Khách hàng không có thêm phản hồi về chất lượng hỗ trợ."", ""Dịch vụ đáp ứng yêu cầu cơ bản, chưa phát sinh vấn đề đáng kể."", ""Dịch vụ chăm sóc khách hàng chuyên nghiệp, thái độ thân thiện và lịch sự."", ""Dịch vụ ổn định, nhân viên luôn sẵn sàng hỗ trợ khi cần."", ""Quá trình hỗ trợ diễn ra bình thường, đúng quy trình."", ""Khách hàng đánh giá nhân viên hỗ trợ rất nhiệt tình, phản hồi nhanh và giải quyết vấn đề hiệu quả."", ""Một số thắc mắc phải liên hệ nhiều lần mới được giải quyết."", ""Cần cải thiện tốc độ hỗ trợ vào giờ cao điểm."", ""Khách hàng mong muốn nhân viên tư vấn chi tiết hơn."", ""Khách hàng phản ánh thời gian phản hồi còn chậm nhưng vấn đề đã được xử lý.""]"
EMP0158,Phạm Gia Mai,Đã kết hôn,Đại học,17,"[""Hỗ trợ nhanh chóng, tư vấn rõ ràng, khách hàng hài lòng với trải nghiệm."", ""Khách hàng đánh giá mức độ hài lòng ở mức khá."", ""Chăm sóc khách hàng tốt, thời gian phản hồi ngắn."", ""Nhân viên giao tiếp tốt, xử lý yêu cầu đúng hẹn và tận tâm."", ""Dịch vụ ổn định, nhân viên luôn sẵn sàng hỗ trợ khi cần."", ""Tư vấn chi tiết, thái độ chuyên nghiệp và thân thiện."", ""Khách hàng đánh giá cao sự chủ động và trách nhiệm của bộ phận hỗ trợ."", ""Khách hàng đánh giá nhân viên hỗ trợ rất nhiệt tình, phản hồi nhanh và giải quyết vấn đề hiệu quả."", ""Cần cải thiện tốc độ hỗ trợ vào giờ cao điểm."", ""Phản hồi thắc mắc đầy đủ, hỗ trợ xuyên suốt quá trình đặt hàng."", ""Giải quyết khiếu nại nhanh, khách hàng hài lòng với kết quả."", ""Dịch vụ chăm sóc khách hàng chuyên nghiệp, thái độ thân thiện và lịch sự."", ""Khách hàng không có thêm phản hồi về chất lượng hỗ trợ."", ""Một số thắc mắc phải liên hệ nhiều lần mới được giải quyết."", ""Dịch vụ đáp ứng yêu cầu cơ bản, chưa phát sinh vấn đề đáng kể."", ""Khách hàng phản ánh thời gian phản hồi còn chậm nhưng vấn đề đã được xử lý."", ""Khách hàng mong muốn nhân viên tư vấn chi tiết hơn."", ""Quá trình hỗ trợ diễn ra bình thường, đúng quy trình.""]"
EMP0159,Phạm Văn Bình,Độc thân,Trung cấp,8,"[""Khách hàng đánh giá nhân viên hỗ trợ rất nhiệt tình, phản hồi nhanh và giải quyết vấn đề hiệu quả."", ""Dịch vụ đáp ứng yêu cầu cơ bản, chưa phát sinh vấn đề đáng kể."", ""Một số thắc mắc phải liên hệ nhiều lần mới được giải quyết."", ""Nhân viên giao tiếp tốt, xử lý yêu cầu đúng hẹn và tận tâm."", ""Giải quyết khiếu nại nhanh, khách hàng hài lòng với kết quả."", ""Tư vấn chi tiết, thái độ chuyên nghiệp và thân thiện."", ""Khách hàng đánh giá mức độ hài lòng ở mức khá."", ""Cần cải thiện tốc độ hỗ trợ vào giờ cao điểm."", ""Dịch vụ ổn định, nhân viên luôn sẵn sàng hỗ trợ khi cần."", ""Khách hàng đánh giá cao sự chủ động và trách nhiệm của bộ phận hỗ trợ."", ""Dịch vụ chăm sóc khách hàng chuyên nghiệp, thái độ thân thiện và lịch sự."", ""Phản hồi thắc mắc đầy đủ, hỗ trợ xuyên suốt quá trình đặt hàng."", ""Chăm sóc khách hàng tốt, thời gian phản hồi ngắn."", ""Khách hàng mong muốn nhân viên tư vấn chi tiết hơn."", ""Khách hàng không có thêm phản hồi về chất lượng hỗ trợ."", ""Quá trình hỗ trợ diễn ra bình thường, đúng quy trình."", ""Khách hàng phản ánh thời gian phản hồi còn chậm nhưng vấn đề đã được xử lý."", ""Hỗ trợ nhanh chóng, tư vấn rõ ràng, khách hàng hài lòng với trải nghiệm.""]"
EMP0160,Ngô Thanh Sơn,Đã kết hôn,Sau đại học,15,"[""Khách hàng mong muốn nhân viên tư vấn chi tiết hơn."", ""Tư vấn chi tiết, thái độ chuyên nghiệp và thân thiện."", ""Khách hàng đánh giá cao sự chủ động và trách nhiệm của bộ phận hỗ trợ."", ""Cần cải thiện tốc độ hỗ trợ vào giờ cao điểm."", ""Nhân viên giao tiếp tốt, xử lý yêu cầu đúng hẹn và tận tâm."", ""Khách hàng đánh giá mức độ hài lòng ở mức khá."", ""Giải quyết khiếu nại nhanh, khách hàng hài lòng với kết quả."", ""Phản hồi thắc mắc đầy đủ, hỗ trợ xuyên suốt quá trình đặt hàng."", ""Chăm sóc khách hàng tốt, thời gian phản hồi ngắn."", ""Dịch vụ đáp ứng yêu cầu cơ bản, chưa phát sinh vấn đề đáng kể."", ""Khách hàng không có thêm phản hồi về chất lượng hỗ trợ."", ""Quá trình hỗ trợ diễn ra bình thường, đúng quy trình."", ""Dịch vụ ổn định, nhân viên luôn sẵn sàng hỗ trợ khi cần."", ""Khách hàng đánh giá nhân viên hỗ trợ rất nhiệt tình, phản hồi nhanh và giải quyết vấn đề hiệu quả."", ""Hỗ trợ nhanh chóng, tư vấn rõ ràng, khách hàng hài lòng với trải nghiệm."", ""Dịch vụ chăm sóc khách hàng chuyên nghiệp, thái độ thân thiện và lịch sự."", ""Khách hàng phản ánh thời gian phản hồi còn chậm nhưng vấn đề đã được xử lý."", ""Một số thắc mắc phải liên hệ nhiều lần mới được giải quyết.""]"
EMP0161,Đỗ Anh Khánh,Độc thân,Cao đẳng,17,"[""Khách hàng đánh giá nhân viên hỗ trợ rất nhiệt tình, phản hồi nhanh và giải quyết vấn đề hiệu quả."", ""Chăm sóc khách hàng tốt, thời gian phản hồi ngắn."", ""Hỗ trợ nhanh chóng, tư vấn rõ ràng, khách hàng hài lòng với trải nghiệm."", ""Tư vấn chi tiết, thái độ chuyên nghiệp và thân thiện."", ""Nhân viên giao tiếp tốt, xử lý yêu cầu đúng hẹn và tận tâm."", ""Khách hàng phản ánh thời gian phản hồi còn chậm nhưng vấn đề đã được xử lý."", ""Phản hồi thắc mắc đầy đủ, hỗ trợ xuyên suốt quá trình đặt hàng."", ""Dịch vụ chăm sóc khách hàng chuyên nghiệp, thái độ thân thiện và lịch sự."", ""Khách hàng không có thêm phản hồi về chất lượng hỗ trợ."", ""Quá trình hỗ trợ diễn ra bình thường, đúng quy trình."", ""Khách hàng đánh giá mức độ hài lòng ở mức khá."", ""Khách hàng đánh giá cao sự chủ động và trách nhiệm của bộ phận hỗ trợ."", ""Dịch vụ ổn định, nhân viên luôn sẵn sàng hỗ trợ khi cần."", ""Một số thắc mắc phải liên hệ nhiều lần mới được giải quyết."", ""Dịch vụ đáp ứng yêu cầu cơ bản, chưa phát sinh vấn đề đáng kể."", ""Cần cải thiện tốc độ hỗ trợ vào giờ cao điểm."", ""Giải quyết khiếu nại nhanh, khách hàng hài lòng với kết quả."", ""Khách hàng mong muốn nhân viên tư vấn chi tiết hơn.""]"
EMP0162,Trần Thanh Giang,Độc thân,Đại học,18,"[""Khách hàng đánh giá cao sự chủ động và trách nhiệm của bộ phận hỗ trợ."", ""Giải quyết khiếu nại nhanh, khách hàng hài lòng với kết quả."", ""Khách hàng mong muốn nhân viên tư vấn chi tiết hơn."", ""Phản hồi thắc mắc đầy đủ, hỗ trợ xuyên suốt quá trình đặt hàng."", ""Cần cải thiện tốc độ hỗ trợ vào giờ cao điểm."", ""Nhân viên giao tiếp tốt, xử lý yêu cầu đúng hẹn và tận tâm."", ""Chăm sóc khách hàng tốt, thời gian phản hồi ngắn."", ""Dịch vụ đáp ứng yêu cầu cơ bản, chưa phát sinh vấn đề đáng kể."", ""Quá trình hỗ trợ diễn ra bình thường, đúng quy trình."", ""Hỗ trợ nhanh chóng, tư vấn rõ ràng, khách hàng hài lòng với trải nghiệm."", ""Khách hàng đánh giá mức độ hài lòng ở mức khá."", ""Khách hàng đánh giá nhân viên hỗ trợ rất nhiệt tình, phản hồi nhanh và giải quyết vấn đề hiệu quả."", ""Dịch vụ chăm sóc khách hàng chuyên nghiệp, thái độ thân thiện và lịch sự."", ""Khách hàng không có thêm phản hồi về chất lượng hỗ trợ."", ""Dịch vụ ổn định, nhân viên luôn sẵn sàng hỗ trợ khi cần."", ""Tư vấn chi tiết, thái độ chuyên nghiệp và thân thiện."", ""Khách hàng phản ánh thời gian phản hồi còn chậm nhưng vấn đề đã được xử lý."", ""Một số thắc mắc phải liên hệ nhiều lần mới được giải quyết.""]"
EMP0163,Phạm Thanh Mai,Đã kết hôn,Sau đại học,1,"[""Quá trình hỗ trợ diễn ra bình thường, đúng quy trình."", ""Khách hàng phản ánh thời gian phản hồi còn chậm nhưng vấn đề đã được xử lý."", ""Khách hàng đánh giá mức độ hài lòng ở mức khá."", ""Nhân viên giao tiếp tốt, xử lý yêu cầu đúng hẹn và tận tâm."", ""Dịch vụ đáp ứng yêu cầu cơ bản, chưa phát sinh vấn đề đáng kể."", ""Hỗ trợ nhanh chóng, tư vấn rõ ràng, khách hàng hài lòng với trải nghiệm."", ""Giải quyết khiếu nại nhanh, khách hàng hài lòng với kết quả."", ""Khách hàng đánh giá cao sự chủ động và trách nhiệm của bộ phận hỗ trợ."", ""Phản hồi thắc mắc đầy đủ, hỗ trợ xuyên suốt quá trình đặt hàng."", ""Tư vấn chi tiết, thái độ chuyên nghiệp và thân thiện."", ""Chăm sóc khách hàng tốt, thời gian phản hồi ngắn."", ""Dịch vụ ổn định, nhân viên luôn sẵn sàng hỗ trợ khi cần."", ""Khách hàng đánh giá nhân viên hỗ trợ rất nhiệt tình, phản hồi nhanh và giải quyết vấn đề hiệu quả."", ""Dịch vụ chăm sóc khách hàng chuyên nghiệp, thái độ thân thiện và lịch sự."", ""Khách hàng không có thêm phản hồi về chất lượng hỗ trợ."", ""Cần cải thiện tốc độ hỗ trợ vào giờ cao điểm."", ""Khách hàng mong muốn nhân viên tư vấn chi tiết hơn."", ""Một số thắc mắc phải liên hệ nhiều lần mới được giải quyết.""]"
EMP0164,Đặng Thanh Hà,Đã kết hôn,Cao đẳng,5,"[""Hỗ trợ nhanh chóng, tư vấn rõ ràng, khách hàng hài lòng với trải nghiệm."", ""Tư vấn chi tiết, thái độ chuyên nghiệp và thân thiện."", ""Giải quyết khiếu nại nhanh, khách hàng hài lòng với kết quả."", ""Dịch vụ chăm sóc khách hàng chuyên nghiệp, thái độ thân thiện và lịch sự."", ""Phản hồi thắc mắc đầy đủ, hỗ trợ xuyên suốt quá trình đặt hàng."", ""Chăm sóc khách hàng tốt, thời gian phản hồi ngắn."", ""Khách hàng đánh giá cao sự chủ động và trách nhiệm của bộ phận hỗ trợ."", ""Khách hàng không có thêm phản hồi về chất lượng hỗ trợ."", ""Một số thắc mắc phải liên hệ nhiều lần mới được giải quyết."", ""Dịch vụ ổn định, nhân viên luôn sẵn sàng hỗ trợ khi cần."", ""Quá trình hỗ trợ diễn ra bình thường, đúng quy trình."", ""Khách hàng đánh giá nhân viên hỗ trợ rất nhiệt tình, phản hồi nhanh và giải quyết vấn đề hiệu quả."", ""Dịch vụ đáp ứng yêu cầu cơ bản, chưa phát sinh vấn đề đáng kể."", ""Cần cải thiện tốc độ hỗ trợ vào giờ cao điểm."", ""Khách hàng mong muốn nhân viên tư vấn chi tiết hơn."", ""Nhân viên giao tiếp tốt, xử lý yêu cầu đúng hẹn và tận tâm."", ""Khách hàng đánh giá mức độ hài lòng ở mức khá."", ""Khách hàng phản ánh thời gian phản hồi còn chậm nhưng vấn đề đã được xử lý.""]"
EMP0165,Đỗ Ngọc Vy,Đã kết hôn,Đại học,6,"[""Khách hàng đánh giá cao sự chủ động và trách nhiệm của bộ phận hỗ trợ."", ""Phản hồi thắc mắc đầy đủ, hỗ trợ xuyên suốt quá trình đặt hàng."", ""Giải quyết khiếu nại nhanh, khách hàng hài lòng với kết quả."", ""Dịch vụ chăm sóc khách hàng chuyên nghiệp, thái độ thân thiện và lịch sự."", ""Nhân viên giao tiếp tốt, xử lý yêu cầu đúng hẹn và tận tâm."", ""Quá trình hỗ trợ diễn ra bình thường, đúng quy trình."", ""Hỗ trợ nhanh chóng, tư vấn rõ ràng, khách hàng hài lòng với trải nghiệm."", ""Tư vấn chi tiết, thái độ chuyên nghiệp và thân thiện."", ""Dịch vụ ổn định, nhân viên luôn sẵn sàng hỗ trợ khi cần."", ""Khách hàng đánh giá nhân viên hỗ trợ rất nhiệt tình, phản hồi nhanh và giải quyết vấn đề hiệu quả."", ""Khách hàng phản ánh thời gian phản hồi còn chậm nhưng vấn đề đã được xử lý."", ""Chăm sóc khách hàng tốt, thời gian phản hồi ngắn."", ""Khách hàng không có thêm phản hồi về chất lượng hỗ trợ."", ""Dịch vụ đáp ứng yêu cầu cơ bản, chưa phát sinh vấn đề đáng kể."", ""Khách hàng mong muốn nhân viên tư vấn chi tiết hơn."", ""Cần cải thiện tốc độ hỗ trợ vào giờ cao điểm."", ""Khách hàng đánh giá mức độ hài lòng ở mức khá."", ""Một số thắc mắc phải liên hệ nhiều lần mới được giải quyết.""]"
EMP0166,Trần Hữu Mai,Độc thân,Trung cấp,18,"[""Một số thắc mắc phải liên hệ nhiều lần mới được giải quyết."", ""Dịch vụ đáp ứng yêu cầu cơ bản, chưa phát sinh vấn đề đáng kể."", ""Khách hàng đánh giá mức độ hài lòng ở mức khá."", ""Khách hàng đánh giá nhân viên hỗ trợ rất nhiệt tình, phản hồi nhanh và giải quyết vấn đề hiệu quả."", ""Phản hồi thắc mắc đầy đủ, hỗ trợ xuyên suốt quá trình đặt hàng."", ""Nhân viên giao tiếp tốt, xử lý yêu cầu đúng hẹn và tận tâm."", ""Khách hàng phản ánh thời gian phản hồi còn chậm nhưng vấn đề đã được xử lý."", ""Khách hàng đánh giá cao sự chủ động và trách nhiệm của bộ phận hỗ trợ."", ""Khách hàng không có thêm phản hồi về chất lượng hỗ trợ."", ""Hỗ trợ nhanh chóng, tư vấn rõ ràng, khách hàng hài lòng với trải nghiệm."", ""Giải quyết khiếu nại nhanh, khách hàng hài lòng với kết quả."", ""Chăm sóc khách hàng tốt, thời gian phản hồi ngắn."", ""Quá trình hỗ trợ diễn ra bình thường, đúng quy trình."", ""Dịch vụ chăm sóc khách hàng chuyên nghiệp, thái độ thân thiện và lịch sự."", ""Tư vấn chi tiết, thái độ chuyên nghiệp và thân thiện."", ""Dịch vụ ổn định, nhân viên luôn sẵn sàng hỗ trợ khi cần."", ""Cần cải thiện tốc độ hỗ trợ vào giờ cao điểm."", ""Khách hàng mong muốn nhân viên tư vấn chi tiết hơn.""]"
EMP0167,Bùi Minh Lan,Đã kết hôn,Sau đại học,15,"[""Cần cải thiện tốc độ hỗ trợ vào giờ cao điểm."", ""Khách hàng đánh giá cao sự chủ động và trách nhiệm của bộ phận hỗ trợ."", ""Khách hàng đánh giá nhân viên hỗ trợ rất nhiệt tình, phản hồi nhanh và giải quyết vấn đề hiệu quả."", ""Dịch vụ chăm sóc khách hàng chuyên nghiệp, thái độ thân thiện và lịch sự."", ""Giải quyết khiếu nại nhanh, khách hàng hài lòng với kết quả."", ""Nhân viên giao tiếp tốt, xử lý yêu cầu đúng hẹn và tận tâm."", ""Phản hồi thắc mắc đầy đủ, hỗ trợ xuyên suốt quá trình đặt hàng."", ""Tư vấn chi tiết, thái độ chuyên nghiệp và thân thiện."", ""Dịch vụ ổn định, nhân viên luôn sẵn sàng hỗ trợ khi cần."", ""Chăm sóc khách hàng tốt, thời gian phản hồi ngắn."", ""Khách hàng không có thêm phản hồi về chất lượng hỗ trợ."", ""Dịch vụ đáp ứng yêu cầu cơ bản, chưa phát sinh vấn đề đáng kể."", ""Hỗ trợ nhanh chóng, tư vấn rõ ràng, khách hàng hài lòng với trải nghiệm."", ""Quá trình hỗ trợ diễn ra bình thường, đúng quy trình."", ""Khách hàng đánh giá mức độ hài lòng ở mức khá."", ""Khách hàng mong muốn nhân viên tư vấn chi tiết hơn."", ""Khách hàng phản ánh thời gian phản hồi còn chậm nhưng vấn đề đã được xử lý."", ""Một số thắc mắc phải liên hệ nhiều lần mới được giải quyết.""]"
EMP0168,Đặng Hữu Sơn,Độc thân,Đại học,9,"[""Giải quyết khiếu nại nhanh, khách hàng hài lòng với kết quả."", ""Dịch vụ chăm sóc khách hàng chuyên nghiệp, thái độ thân thiện và lịch sự."", ""Dịch vụ đáp ứng yêu cầu cơ bản, chưa phát sinh vấn đề đáng kể."", ""Chăm sóc khách hàng tốt, thời gian phản hồi ngắn."", ""Tư vấn chi tiết, thái độ chuyên nghiệp và thân thiện."", ""Hỗ trợ nhanh chóng, tư vấn rõ ràng, khách hàng hài lòng với trải nghiệm."", ""Nhân viên giao tiếp tốt, xử lý yêu cầu đúng hẹn và tận tâm."", ""Khách hàng đánh giá cao sự chủ động và trách nhiệm của bộ phận hỗ trợ."", ""Khách hàng đánh giá nhân viên hỗ trợ rất nhiệt tình, phản hồi nhanh và giải quyết vấn đề hiệu quả."", ""Phản hồi thắc mắc đầy đủ, hỗ trợ xuyên suốt quá trình đặt hàng."", ""Một số thắc mắc phải liên hệ nhiều lần mới được giải quyết."", ""Khách hàng phản ánh thời gian phản hồi còn chậm nhưng vấn đề đã được xử lý."", ""Dịch vụ ổn định, nhân viên luôn sẵn sàng hỗ trợ khi cần."", ""Khách hàng đánh giá mức độ hài lòng ở mức khá."", ""Khách hàng không có thêm phản hồi về chất lượng hỗ trợ."", ""Quá trình hỗ trợ diễn ra bình thường, đúng quy trình."", ""Khách hàng mong muốn nhân viên tư vấn chi tiết hơn."", ""Cần cải thiện tốc độ hỗ trợ vào giờ cao điểm.""]"
EMP0169,Lê Đức Uyên,Đã kết hôn,Đại học,15,"[""Nhân viên giao tiếp tốt, xử lý yêu cầu đúng hẹn và tận tâm."", ""Khách hàng đánh giá mức độ hài lòng ở mức khá."", ""Dịch vụ chăm sóc khách hàng chuyên nghiệp, thái độ thân thiện và lịch sự."", ""Hỗ trợ nhanh chóng, tư vấn rõ ràng, khách hàng hài lòng với trải nghiệm."", ""Khách hàng đánh giá cao sự chủ động và trách nhiệm của bộ phận hỗ trợ."", ""Dịch vụ ổn định, nhân viên luôn sẵn sàng hỗ trợ khi cần."", ""Phản hồi thắc mắc đầy đủ, hỗ trợ xuyên suốt quá trình đặt hàng."", ""Dịch vụ đáp ứng yêu cầu cơ bản, chưa phát sinh vấn đề đáng kể."", ""Khách hàng đánh giá nhân viên hỗ trợ rất nhiệt tình, phản hồi nhanh và giải quyết vấn đề hiệu quả."", ""Khách hàng không có thêm phản hồi về chất lượng hỗ trợ."", ""Chăm sóc khách hàng tốt, thời gian phản hồi ngắn."", ""Giải quyết khiếu nại nhanh, khách hàng hài lòng với kết quả."", ""Một số thắc mắc phải liên hệ nhiều lần mới được giải quyết."", ""Quá trình hỗ trợ diễn ra bình thường, đúng quy trình."", ""Tư vấn chi tiết, thái độ chuyên nghiệp và thân thiện."", ""Cần cải thiện tốc độ hỗ trợ vào giờ cao điểm."", ""Khách hàng phản ánh thời gian phản hồi còn chậm nhưng vấn đề đã được xử lý."", ""Khách hàng mong muốn nhân viên tư vấn chi tiết hơn.""]"
EMP0170,Vũ Đức Giang,Độc thân,Đại học,10,"[""Hỗ trợ nhanh chóng, tư vấn rõ ràng, khách hàng hài lòng với trải nghiệm."", ""Dịch vụ ổn định, nhân viên luôn sẵn sàng hỗ trợ khi cần."", ""Khách hàng đánh giá cao sự chủ động và trách nhiệm của bộ phận hỗ trợ."", ""Phản hồi thắc mắc đầy đủ, hỗ trợ xuyên suốt quá trình đặt hàng."", ""Nhân viên giao tiếp tốt, xử lý yêu cầu đúng hẹn và tận tâm."", ""Khách hàng đánh giá nhân viên hỗ trợ rất nhiệt tình, phản hồi nhanh và giải quyết vấn đề hiệu quả."", ""Khách hàng mong muốn nhân viên tư vấn chi tiết hơn."", ""Chăm sóc khách hàng tốt, thời gian phản hồi ngắn."", ""Khách hàng không có thêm phản hồi về chất lượng hỗ trợ."", ""Tư vấn chi tiết, thái độ chuyên nghiệp và thân thiện."", ""Cần cải thiện tốc độ hỗ trợ vào giờ cao điểm."", ""Quá trình hỗ trợ diễn ra bình thường, đúng quy trình."", ""Khách hàng phản ánh thời gian phản hồi còn chậm nhưng vấn đề đã được xử lý."", ""Dịch vụ đáp ứng yêu cầu cơ bản, chưa phát sinh vấn đề đáng kể."", ""Khách hàng đánh giá mức độ hài lòng ở mức khá."", ""Dịch vụ chăm sóc khách hàng chuyên nghiệp, thái độ thân thiện và lịch sự."", ""Một số thắc mắc phải liên hệ nhiều lần mới được giải quyết."", ""Giải quyết khiếu nại nhanh, khách hàng hài lòng với kết quả.""]"
EMP0171,Trần Văn Khánh,Độc thân,Đại học,5,"[""Khách hàng không có thêm phản hồi về chất lượng hỗ trợ."", ""Khách hàng mong muốn nhân viên tư vấn chi tiết hơn."", ""Phản hồi thắc mắc đầy đủ, hỗ trợ xuyên suốt quá trình đặt hàng."", ""Nhân viên giao tiếp tốt, xử lý yêu cầu đúng hẹn và tận tâm."", ""Hỗ trợ nhanh chóng, tư vấn rõ ràng, khách hàng hài lòng với trải nghiệm."", ""Chăm sóc khách hàng tốt, thời gian phản hồi ngắn."", ""Dịch vụ chăm sóc khách hàng chuyên nghiệp, thái độ thân thiện và lịch sự."", ""Một số thắc mắc phải liên hệ nhiều lần mới được giải quyết."", ""Giải quyết khiếu nại nhanh, khách hàng hài lòng với kết quả."", ""Khách hàng đánh giá mức độ hài lòng ở mức khá."", ""Quá trình hỗ trợ diễn ra bình thường, đúng quy trình."", ""Khách hàng đánh giá cao sự chủ động và trách nhiệm của bộ phận hỗ trợ."", ""Khách hàng đánh giá nhân viên hỗ trợ rất nhiệt tình, phản hồi nhanh và giải quyết vấn đề hiệu quả."", ""Dịch vụ ổn định, nhân viên luôn sẵn sàng hỗ trợ khi cần."", ""Tư vấn chi tiết, thái độ chuyên nghiệp và thân thiện."", ""Khách hàng phản ánh thời gian phản hồi còn chậm nhưng vấn đề đã được xử lý."", ""Cần cải thiện tốc độ hỗ trợ vào giờ cao điểm."", ""Dịch vụ đáp ứng yêu cầu cơ bản, chưa phát sinh vấn đề đáng kể.""]"
EMP0172,Dương Thanh Uyên,Đã kết hôn,Sau đại học,7,"[""Khách hàng phản ánh thời gian phản hồi còn chậm nhưng vấn đề đã được xử lý."", ""Giải quyết khiếu nại nhanh, khách hàng hài lòng với kết quả."", ""Khách hàng đánh giá nhân viên hỗ trợ rất nhiệt tình, phản hồi nhanh và giải quyết vấn đề hiệu quả."", ""Hỗ trợ nhanh chóng, tư vấn rõ ràng, khách hàng hài lòng với trải nghiệm."", ""Chăm sóc khách hàng tốt, thời gian phản hồi ngắn."", ""Dịch vụ đáp ứng yêu cầu cơ bản, chưa phát sinh vấn đề đáng kể."", ""Tư vấn chi tiết, thái độ chuyên nghiệp và thân thiện."", ""Nhân viên giao tiếp tốt, xử lý yêu cầu đúng hẹn và tận tâm."", ""Khách hàng đánh giá mức độ hài lòng ở mức khá."", ""Khách hàng không có thêm phản hồi về chất lượng hỗ trợ."", ""Phản hồi thắc mắc đầy đủ, hỗ trợ xuyên suốt quá trình đặt hàng."", ""Dịch vụ chăm sóc khách hàng chuyên nghiệp, thái độ thân thiện và lịch sự."", ""Dịch vụ ổn định, nhân viên luôn sẵn sàng hỗ trợ khi cần."", ""Khách hàng đánh giá cao sự chủ động và trách nhiệm của bộ phận hỗ trợ."", ""Khách hàng mong muốn nhân viên tư vấn chi tiết hơn."", ""Một số thắc mắc phải liên hệ nhiều lần mới được giải quyết."", ""Cần cải thiện tốc độ hỗ trợ vào giờ cao điểm."", ""Quá trình hỗ trợ diễn ra bình thường, đúng quy trình.""]"
EMP0173,Dương Anh Mai,Độc thân,Sau đại học,11,"[""Dịch vụ ổn định, nhân viên luôn sẵn sàng hỗ trợ khi cần."", ""Cần cải thiện tốc độ hỗ trợ vào giờ cao điểm."", ""Chăm sóc khách hàng tốt, thời gian phản hồi ngắn."", ""Tư vấn chi tiết, thái độ chuyên nghiệp và thân thiện."", ""Dịch vụ chăm sóc khách hàng chuyên nghiệp, thái độ thân thiện và lịch sự."", ""Khách hàng không có thêm phản hồi về chất lượng hỗ trợ."", ""Giải quyết khiếu nại nhanh, khách hàng hài lòng với kết quả."", ""Phản hồi thắc mắc đầy đủ, hỗ trợ xuyên suốt quá trình đặt hàng."", ""Hỗ trợ nhanh chóng, tư vấn rõ ràng, khách hàng hài lòng với trải nghiệm."", ""Khách hàng phản ánh thời gian phản hồi còn chậm nhưng vấn đề đã được xử lý."", ""Khách hàng đánh giá nhân viên hỗ trợ rất nhiệt tình, phản hồi nhanh và giải quyết vấn đề hiệu quả."", ""Dịch vụ đáp ứng yêu cầu cơ bản, chưa phát sinh vấn đề đáng kể."", ""Khách hàng đánh giá cao sự chủ động và trách nhiệm của bộ phận hỗ trợ."", ""Khách hàng mong muốn nhân viên tư vấn chi tiết hơn."", ""Quá trình hỗ trợ diễn ra bình thường, đúng quy trình."", ""Nhân viên giao tiếp tốt, xử lý yêu cầu đúng hẹn và tận tâm."", ""Một số thắc mắc phải liên hệ nhiều lần mới được giải quyết."", ""Khách hàng đánh giá mức độ hài lòng ở mức khá.""]"
EMP0174,Huỳnh Hữu Nam,Đã kết hôn,Đại học,7,"[""Hỗ trợ nhanh chóng, tư vấn rõ ràng, khách hàng hài lòng với trải nghiệm."", ""Giải quyết khiếu nại nhanh, khách hàng hài lòng với kết quả."", ""Chăm sóc khách hàng tốt, thời gian phản hồi ngắn."", ""Dịch vụ chăm sóc khách hàng chuyên nghiệp, thái độ thân thiện và lịch sự."", ""Khách hàng không có thêm phản hồi về chất lượng hỗ trợ."", ""Khách hàng đánh giá nhân viên hỗ trợ rất nhiệt tình, phản hồi nhanh và giải quyết vấn đề hiệu quả."", ""Khách hàng đánh giá cao sự chủ động và trách nhiệm của bộ phận hỗ trợ."", ""Phản hồi thắc mắc đầy đủ, hỗ trợ xuyên suốt quá trình đặt hàng."", ""Dịch vụ ổn định, nhân viên luôn sẵn sàng hỗ trợ khi cần."", ""Cần cải thiện tốc độ hỗ trợ vào giờ cao điểm."", ""Tư vấn chi tiết, thái độ chuyên nghiệp và thân thiện."", ""Khách hàng mong muốn nhân viên tư vấn chi tiết hơn."", ""Dịch vụ đáp ứng yêu cầu cơ bản, chưa phát sinh vấn đề đáng kể."", ""Một số thắc mắc phải liên hệ nhiều lần mới được giải quyết."", ""Quá trình hỗ trợ diễn ra bình thường, đúng quy trình."", ""Khách hàng đánh giá mức độ hài lòng ở mức khá."", ""Nhân viên giao tiếp tốt, xử lý yêu cầu đúng hẹn và tận tâm."", ""Khách hàng phản ánh thời gian phản hồi còn chậm nhưng vấn đề đã được xử lý.""]"
EMP0175,Dương Anh Giang,Đã kết hôn,Cao đẳng,12,"[""Dịch vụ đáp ứng yêu cầu cơ bản, chưa phát sinh vấn đề đáng kể."", ""Nhân viên giao tiếp tốt, xử lý yêu cầu đúng hẹn và tận tâm."", ""Khách hàng không có thêm phản hồi về chất lượng hỗ trợ."", ""Dịch vụ chăm sóc khách hàng chuyên nghiệp, thái độ thân thiện và lịch sự."", ""Khách hàng đánh giá nhân viên hỗ trợ rất nhiệt tình, phản hồi nhanh và giải quyết vấn đề hiệu quả."", ""Phản hồi thắc mắc đầy đủ, hỗ trợ xuyên suốt quá trình đặt hàng."", ""Dịch vụ ổn định, nhân viên luôn sẵn sàng hỗ trợ khi cần."", ""Giải quyết khiếu nại nhanh, khách hàng hài lòng với kết quả."", ""Khách hàng đánh giá mức độ hài lòng ở mức khá."", ""Tư vấn chi tiết, thái độ chuyên nghiệp và thân thiện."", ""Khách hàng đánh giá cao sự chủ động và trách nhiệm của bộ phận hỗ trợ."", ""Khách hàng mong muốn nhân viên tư vấn chi tiết hơn."", ""Chăm sóc khách hàng tốt, thời gian phản hồi ngắn."", ""Quá trình hỗ trợ diễn ra bình thường, đúng quy trình."", ""Hỗ trợ nhanh chóng, tư vấn rõ ràng, khách hàng hài lòng với trải nghiệm."", ""Cần cải thiện tốc độ hỗ trợ vào giờ cao điểm."", ""Khách hàng phản ánh thời gian phản hồi còn chậm nhưng vấn đề đã được xử lý."", ""Một số thắc mắc phải liên hệ nhiều lần mới được giải quyết.""]"
EMP0176,Hồ Hữu Hà,Độc thân,Sau đại học,7,"[""Phản hồi thắc mắc đầy đủ, hỗ trợ xuyên suốt quá trình đặt hàng."", ""Nhân viên giao tiếp tốt, xử lý yêu cầu đúng hẹn và tận tâm."", ""Khách hàng không có thêm phản hồi về chất lượng hỗ trợ."", ""Giải quyết khiếu nại nhanh, khách hàng hài lòng với kết quả."", ""Quá trình hỗ trợ diễn ra bình thường, đúng quy trình."", ""Khách hàng mong muốn nhân viên tư vấn chi tiết hơn."", ""Khách hàng đánh giá nhân viên hỗ trợ rất nhiệt tình, phản hồi nhanh và giải quyết vấn đề hiệu quả."", ""Chăm sóc khách hàng tốt, thời gian phản hồi ngắn."", ""Khách hàng đánh giá cao sự chủ động và trách nhiệm của bộ phận hỗ trợ."", ""Dịch vụ chăm sóc khách hàng chuyên nghiệp, thái độ thân thiện và lịch sự."", ""Cần cải thiện tốc độ hỗ trợ vào giờ cao điểm."", ""Hỗ trợ nhanh chóng, tư vấn rõ ràng, khách hàng hài lòng với trải nghiệm."", ""Một số thắc mắc phải liên hệ nhiều lần mới được giải quyết."", ""Dịch vụ ổn định, nhân viên luôn sẵn sàng hỗ trợ khi cần."", ""Khách hàng đánh giá mức độ hài lòng ở mức khá."", ""Tư vấn chi tiết, thái độ chuyên nghiệp và thân thiện."", ""Dịch vụ đáp ứng yêu cầu cơ bản, chưa phát sinh vấn đề đáng kể."", ""Khách hàng phản ánh thời gian phản hồi còn chậm nhưng vấn đề đã được xử lý.""]"
EMP0177,Nguyễn Hữu Bình,Đã kết hôn,Đại học,12,"[""Dịch vụ chăm sóc khách hàng chuyên nghiệp, thái độ thân thiện và lịch sự."", ""Một số thắc mắc phải liên hệ nhiều lần mới được giải quyết."", ""Cần cải thiện tốc độ hỗ trợ vào giờ cao điểm."", ""Hỗ trợ nhanh chóng, tư vấn rõ ràng, khách hàng hài lòng với trải nghiệm."", ""Giải quyết khiếu nại nhanh, khách hàng hài lòng với kết quả."", ""Khách hàng mong muốn nhân viên tư vấn chi tiết hơn."", ""Tư vấn chi tiết, thái độ chuyên nghiệp và thân thiện."", ""Nhân viên giao tiếp tốt, xử lý yêu cầu đúng hẹn và tận tâm."", ""Chăm sóc khách hàng tốt, thời gian phản hồi ngắn."", ""Khách hàng đánh giá nhân viên hỗ trợ rất nhiệt tình, phản hồi nhanh và giải quyết vấn đề hiệu quả."", ""Quá trình hỗ trợ diễn ra bình thường, đúng quy trình."", ""Dịch vụ ổn định, nhân viên luôn sẵn sàng hỗ trợ khi cần."", ""Phản hồi thắc mắc đầy đủ, hỗ trợ xuyên suốt quá trình đặt hàng."", ""Khách hàng đánh giá mức độ hài lòng ở mức khá."", ""Khách hàng không có thêm phản hồi về chất lượng hỗ trợ."", ""Dịch vụ đáp ứng yêu cầu cơ bản, chưa phát sinh vấn đề đáng kể."", ""Khách hàng đánh giá cao sự chủ động và trách nhiệm của bộ phận hỗ trợ."", ""Khách hàng phản ánh thời gian phản hồi còn chậm nhưng vấn đề đã được xử lý.""]"
EMP0178,Đặng Quốc Uyên,Đã kết hôn,Đại học,10,"[""Giải quyết khiếu nại nhanh, khách hàng hài lòng với kết quả."", ""Khách hàng đánh giá cao sự chủ động và trách nhiệm của bộ phận hỗ trợ."", ""Nhân viên giao tiếp tốt, xử lý yêu cầu đúng hẹn và tận tâm."", ""Quá trình hỗ trợ diễn ra bình thường, đúng quy trình."", ""Chăm sóc khách hàng tốt, thời gian phản hồi ngắn."", ""Dịch vụ ổn định, nhân viên luôn sẵn sàng hỗ trợ khi cần."", ""Phản hồi thắc mắc đầy đủ, hỗ trợ xuyên suốt quá trình đặt hàng."", ""Tư vấn chi tiết, thái độ chuyên nghiệp và thân thiện."", ""Khách hàng mong muốn nhân viên tư vấn chi tiết hơn."", ""Dịch vụ đáp ứng yêu cầu cơ bản, chưa phát sinh vấn đề đáng kể."", ""Khách hàng đánh giá nhân viên hỗ trợ rất nhiệt tình, phản hồi nhanh và giải quyết vấn đề hiệu quả."", ""Dịch vụ chăm sóc khách hàng chuyên nghiệp, thái độ thân thiện và lịch sự."", ""Khách hàng phản ánh thời gian phản hồi còn chậm nhưng vấn đề đã được xử lý."", ""Hỗ trợ nhanh chóng, tư vấn rõ ràng, khách hàng hài lòng với trải nghiệm."", ""Khách hàng không có thêm phản hồi về chất lượng hỗ trợ."", ""Một số thắc mắc phải liên hệ nhiều lần mới được giải quyết."", ""Khách hàng đánh giá mức độ hài lòng ở mức khá."", ""Cần cải thiện tốc độ hỗ trợ vào giờ cao điểm.""]"
EMP0179,Phạm Ngọc Phúc,Đã kết hôn,Cao đẳng,19,"[""Chăm sóc khách hàng tốt, thời gian phản hồi ngắn."", ""Giải quyết khiếu nại nhanh, khách hàng hài lòng với kết quả."", ""Khách hàng đánh giá cao sự chủ động và trách nhiệm của bộ phận hỗ trợ."", ""Quá trình hỗ trợ diễn ra bình thường, đúng quy trình."", ""Dịch vụ đáp ứng yêu cầu cơ bản, chưa phát sinh vấn đề đáng kể."", ""Phản hồi thắc mắc đầy đủ, hỗ trợ xuyên suốt quá trình đặt hàng."", ""Dịch vụ chăm sóc khách hàng chuyên nghiệp, thái độ thân thiện và lịch sự."", ""Khách hàng mong muốn nhân viên tư vấn chi tiết hơn."", ""Tư vấn chi tiết, thái độ chuyên nghiệp và thân thiện."", ""Khách hàng không có thêm phản hồi về chất lượng hỗ trợ."", ""Nhân viên giao tiếp tốt, xử lý yêu cầu đúng hẹn và tận tâm."", ""Dịch vụ ổn định, nhân viên luôn sẵn sàng hỗ trợ khi cần."", ""Cần cải thiện tốc độ hỗ trợ vào giờ cao điểm."", ""Khách hàng phản ánh thời gian phản hồi còn chậm nhưng vấn đề đã được xử lý."", ""Hỗ trợ nhanh chóng, tư vấn rõ ràng, khách hàng hài lòng với trải nghiệm."", ""Khách hàng đánh giá nhân viên hỗ trợ rất nhiệt tình, phản hồi nhanh và giải quyết vấn đề hiệu quả."", ""Một số thắc mắc phải liên hệ nhiều lần mới được giải quyết."", ""Khách hàng đánh giá mức độ hài lòng ở mức khá.""]"
EMP0180,Lê Gia Hùng,Đã kết hôn,Sau đại học,3,"[""Dịch vụ ổn định, nhân viên luôn sẵn sàng hỗ trợ khi cần."", ""Hỗ trợ nhanh chóng, tư vấn rõ ràng, khách hàng hài lòng với trải nghiệm."", ""Nhân viên giao tiếp tốt, xử lý yêu cầu đúng hẹn và tận tâm."", ""Khách hàng đánh giá mức độ hài lòng ở mức khá."", ""Phản hồi thắc mắc đầy đủ, hỗ trợ xuyên suốt quá trình đặt hàng."", ""Khách hàng mong muốn nhân viên tư vấn chi tiết hơn."", ""Khách hàng đánh giá cao sự chủ động và trách nhiệm của bộ phận hỗ trợ."", ""Dịch vụ chăm sóc khách hàng chuyên nghiệp, thái độ thân thiện và lịch sự."", ""Tư vấn chi tiết, thái độ chuyên nghiệp và thân thiện."", ""Quá trình hỗ trợ diễn ra bình thường, đúng quy trình."", ""Khách hàng đánh giá nhân viên hỗ trợ rất nhiệt tình, phản hồi nhanh và giải quyết vấn đề hiệu quả."", ""Khách hàng không có thêm phản hồi về chất lượng hỗ trợ."", ""Chăm sóc khách hàng tốt, thời gian phản hồi ngắn."", ""Dịch vụ đáp ứng yêu cầu cơ bản, chưa phát sinh vấn đề đáng kể."", ""Giải quyết khiếu nại nhanh, khách hàng hài lòng với kết quả."", ""Khách hàng phản ánh thời gian phản hồi còn chậm nhưng vấn đề đã được xử lý."", ""Một số thắc mắc phải liên hệ nhiều lần mới được giải quyết."", ""Cần cải thiện tốc độ hỗ trợ vào giờ cao điểm.""]"
EMP0181,Đỗ Gia Vy,Độc thân,Sau đại học,9,"[""Hỗ trợ nhanh chóng, tư vấn rõ ràng, khách hàng hài lòng với trải nghiệm."", ""Tư vấn chi tiết, thái độ chuyên nghiệp và thân thiện."", ""Giải quyết khiếu nại nhanh, khách hàng hài lòng với kết quả."", ""Khách hàng không có thêm phản hồi về chất lượng hỗ trợ."", ""Phản hồi thắc mắc đầy đủ, hỗ trợ xuyên suốt quá trình đặt hàng."", ""Dịch vụ chăm sóc khách hàng chuyên nghiệp, thái độ thân thiện và lịch sự."", ""Khách hàng đánh giá nhân viên hỗ trợ rất nhiệt tình, phản hồi nhanh và giải quyết vấn đề hiệu quả."", ""Dịch vụ ổn định, nhân viên luôn sẵn sàng hỗ trợ khi cần."", ""Khách hàng đánh giá mức độ hài lòng ở mức khá."", ""Khách hàng đánh giá cao sự chủ động và trách nhiệm của bộ phận hỗ trợ."", ""Dịch vụ đáp ứng yêu cầu cơ bản, chưa phát sinh vấn đề đáng kể."", ""Chăm sóc khách hàng tốt, thời gian phản hồi ngắn."", ""Nhân viên giao tiếp tốt, xử lý yêu cầu đúng hẹn và tận tâm."", ""Quá trình hỗ trợ diễn ra bình thường, đúng quy trình."", ""Một số thắc mắc phải liên hệ nhiều lần mới được giải quyết."", ""Khách hàng mong muốn nhân viên tư vấn chi tiết hơn."", ""Cần cải thiện tốc độ hỗ trợ vào giờ cao điểm."", ""Khách hàng phản ánh thời gian phản hồi còn chậm nhưng vấn đề đã được xử lý.""]"
EMP0182,Đỗ Thị Hà,Độc thân,Trung cấp,1,"[""Khách hàng đánh giá cao sự chủ động và trách nhiệm của bộ phận hỗ trợ."", ""Khách hàng đánh giá nhân viên hỗ trợ rất nhiệt tình, phản hồi nhanh và giải quyết vấn đề hiệu quả."", ""Một số thắc mắc phải liên hệ nhiều lần mới được giải quyết."", ""Tư vấn chi tiết, thái độ chuyên nghiệp và thân thiện."", ""Chăm sóc khách hàng tốt, thời gian phản hồi ngắn."", ""Quá trình hỗ trợ diễn ra bình thường, đúng quy trình."", ""Giải quyết khiếu nại nhanh, khách hàng hài lòng với kết quả."", ""Hỗ trợ nhanh chóng, tư vấn rõ ràng, khách hàng hài lòng với trải nghiệm."", ""Dịch vụ chăm sóc khách hàng chuyên nghiệp, thái độ thân thiện và lịch sự."", ""Dịch vụ ổn định, nhân viên luôn sẵn sàng hỗ trợ khi cần."", ""Khách hàng không có thêm phản hồi về chất lượng hỗ trợ."", ""Phản hồi thắc mắc đầy đủ, hỗ trợ xuyên suốt quá trình đặt hàng."", ""Nhân viên giao tiếp tốt, xử lý yêu cầu đúng hẹn và tận tâm."", ""Dịch vụ đáp ứng yêu cầu cơ bản, chưa phát sinh vấn đề đáng kể."", ""Khách hàng mong muốn nhân viên tư vấn chi tiết hơn."", ""Khách hàng phản ánh thời gian phản hồi còn chậm nhưng vấn đề đã được xử lý."", ""Cần cải thiện tốc độ hỗ trợ vào giờ cao điểm."", ""Khách hàng đánh giá mức độ hài lòng ở mức khá.""]"
EMP0183,Dương Quốc Hà,Độc thân,Trung cấp,11,"[""Dịch vụ chăm sóc khách hàng chuyên nghiệp, thái độ thân thiện và lịch sự."", ""Khách hàng không có thêm phản hồi về chất lượng hỗ trợ."", ""Khách hàng đánh giá mức độ hài lòng ở mức khá."", ""Chăm sóc khách hàng tốt, thời gian phản hồi ngắn."", ""Quá trình hỗ trợ diễn ra bình thường, đúng quy trình."", ""Dịch vụ đáp ứng yêu cầu cơ bản, chưa phát sinh vấn đề đáng kể."", ""Khách hàng đánh giá cao sự chủ động và trách nhiệm của bộ phận hỗ trợ."", ""Tư vấn chi tiết, thái độ chuyên nghiệp và thân thiện."", ""Khách hàng đánh giá nhân viên hỗ trợ rất nhiệt tình, phản hồi nhanh và giải quyết vấn đề hiệu quả."", ""Dịch vụ ổn định, nhân viên luôn sẵn sàng hỗ trợ khi cần."", ""Khách hàng mong muốn nhân viên tư vấn chi tiết hơn."", ""Giải quyết khiếu nại nhanh, khách hàng hài lòng với kết quả."", ""Nhân viên giao tiếp tốt, xử lý yêu cầu đúng hẹn và tận tâm."", ""Phản hồi thắc mắc đầy đủ, hỗ trợ xuyên suốt quá trình đặt hàng."", ""Một số thắc mắc phải liên hệ nhiều lần mới được giải quyết."", ""Cần cải thiện tốc độ hỗ trợ vào giờ cao điểm."", ""Hỗ trợ nhanh chóng, tư vấn rõ ràng, khách hàng hài lòng với trải nghiệm."", ""Khách hàng phản ánh thời gian phản hồi còn chậm nhưng vấn đề đã được xử lý.""]"
EMP0184,Hồ Thị Oanh,Độc thân,Đại học,8,"[""Cần cải thiện tốc độ hỗ trợ vào giờ cao điểm."", ""Giải quyết khiếu nại nhanh, khách hàng hài lòng với kết quả."", ""Khách hàng đánh giá nhân viên hỗ trợ rất nhiệt tình, phản hồi nhanh và giải quyết vấn đề hiệu quả."", ""Dịch vụ đáp ứng yêu cầu cơ bản, chưa phát sinh vấn đề đáng kể."", ""Khách hàng mong muốn nhân viên tư vấn chi tiết hơn."", ""Tư vấn chi tiết, thái độ chuyên nghiệp và thân thiện."", ""Quá trình hỗ trợ diễn ra bình thường, đúng quy trình."", ""Khách hàng đánh giá cao sự chủ động và trách nhiệm của bộ phận hỗ trợ."", ""Khách hàng không có thêm phản hồi về chất lượng hỗ trợ."", ""Dịch vụ chăm sóc khách hàng chuyên nghiệp, thái độ thân thiện và lịch sự."", ""Khách hàng đánh giá mức độ hài lòng ở mức khá."", ""Dịch vụ ổn định, nhân viên luôn sẵn sàng hỗ trợ khi cần."", ""Chăm sóc khách hàng tốt, thời gian phản hồi ngắn."", ""Hỗ trợ nhanh chóng, tư vấn rõ ràng, khách hàng hài lòng với trải nghiệm."", ""Nhân viên giao tiếp tốt, xử lý yêu cầu đúng hẹn và tận tâm."", ""Khách hàng phản ánh thời gian phản hồi còn chậm nhưng vấn đề đã được xử lý."", ""Phản hồi thắc mắc đầy đủ, hỗ trợ xuyên suốt quá trình đặt hàng."", ""Một số thắc mắc phải liên hệ nhiều lần mới được giải quyết.""]"
EMP0185,Phan Hữu Yến,Độc thân,Đại học,7,"[""Giải quyết khiếu nại nhanh, khách hàng hài lòng với kết quả."", ""Nhân viên giao tiếp tốt, xử lý yêu cầu đúng hẹn và tận tâm."", ""Chăm sóc khách hàng tốt, thời gian phản hồi ngắn."", ""Dịch vụ ổn định, nhân viên luôn sẵn sàng hỗ trợ khi cần."", ""Khách hàng đánh giá nhân viên hỗ trợ rất nhiệt tình, phản hồi nhanh và giải quyết vấn đề hiệu quả."", ""Khách hàng không có thêm phản hồi về chất lượng hỗ trợ."", ""Dịch vụ chăm sóc khách hàng chuyên nghiệp, thái độ thân thiện và lịch sự."", ""Dịch vụ đáp ứng yêu cầu cơ bản, chưa phát sinh vấn đề đáng kể."", ""Hỗ trợ nhanh chóng, tư vấn rõ ràng, khách hàng hài lòng với trải nghiệm."", ""Tư vấn chi tiết, thái độ chuyên nghiệp và thân thiện."", ""Quá trình hỗ trợ diễn ra bình thường, đúng quy trình."", ""Cần cải thiện tốc độ hỗ trợ vào giờ cao điểm."", ""Khách hàng đánh giá mức độ hài lòng ở mức khá."", ""Phản hồi thắc mắc đầy đủ, hỗ trợ xuyên suốt quá trình đặt hàng."", ""Khách hàng mong muốn nhân viên tư vấn chi tiết hơn."", ""Một số thắc mắc phải liên hệ nhiều lần mới được giải quyết."", ""Khách hàng phản ánh thời gian phản hồi còn chậm nhưng vấn đề đã được xử lý."", ""Khách hàng đánh giá cao sự chủ động và trách nhiệm của bộ phận hỗ trợ.""]"
EMP0186,Lê Văn Hà,Đã kết hôn,Trung cấp,3,"[""Phản hồi thắc mắc đầy đủ, hỗ trợ xuyên suốt quá trình đặt hàng."", ""Khách hàng đánh giá mức độ hài lòng ở mức khá."", ""Dịch vụ chăm sóc khách hàng chuyên nghiệp, thái độ thân thiện và lịch sự."", ""Quá trình hỗ trợ diễn ra bình thường, đúng quy trình."", ""Hỗ trợ nhanh chóng, tư vấn rõ ràng, khách hàng hài lòng với trải nghiệm."", ""Giải quyết khiếu nại nhanh, khách hàng hài lòng với kết quả."", ""Dịch vụ ổn định, nhân viên luôn sẵn sàng hỗ trợ khi cần."", ""Khách hàng đánh giá nhân viên hỗ trợ rất nhiệt tình, phản hồi nhanh và giải quyết vấn đề hiệu quả."", ""Khách hàng phản ánh thời gian phản hồi còn chậm nhưng vấn đề đã được xử lý."", ""Tư vấn chi tiết, thái độ chuyên nghiệp và thân thiện."", ""Dịch vụ đáp ứng yêu cầu cơ bản, chưa phát sinh vấn đề đáng kể."", ""Khách hàng đánh giá cao sự chủ động và trách nhiệm của bộ phận hỗ trợ."", ""Khách hàng không có thêm phản hồi về chất lượng hỗ trợ."", ""Chăm sóc khách hàng tốt, thời gian phản hồi ngắn."", ""Một số thắc mắc phải liên hệ nhiều lần mới được giải quyết."", ""Nhân viên giao tiếp tốt, xử lý yêu cầu đúng hẹn và tận tâm."", ""Cần cải thiện tốc độ hỗ trợ vào giờ cao điểm."", ""Khách hàng mong muốn nhân viên tư vấn chi tiết hơn.""]"
EMP0187,Trần Gia Hà,Độc thân,Đại học,10,"[""Phản hồi thắc mắc đầy đủ, hỗ trợ xuyên suốt quá trình đặt hàng."", ""Nhân viên giao tiếp tốt, xử lý yêu cầu đúng hẹn và tận tâm."", ""Tư vấn chi tiết, thái độ chuyên nghiệp và thân thiện."", ""Giải quyết khiếu nại nhanh, khách hàng hài lòng với kết quả."", ""Quá trình hỗ trợ diễn ra bình thường, đúng quy trình."", ""Dịch vụ chăm sóc khách hàng chuyên nghiệp, thái độ thân thiện và lịch sự."", ""Khách hàng không có thêm phản hồi về chất lượng hỗ trợ."", ""Cần cải thiện tốc độ hỗ trợ vào giờ cao điểm."", ""Khách hàng đánh giá nhân viên hỗ trợ rất nhiệt tình, phản hồi nhanh và giải quyết vấn đề hiệu quả."", ""Hỗ trợ nhanh chóng, tư vấn rõ ràng, khách hàng hài lòng với trải nghiệm."", ""Khách hàng mong muốn nhân viên tư vấn chi tiết hơn."", ""Dịch vụ ổn định, nhân viên luôn sẵn sàng hỗ trợ khi cần."", ""Dịch vụ đáp ứng yêu cầu cơ bản, chưa phát sinh vấn đề đáng kể."", ""Chăm sóc khách hàng tốt, thời gian phản hồi ngắn."", ""Một số thắc mắc phải liên hệ nhiều lần mới được giải quyết."", ""Khách hàng đánh giá mức độ hài lòng ở mức khá."", ""Khách hàng đánh giá cao sự chủ động và trách nhiệm của bộ phận hỗ trợ."", ""Khách hàng phản ánh thời gian phản hồi còn chậm nhưng vấn đề đã được xử lý.""]"
EMP0188,Võ Anh Linh,Độc thân,Cao đẳng,17,"[""Khách hàng đánh giá cao sự chủ động và trách nhiệm của bộ phận hỗ trợ."", ""Tư vấn chi tiết, thái độ chuyên nghiệp và thân thiện."", ""Khách hàng không có thêm phản hồi về chất lượng hỗ trợ."", ""Khách hàng phản ánh thời gian phản hồi còn chậm nhưng vấn đề đã được xử lý."", ""Hỗ trợ nhanh chóng, tư vấn rõ ràng, khách hàng hài lòng với trải nghiệm."", ""Chăm sóc khách hàng tốt, thời gian phản hồi ngắn."", ""Quá trình hỗ trợ diễn ra bình thường, đúng quy trình."", ""Khách hàng đánh giá mức độ hài lòng ở mức khá."", ""Phản hồi thắc mắc đầy đủ, hỗ trợ xuyên suốt quá trình đặt hàng."", ""Dịch vụ ổn định, nhân viên luôn sẵn sàng hỗ trợ khi cần."", ""Giải quyết khiếu nại nhanh, khách hàng hài lòng với kết quả."", ""Dịch vụ chăm sóc khách hàng chuyên nghiệp, thái độ thân thiện và lịch sự."", ""Khách hàng đánh giá nhân viên hỗ trợ rất nhiệt tình, phản hồi nhanh và giải quyết vấn đề hiệu quả."", ""Dịch vụ đáp ứng yêu cầu cơ bản, chưa phát sinh vấn đề đáng kể."", ""Khách hàng mong muốn nhân viên tư vấn chi tiết hơn."", ""Nhân viên giao tiếp tốt, xử lý yêu cầu đúng hẹn và tận tâm."", ""Cần cải thiện tốc độ hỗ trợ vào giờ cao điểm."", ""Một số thắc mắc phải liên hệ nhiều lần mới được giải quyết.""]"
EMP0189,Võ Hữu Vy,Đã kết hôn,Cao đẳng,10,"[""Hỗ trợ nhanh chóng, tư vấn rõ ràng, khách hàng hài lòng với trải nghiệm."", ""Khách hàng đánh giá mức độ hài lòng ở mức khá."", ""Khách hàng đánh giá cao sự chủ động và trách nhiệm của bộ phận hỗ trợ."", ""Quá trình hỗ trợ diễn ra bình thường, đúng quy trình."", ""Dịch vụ chăm sóc khách hàng chuyên nghiệp, thái độ thân thiện và lịch sự."", ""Khách hàng đánh giá nhân viên hỗ trợ rất nhiệt tình, phản hồi nhanh và giải quyết vấn đề hiệu quả."", ""Khách hàng không có thêm phản hồi về chất lượng hỗ trợ."", ""Giải quyết khiếu nại nhanh, khách hàng hài lòng với kết quả."", ""Phản hồi thắc mắc đầy đủ, hỗ trợ xuyên suốt quá trình đặt hàng."", ""Tư vấn chi tiết, thái độ chuyên nghiệp và thân thiện."", ""Nhân viên giao tiếp tốt, xử lý yêu cầu đúng hẹn và tận tâm."", ""Dịch vụ ổn định, nhân viên luôn sẵn sàng hỗ trợ khi cần."", ""Chăm sóc khách hàng tốt, thời gian phản hồi ngắn."", ""Dịch vụ đáp ứng yêu cầu cơ bản, chưa phát sinh vấn đề đáng kể."", ""Khách hàng mong muốn nhân viên tư vấn chi tiết hơn."", ""Khách hàng phản ánh thời gian phản hồi còn chậm nhưng vấn đề đã được xử lý."", ""Cần cải thiện tốc độ hỗ trợ vào giờ cao điểm."", ""Một số thắc mắc phải liên hệ nhiều lần mới được giải quyết.""]"
EMP0190,Đỗ Minh Giang,Độc thân,Đại học,19,"[""Dịch vụ chăm sóc khách hàng chuyên nghiệp, thái độ thân thiện và lịch sự."", ""Khách hàng phản ánh thời gian phản hồi còn chậm nhưng vấn đề đã được xử lý."", ""Tư vấn chi tiết, thái độ chuyên nghiệp và thân thiện."", ""Khách hàng đánh giá cao sự chủ động và trách nhiệm của bộ phận hỗ trợ."", ""Dịch vụ đáp ứng yêu cầu cơ bản, chưa phát sinh vấn đề đáng kể."", ""Giải quyết khiếu nại nhanh, khách hàng hài lòng với kết quả."", ""Khách hàng đánh giá mức độ hài lòng ở mức khá."", ""Phản hồi thắc mắc đầy đủ, hỗ trợ xuyên suốt quá trình đặt hàng."", ""Chăm sóc khách hàng tốt, thời gian phản hồi ngắn."", ""Quá trình hỗ trợ diễn ra bình thường, đúng quy trình."", ""Nhân viên giao tiếp tốt, xử lý yêu cầu đúng hẹn và tận tâm."", ""Một số thắc mắc phải liên hệ nhiều lần mới được giải quyết."", ""Khách hàng mong muốn nhân viên tư vấn chi tiết hơn."", ""Hỗ trợ nhanh chóng, tư vấn rõ ràng, khách hàng hài lòng với trải nghiệm."", ""Cần cải thiện tốc độ hỗ trợ vào giờ cao điểm."", ""Khách hàng đánh giá nhân viên hỗ trợ rất nhiệt tình, phản hồi nhanh và giải quyết vấn đề hiệu quả."", ""Dịch vụ ổn định, nhân viên luôn sẵn sàng hỗ trợ khi cần."", ""Khách hàng không có thêm phản hồi về chất lượng hỗ trợ.""]"
EMP0191,Hồ Anh Dũng,Độc thân,Trung cấp,4,"[""Khách hàng đánh giá cao sự chủ động và trách nhiệm của bộ phận hỗ trợ."", ""Khách hàng đánh giá nhân viên hỗ trợ rất nhiệt tình, phản hồi nhanh và giải quyết vấn đề hiệu quả."", ""Chăm sóc khách hàng tốt, thời gian phản hồi ngắn."", ""Quá trình hỗ trợ diễn ra bình thường, đúng quy trình."", ""Nhân viên giao tiếp tốt, xử lý yêu cầu đúng hẹn và tận tâm."", ""Dịch vụ chăm sóc khách hàng chuyên nghiệp, thái độ thân thiện và lịch sự."", ""Phản hồi thắc mắc đầy đủ, hỗ trợ xuyên suốt quá trình đặt hàng."", ""Khách hàng mong muốn nhân viên tư vấn chi tiết hơn."", ""Giải quyết khiếu nại nhanh, khách hàng hài lòng với kết quả."", ""Khách hàng không có thêm phản hồi về chất lượng hỗ trợ."", ""Hỗ trợ nhanh chóng, tư vấn rõ ràng, khách hàng hài lòng với trải nghiệm."", ""Dịch vụ ổn định, nhân viên luôn sẵn sàng hỗ trợ khi cần."", ""Tư vấn chi tiết, thái độ chuyên nghiệp và thân thiện."", ""Dịch vụ đáp ứng yêu cầu cơ bản, chưa phát sinh vấn đề đáng kể."", ""Một số thắc mắc phải liên hệ nhiều lần mới được giải quyết."", ""Khách hàng phản ánh thời gian phản hồi còn chậm nhưng vấn đề đã được xử lý."", ""Khách hàng đánh giá mức độ hài lòng ở mức khá."", ""Cần cải thiện tốc độ hỗ trợ vào giờ cao điểm.""]"
EMP0192,Nguyễn Đức Bình,Độc thân,Trung cấp,1,"[""Phản hồi thắc mắc đầy đủ, hỗ trợ xuyên suốt quá trình đặt hàng."", ""Giải quyết khiếu nại nhanh, khách hàng hài lòng với kết quả."", ""Khách hàng đánh giá mức độ hài lòng ở mức khá."", ""Nhân viên giao tiếp tốt, xử lý yêu cầu đúng hẹn và tận tâm."", ""Chăm sóc khách hàng tốt, thời gian phản hồi ngắn."", ""Tư vấn chi tiết, thái độ chuyên nghiệp và thân thiện."", ""Dịch vụ chăm sóc khách hàng chuyên nghiệp, thái độ thân thiện và lịch sự."", ""Khách hàng phản ánh thời gian phản hồi còn chậm nhưng vấn đề đã được xử lý."", ""Khách hàng đánh giá cao sự chủ động và trách nhiệm của bộ phận hỗ trợ."", ""Khách hàng đánh giá nhân viên hỗ trợ rất nhiệt tình, phản hồi nhanh và giải quyết vấn đề hiệu quả."", ""Dịch vụ ổn định, nhân viên luôn sẵn sàng hỗ trợ khi cần."", ""Quá trình hỗ trợ diễn ra bình thường, đúng quy trình."", ""Khách hàng mong muốn nhân viên tư vấn chi tiết hơn."", ""Hỗ trợ nhanh chóng, tư vấn rõ ràng, khách hàng hài lòng với trải nghiệm."", ""Khách hàng không có thêm phản hồi về chất lượng hỗ trợ."", ""Dịch vụ đáp ứng yêu cầu cơ bản, chưa phát sinh vấn đề đáng kể."", ""Cần cải thiện tốc độ hỗ trợ vào giờ cao điểm."", ""Một số thắc mắc phải liên hệ nhiều lần mới được giải quyết.""]"
EMP0193,Lê Thị Quân,Độc thân,Đại học,13,"[""Dịch vụ chăm sóc khách hàng chuyên nghiệp, thái độ thân thiện và lịch sự."", ""Tư vấn chi tiết, thái độ chuyên nghiệp và thân thiện."", ""Hỗ trợ nhanh chóng, tư vấn rõ ràng, khách hàng hài lòng với trải nghiệm."", ""Dịch vụ đáp ứng yêu cầu cơ bản, chưa phát sinh vấn đề đáng kể."", ""Chăm sóc khách hàng tốt, thời gian phản hồi ngắn."", ""Cần cải thiện tốc độ hỗ trợ vào giờ cao điểm."", ""Khách hàng không có thêm phản hồi về chất lượng hỗ trợ."", ""Phản hồi thắc mắc đầy đủ, hỗ trợ xuyên suốt quá trình đặt hàng."", ""Dịch vụ ổn định, nhân viên luôn sẵn sàng hỗ trợ khi cần."", ""Quá trình hỗ trợ diễn ra bình thường, đúng quy trình."", ""Nhân viên giao tiếp tốt, xử lý yêu cầu đúng hẹn và tận tâm."", ""Khách hàng đánh giá mức độ hài lòng ở mức khá."", ""Giải quyết khiếu nại nhanh, khách hàng hài lòng với kết quả."", ""Khách hàng đánh giá cao sự chủ động và trách nhiệm của bộ phận hỗ trợ."", ""Khách hàng đánh giá nhân viên hỗ trợ rất nhiệt tình, phản hồi nhanh và giải quyết vấn đề hiệu quả."", ""Khách hàng phản ánh thời gian phản hồi còn chậm nhưng vấn đề đã được xử lý."", ""Một số thắc mắc phải liên hệ nhiều lần mới được giải quyết."", ""Khách hàng mong muốn nhân viên tư vấn chi tiết hơn.""]"
EMP0194,Phạm Gia Phúc,Độc thân,Sau đại học,17,"[""Dịch vụ đáp ứng yêu cầu cơ bản, chưa phát sinh vấn đề đáng kể."", ""Nhân viên giao tiếp tốt, xử lý yêu cầu đúng hẹn và tận tâm."", ""Dịch vụ ổn định, nhân viên luôn sẵn sàng hỗ trợ khi cần."", ""Quá trình hỗ trợ diễn ra bình thường, đúng quy trình."", ""Khách hàng đánh giá nhân viên hỗ trợ rất nhiệt tình, phản hồi nhanh và giải quyết vấn đề hiệu quả."", ""Dịch vụ chăm sóc khách hàng chuyên nghiệp, thái độ thân thiện và lịch sự."", ""Cần cải thiện tốc độ hỗ trợ vào giờ cao điểm."", ""Hỗ trợ nhanh chóng, tư vấn rõ ràng, khách hàng hài lòng với trải nghiệm."", ""Phản hồi thắc mắc đầy đủ, hỗ trợ xuyên suốt quá trình đặt hàng."", ""Khách hàng mong muốn nhân viên tư vấn chi tiết hơn."", ""Một số thắc mắc phải liên hệ nhiều lần mới được giải quyết."", ""Khách hàng đánh giá cao sự chủ động và trách nhiệm của bộ phận hỗ trợ."", ""Giải quyết khiếu nại nhanh, khách hàng hài lòng với kết quả."", ""Chăm sóc khách hàng tốt, thời gian phản hồi ngắn."", ""Tư vấn chi tiết, thái độ chuyên nghiệp và thân thiện."", ""Khách hàng đánh giá mức độ hài lòng ở mức khá."", ""Khách hàng không có thêm phản hồi về chất lượng hỗ trợ."", ""Khách hàng phản ánh thời gian phản hồi còn chậm nhưng vấn đề đã được xử lý.""]"
EMP0195,Vũ Thanh Linh,Đã kết hôn,Sau đại học,4,"[""Khách hàng không có thêm phản hồi về chất lượng hỗ trợ."", ""Cần cải thiện tốc độ hỗ trợ vào giờ cao điểm."", ""Dịch vụ chăm sóc khách hàng chuyên nghiệp, thái độ thân thiện và lịch sự."", ""Khách hàng đánh giá mức độ hài lòng ở mức khá."", ""Hỗ trợ nhanh chóng, tư vấn rõ ràng, khách hàng hài lòng với trải nghiệm."", ""Dịch vụ đáp ứng yêu cầu cơ bản, chưa phát sinh vấn đề đáng kể."", ""Dịch vụ ổn định, nhân viên luôn sẵn sàng hỗ trợ khi cần."", ""Nhân viên giao tiếp tốt, xử lý yêu cầu đúng hẹn và tận tâm."", ""Tư vấn chi tiết, thái độ chuyên nghiệp và thân thiện."", ""Phản hồi thắc mắc đầy đủ, hỗ trợ xuyên suốt quá trình đặt hàng."", ""Giải quyết khiếu nại nhanh, khách hàng hài lòng với kết quả."", ""Khách hàng đánh giá nhân viên hỗ trợ rất nhiệt tình, phản hồi nhanh và giải quyết vấn đề hiệu quả."", ""Khách hàng đánh giá cao sự chủ động và trách nhiệm của bộ phận hỗ trợ."", ""Khách hàng mong muốn nhân viên tư vấn chi tiết hơn."", ""Quá trình hỗ trợ diễn ra bình thường, đúng quy trình."", ""Chăm sóc khách hàng tốt, thời gian phản hồi ngắn."", ""Khách hàng phản ánh thời gian phản hồi còn chậm nhưng vấn đề đã được xử lý."", ""Một số thắc mắc phải liên hệ nhiều lần mới được giải quyết.""]"
EMP0196,Hoàng Hữu Giang,Đã kết hôn,Đại học,19,"[""Dịch vụ chăm sóc khách hàng chuyên nghiệp, thái độ thân thiện và lịch sự."", ""Chăm sóc khách hàng tốt, thời gian phản hồi ngắn."", ""Giải quyết khiếu nại nhanh, khách hàng hài lòng với kết quả."", ""Quá trình hỗ trợ diễn ra bình thường, đúng quy trình."", ""Dịch vụ đáp ứng yêu cầu cơ bản, chưa phát sinh vấn đề đáng kể."", ""Khách hàng đánh giá nhân viên hỗ trợ rất nhiệt tình, phản hồi nhanh và giải quyết vấn đề hiệu quả."", ""Khách hàng đánh giá cao sự chủ động và trách nhiệm của bộ phận hỗ trợ."", ""Cần cải thiện tốc độ hỗ trợ vào giờ cao điểm."", ""Dịch vụ ổn định, nhân viên luôn sẵn sàng hỗ trợ khi cần."", ""Hỗ trợ nhanh chóng, tư vấn rõ ràng, khách hàng hài lòng với trải nghiệm."", ""Tư vấn chi tiết, thái độ chuyên nghiệp và thân thiện."", ""Phản hồi thắc mắc đầy đủ, hỗ trợ xuyên suốt quá trình đặt hàng."", ""Khách hàng đánh giá mức độ hài lòng ở mức khá."", ""Nhân viên giao tiếp tốt, xử lý yêu cầu đúng hẹn và tận tâm."", ""Khách hàng phản ánh thời gian phản hồi còn chậm nhưng vấn đề đã được xử lý."", ""Khách hàng mong muốn nhân viên tư vấn chi tiết hơn."", ""Khách hàng không có thêm phản hồi về chất lượng hỗ trợ."", ""Một số thắc mắc phải liên hệ nhiều lần mới được giải quyết.""]"
EMP0197,Ngô Đức Bình,Đã kết hôn,Cao đẳng,8,"[""Hỗ trợ nhanh chóng, tư vấn rõ ràng, khách hàng hài lòng với trải nghiệm."", ""Quá trình hỗ trợ diễn ra bình thường, đúng quy trình."", ""Chăm sóc khách hàng tốt, thời gian phản hồi ngắn."", ""Phản hồi thắc mắc đầy đủ, hỗ trợ xuyên suốt quá trình đặt hàng."", ""Dịch vụ ổn định, nhân viên luôn sẵn sàng hỗ trợ khi cần."", ""Giải quyết khiếu nại nhanh, khách hàng hài lòng với kết quả."", ""Khách hàng đánh giá nhân viên hỗ trợ rất nhiệt tình, phản hồi nhanh và giải quyết vấn đề hiệu quả."", ""Nhân viên giao tiếp tốt, xử lý yêu cầu đúng hẹn và tận tâm."", ""Khách hàng không có thêm phản hồi về chất lượng hỗ trợ."", ""Dịch vụ chăm sóc khách hàng chuyên nghiệp, thái độ thân thiện và lịch sự."", ""Tư vấn chi tiết, thái độ chuyên nghiệp và thân thiện."", ""Khách hàng đánh giá cao sự chủ động và trách nhiệm của bộ phận hỗ trợ."", ""Khách hàng đánh giá mức độ hài lòng ở mức khá."", ""Khách hàng phản ánh thời gian phản hồi còn chậm nhưng vấn đề đã được xử lý."", ""Dịch vụ đáp ứng yêu cầu cơ bản, chưa phát sinh vấn đề đáng kể."", ""Khách hàng mong muốn nhân viên tư vấn chi tiết hơn."", ""Một số thắc mắc phải liên hệ nhiều lần mới được giải quyết."", ""Cần cải thiện tốc độ hỗ trợ vào giờ cao điểm.""]"
EMP0198,Võ Anh Cường,Độc thân,Đại học,13,"[""Chăm sóc khách hàng tốt, thời gian phản hồi ngắn."", ""Khách hàng đánh giá nhân viên hỗ trợ rất nhiệt tình, phản hồi nhanh và giải quyết vấn đề hiệu quả."", ""Dịch vụ đáp ứng yêu cầu cơ bản, chưa phát sinh vấn đề đáng kể."", ""Dịch vụ ổn định, nhân viên luôn sẵn sàng hỗ trợ khi cần."", ""Tư vấn chi tiết, thái độ chuyên nghiệp và thân thiện."", ""Khách hàng đánh giá mức độ hài lòng ở mức khá."", ""Khách hàng đánh giá cao sự chủ động và trách nhiệm của bộ phận hỗ trợ."", ""Hỗ trợ nhanh chóng, tư vấn rõ ràng, khách hàng hài lòng với trải nghiệm."", ""Nhân viên giao tiếp tốt, xử lý yêu cầu đúng hẹn và tận tâm."", ""Khách hàng phản ánh thời gian phản hồi còn chậm nhưng vấn đề đã được xử lý."", ""Khách hàng không có thêm phản hồi về chất lượng hỗ trợ."", ""Dịch vụ chăm sóc khách hàng chuyên nghiệp, thái độ thân thiện và lịch sự."", ""Cần cải thiện tốc độ hỗ trợ vào giờ cao điểm."", ""Giải quyết khiếu nại nhanh, khách hàng hài lòng với kết quả."", ""Phản hồi thắc mắc đầy đủ, hỗ trợ xuyên suốt quá trình đặt hàng."", ""Quá trình hỗ trợ diễn ra bình thường, đúng quy trình."", ""Một số thắc mắc phải liên hệ nhiều lần mới được giải quyết."", ""Khách hàng mong muốn nhân viên tư vấn chi tiết hơn.""]"
EMP0199,Đặng Minh Trang,Độc thân,Cao đẳng,2,"[""Giải quyết khiếu nại nhanh, khách hàng hài lòng với kết quả."", ""Khách hàng không có thêm phản hồi về chất lượng hỗ trợ."", ""Khách hàng đánh giá cao sự chủ động và trách nhiệm của bộ phận hỗ trợ."", ""Phản hồi thắc mắc đầy đủ, hỗ trợ xuyên suốt quá trình đặt hàng."", ""Chăm sóc khách hàng tốt, thời gian phản hồi ngắn."", ""Khách hàng đánh giá nhân viên hỗ trợ rất nhiệt tình, phản hồi nhanh và giải quyết vấn đề hiệu quả."", ""Tư vấn chi tiết, thái độ chuyên nghiệp và thân thiện."", ""Hỗ trợ nhanh chóng, tư vấn rõ ràng, khách hàng hài lòng với trải nghiệm."", ""Dịch vụ chăm sóc khách hàng chuyên nghiệp, thái độ thân thiện và lịch sự."", ""Quá trình hỗ trợ diễn ra bình thường, đúng quy trình."", ""Dịch vụ ổn định, nhân viên luôn sẵn sàng hỗ trợ khi cần."", ""Khách hàng đánh giá mức độ hài lòng ở mức khá."", ""Dịch vụ đáp ứng yêu cầu cơ bản, chưa phát sinh vấn đề đáng kể."", ""Khách hàng phản ánh thời gian phản hồi còn chậm nhưng vấn đề đã được xử lý."", ""Nhân viên giao tiếp tốt, xử lý yêu cầu đúng hẹn và tận tâm."", ""Cần cải thiện tốc độ hỗ trợ vào giờ cao điểm."", ""Khách hàng mong muốn nhân viên tư vấn chi tiết hơn."", ""Một số thắc mắc phải liên hệ nhiều lần mới được giải quyết.""]"
EMP0200,Huỳnh Văn Quân,Đã kết hôn,Đại học,4,"[""Khách hàng đánh giá nhân viên hỗ trợ rất nhiệt tình, phản hồi nhanh và giải quyết vấn đề hiệu quả."", ""Dịch vụ ổn định, nhân viên luôn sẵn sàng hỗ trợ khi cần."", ""Chăm sóc khách hàng tốt, thời gian phản hồi ngắn."", ""Khách hàng mong muốn nhân viên tư vấn chi tiết hơn."", ""Phản hồi thắc mắc đầy đủ, hỗ trợ xuyên suốt quá trình đặt hàng."", ""Khách hàng đánh giá mức độ hài lòng ở mức khá."", ""Nhân viên giao tiếp tốt, xử lý yêu cầu đúng hẹn và tận tâm."", ""Khách hàng đánh giá cao sự chủ động và trách nhiệm của bộ phận hỗ trợ."", ""Khách hàng không có thêm phản hồi về chất lượng hỗ trợ."", ""Tư vấn chi tiết, thái độ chuyên nghiệp và thân thiện."", ""Quá trình hỗ trợ diễn ra bình thường, đúng quy trình."", ""Giải quyết khiếu nại nhanh, khách hàng hài lòng với kết quả."", ""Dịch vụ chăm sóc khách hàng chuyên nghiệp, thái độ thân thiện và lịch sự."", ""Cần cải thiện tốc độ hỗ trợ vào giờ cao điểm."", ""Hỗ trợ nhanh chóng, tư vấn rõ ràng, khách hàng hài lòng với trải nghiệm."", ""Khách hàng phản ánh thời gian phản hồi còn chậm nhưng vấn đề đã được xử lý."", ""Dịch vụ đáp ứng yêu cầu cơ bản, chưa phát sinh vấn đề đáng kể."", ""Một số thắc mắc phải liên hệ nhiều lần mới được giải quyết.""]"
